Order_ID,Customer_Name,Date,Product,Category,Price,Quantity,Total,Country,Price_New,Quantity_New,Customer_Name_New,Total_New,Date_New
1000,Ali Khan,07/01/2024,Mouse,Electronics, ,,,Pakistan,507.98,1,Ali Khan,507.98,07/01/2024
1001,Usman Ali,29/01/2024,Phone,Electronics,,3,,Pakistan,507.98,3,Usman Ali,1523.94,29/01/2024
1003,Ayesha Noor,24/01/2024,Keyboard,Electronics,,4,,Pakistan,507.98,4,Ayesha Noor,2031.92,24/01/2024
1005,Sara Ahmed,12/01/2024,Phone,Electronics, ,,,Pakistan,507.98,1,Sara Ahmed,507.98,12/01/2024
1006,Ahmed Raza,12/01/2024,Table,Furniture, ,,,Pakistan,507.98,1,Ahmed Raza,507.98,12/01/2024
1007,Ali Khan,28/01/2024,Laptop,Electronics,379.03,-1,,Pakistan,379.03,1,Ali Khan,379.03,28/01/2024
1008,Ayesha Noor,15/01/2024,Keyboard,Electronics, ,,,Pakistan,507.98,1,Ayesha Noor,507.98,15/01/2024
1010,Ali Khan,09/01/2024,Phone,Electronics,,1,,Pakistan,507.98,1,Ali Khan,507.98,09/01/2024
1011,Ayesha Noor,28/01/2024,Chair,Furniture,,,,Pakistan,507.98,1,Ayesha Noor,507.98,28/01/2024
1013,Ahmed Raza,07/01/2024,Monitor,Electronics, ,3,,Pakistan,507.98,3,Ahmed Raza,1523.94,07/01/2024
1014,,04/01/2024,Mouse,Electronics,198.59,-1,,Pakistan,198.59,1,Unknown,198.59,04/01/2024
1016,Bilal Ahmed,29/01/2024,Mouse,Electronics,,,,Pakistan,507.98,1,Bilal Ahmed,507.98,29/01/2024
1017,Ayesha Noor,30/01/2024,Headphones,Electronics,,4,,Pakistan,507.98,4,Ayesha Noor,2031.92,30/01/2024
1018,Sara Ahmed,14/01/2024,Phone,Electronics,,-1,,Pakistan,507.98,1,Sara Ahmed,507.98,14/01/2024
1019,Hina Khan,21/01/2024,Table,Furniture, ,,,Pakistan,507.98,1,Hina Khan,507.98,21/01/2024
1021,Usman Ali,28/01/2024,Mouse,Electronics,158.11,,,Pakistan,158.11,1,Usman Ali,158.11,28/01/2024
1022,Ayesha Noor,01/01/2024,Laptop,Electronics,,,,Pakistan,507.98,1,Ayesha Noor,507.98,01/01/2024
1023,,12/01/2024,Keyboard,Electronics, ,3,,Pakistan,507.98,3,Unknown,1523.94,12/01/2024
1024,Sara Ahmed,17/01/2024,Table,Furniture, ,1,,Pakistan,507.98,1,Sara Ahmed,507.98,17/01/2024
1026,Ayesha Noor,07/01/2024,Phone,Electronics,,,,Pakistan,507.98,1,Ayesha Noor,507.98,07/01/2024
1028,Sara Ahmed,03/01/2024,Table,Furniture, ,-1,,Pakistan,507.98,1,Sara Ahmed,507.98,03/01/2024
1029,Ayesha Noor,03/01/2024,Phone,Electronics,137.20,,,Pakistan,137.20,1,Ayesha Noor,137.2,03/01/2024
1030,Sara Ahmed,05/01/2024,Mouse,Electronics,,3,,Pakistan,507.98,3,Sara Ahmed,1523.94,05/01/2024
1032,Bilal Ahmed,26/01/2024,Chair,Furniture,,-1,,Pakistan,507.98,1,Bilal Ahmed,507.98,26/01/2024
1033,,17/01/2024,Phone,Electronics, ,-1,,Pakistan,507.98,1,Unknown,507.98,17/01/2024
1034,Bilal Ahmed,23/01/2024,Phone,Electronics,612.33,-1,,Pakistan,612.33,1,Bilal Ahmed,612.33,23/01/2024
1035,Ali Khan,04/01/2024,Monitor,Electronics,,3,,Pakistan,507.98,3,Ali Khan,1523.94,04/01/2024
1036,Ayesha Noor,27/01/2024,Table,Furniture,,,,Pakistan,507.98,1,Ayesha Noor,507.98,27/01/2024
1037,,30/01/2024,Monitor,Electronics,123.38,4,493.52,Pakistan,123.38,4,Unknown,493.52,30/01/2024
1038,Ali Khan,12/01/2024,Monitor,Electronics,,,,Pakistan,507.98,1,Ali Khan,,12/01/2024
1039,Ali Khan,23/01/2024,Monitor,Electronics, ,,,Pakistan,507.98,1,Ali Khan,,23/01/2024
1040,Usman Ali,01/01/2024,Laptop,Electronics,,,,Pakistan,507.98,1,Usman Ali,,01/01/2024
1042,Sara Ahmed,27/01/2024,Keyboard,Electronics,429.06,,,Pakistan,429.06,1,Sara Ahmed,,27/01/2024
1044,Ali Khan,24/01/2024,Monitor,Electronics, ,,,Pakistan,507.98,1,Ali Khan,,24/01/2024
1046,Sara Ahmed,07/01/2024,Keyboard,Electronics,,1,,Pakistan,507.98,1,Sara Ahmed,,07/01/2024
1047,Usman Ali,27/01/2024,Table,Furniture, ,,,Pakistan,507.98,1,Usman Ali,,27/01/2024
1048,Bilal Ahmed,22/01/2024,Headphones,Electronics,293.07,-1,,Pakistan,293.07,1,Bilal Ahmed,,22/01/2024
1049,Ayesha Noor,30/01/2024,Mouse,Electronics, ,,,Pakistan,507.98,1,Ayesha Noor,,30/01/2024
1051,Usman Ali,24/01/2024,Phone,Electronics,,,,Pakistan,507.98,1,Usman Ali,,24/01/2024
1052,,02/01/2024,Headphones,Electronics, ,3,,Pakistan,507.98,3,Unknown,,02/01/2024
1053,Hina Khan,16/01/2024,Headphones,Electronics,167.70,3,503.1,Pakistan,167.70,3,Hina Khan,503.1,16/01/2024
1055,Ahmed Raza,04/01/2024,Laptop,Electronics, ,-1,,Pakistan,507.98,1,Ahmed Raza,,04/01/2024
1056,Ahmed Raza,19/01/2024,Headphones,Electronics,,1,,Pakistan,507.98,1,Ahmed Raza,,19/01/2024
1057,Usman Ali,08/01/2024,Chair,Furniture, ,,,Pakistan,507.98,1,Usman Ali,,08/01/2024
1058,Ali Khan,28/01/2024,Laptop,Electronics, ,-1,,Pakistan,507.98,1,Ali Khan,,28/01/2024
1059,Ahmed Raza,10/01/2024,Laptop,Electronics, ,-1,,Pakistan,507.98,1,Ahmed Raza,,10/01/2024
1064,Bilal Ahmed,01/01/2024,Phone,Electronics, ,-1,,Pakistan,507.98,1,Bilal Ahmed,,01/01/2024
1066,Hina Khan,16/01/2024,Mouse,Electronics,,,,Pakistan,507.98,1,Hina Khan,,16/01/2024
1067,Ali Khan,29/01/2024,Table,Furniture,177.59,-1,,Pakistan,177.59,1,Ali Khan,,29/01/2024
1068,Ali Khan,03/01/2024,Phone,Electronics, ,1,,Pakistan,507.98,1,Ali Khan,,03/01/2024
1069,Bilal Ahmed,04/01/2024,Monitor,Electronics,252.50,1,252.5,Pakistan,252.50,1,Bilal Ahmed,252.5,04/01/2024
1070,Bilal Ahmed,20/01/2024,Table,Furniture, ,,,Pakistan,507.98,1,Bilal Ahmed,,20/01/2024
1075,Bilal Ahmed,01/01/2024,Headphones,Electronics, ,-1,,Pakistan,507.98,1,Bilal Ahmed,,01/01/2024
1079,Bilal Ahmed,17/01/2024,Monitor,Electronics,,-1,,Pakistan,507.98,1,Bilal Ahmed,,17/01/2024
1081,Ayesha Noor,23/01/2024,Table,Furniture, ,4,,Pakistan,507.98,4,Ayesha Noor,,23/01/2024
1082,Bilal Ahmed,25/01/2024,Laptop,Electronics, ,2,,Pakistan,507.98,2,Bilal Ahmed,,25/01/2024
1083,,08/01/2024,Chair,Furniture,,-1,,Pakistan,507.98,1,Unknown,,08/01/2024
1085,Usman Ali,10/01/2024,Headphones,Electronics,,-1,,Pakistan,507.98,1,Usman Ali,,10/01/2024
1086,Bilal Ahmed,11/01/2024,Keyboard,Electronics,372.30,,,Pakistan,372.30,1,Bilal Ahmed,,11/01/2024
1088,Ayesha Noor,28/01/2024,Keyboard,Electronics,521.12,,,Pakistan,521.12,1,Ayesha Noor,,28/01/2024
1089,,20/01/2024,Table,Furniture,656.96,4,2627.84,Pakistan,656.96,4,Unknown,2627.84,20/01/2024
1091,,02/01/2024,Phone,Electronics,112.10,-1,,Pakistan,112.10,1,Unknown,,02/01/2024
1092,Usman Ali,25/01/2024,Laptop,Electronics, ,-1,,Pakistan,507.98,1,Usman Ali,,25/01/2024
1093,Bilal Ahmed,22/01/2024,Headphones,Electronics, ,1,,Pakistan,507.98,1,Bilal Ahmed,,22/01/2024
1094,,06/01/2024,Keyboard,Electronics, ,3,,Pakistan,507.98,3,Unknown,,06/01/2024
1095,Usman Ali,05/01/2024,Keyboard,Electronics,831.31,4,3325.24,Pakistan,831.31,4,Usman Ali,3325.24,05/01/2024
1098,Usman Ali,16/01/2024,Chair,Furniture,976.34,4,3905.36,Pakistan,976.34,4,Usman Ali,3905.36,16/01/2024
1099,Ayesha Noor,19/01/2024,Table,Furniture,,-1,,Pakistan,507.98,1,Ayesha Noor,,19/01/2024
1100,Ahmed Raza,28/01/2024,Table,Furniture, ,-1,,Pakistan,507.98,1,Ahmed Raza,,28/01/2024
1102,,21/01/2024,Phone,Electronics,189.83,-1,,Pakistan,189.83,1,Unknown,,21/01/2024
1103,Ayesha Noor,30/01/2024,Chair,Furniture,112.00,,,Pakistan,112.00,1,Ayesha Noor,,30/01/2024
1104,Ali Khan,21/01/2024,Laptop,Electronics,645.51,1,645.51,Pakistan,645.51,1,Ali Khan,645.51,21/01/2024
1105,Usman Ali,05/01/2024,Chair,Furniture, ,-1,,Pakistan,507.98,1,Usman Ali,,05/01/2024
1107,Ayesha Noor,25/01/2024,Mouse,Electronics,109.96,-1,,Pakistan,109.96,1,Ayesha Noor,,25/01/2024
1108,Bilal Ahmed,14/01/2024,Table,Furniture, ,,,Pakistan,507.98,1,Bilal Ahmed,,14/01/2024
1109,Usman Ali,26/01/2024,Table,Furniture, ,,,Pakistan,507.98,1,Usman Ali,,26/01/2024
1111,Bilal Ahmed,23/01/2024,Headphones,Electronics, ,4,,Pakistan,507.98,4,Bilal Ahmed,,23/01/2024
1112,Ali Khan,02/01/2024,Headphones,Electronics, ,-1,,Pakistan,507.98,1,Ali Khan,,02/01/2024
1113,Bilal Ahmed,24/01/2024,Headphones,Electronics, ,-1,,Pakistan,507.98,1,Bilal Ahmed,,24/01/2024
1114,Ayesha Noor,23/01/2024,Table,Furniture, ,,,Pakistan,507.98,1,Ayesha Noor,,23/01/2024
1115,Sara Ahmed,24/01/2024,Mouse,Electronics,683.62,,,Pakistan,683.62,1,Sara Ahmed,,24/01/2024
1117,Ayesha Noor,03/01/2024,Headphones,Electronics,,-1,,Pakistan,507.98,1,Ayesha Noor,,03/01/2024
1118,Bilal Ahmed,10/01/2024,Table,Furniture,,4,,Pakistan,507.98,4,Bilal Ahmed,,10/01/2024
1119,Usman Ali,14/01/2024,Table,Furniture,112.55,3,337.65,Pakistan,112.55,3,Usman Ali,337.65,14/01/2024
1121,Sara Ahmed,26/01/2024,Monitor,Electronics,,-1,,Pakistan,507.98,1,Sara Ahmed,,26/01/2024
1122,Sara Ahmed,07/01/2024,Headphones,Electronics,702.80,,,Pakistan,702.80,1,Sara Ahmed,,07/01/2024
1123,Usman Ali,29/01/2024,Chair,Furniture,740.37,,,Pakistan,740.37,1,Usman Ali,,29/01/2024
1124,Ali Khan,25/01/2024,Phone,Electronics,,-1,,Pakistan,507.98,1,Ali Khan,,25/01/2024
1126,Ayesha Noor,07/01/2024,Mouse,Electronics, ,,,Pakistan,507.98,1,Ayesha Noor,,07/01/2024
1127,Usman Ali,05/01/2024,Keyboard,Electronics,440.41,1,440.41,Pakistan,440.41,1,Usman Ali,440.41,05/01/2024
1128,Sara Ahmed,03/01/2024,Monitor,Electronics,,1,,Pakistan,507.98,1,Sara Ahmed,,03/01/2024
1129,Usman Ali,30/01/2024,Phone,Electronics, ,-1,,Pakistan,507.98,1,Usman Ali,,30/01/2024
1130,Usman Ali,13/01/2024,Keyboard,Electronics, ,-1,,Pakistan,507.98,1,Usman Ali,,13/01/2024
1131,Ahmed Raza,09/01/2024,Monitor,Electronics,109.46,,,Pakistan,109.46,1,Ahmed Raza,,09/01/2024
1133,Ayesha Noor,16/01/2024,Keyboard,Electronics,,,,Pakistan,507.98,1,Ayesha Noor,,16/01/2024
1134,Hina Khan,21/01/2024,Chair,Furniture,757.33,3,2271.99,Pakistan,757.33,3,Hina Khan,2271.99,21/01/2024
1135,Bilal Ahmed,07/01/2024,Chair,Furniture,,2,,Pakistan,507.98,2,Bilal Ahmed,,07/01/2024
1136,Hina Khan,26/01/2024,Chair,Furniture, ,,,Pakistan,507.98,1,Hina Khan,,26/01/2024
1137,Bilal Ahmed,03/01/2024,Keyboard,Electronics,,-1,,Pakistan,507.98,1,Bilal Ahmed,,03/01/2024
1138,Hina Khan,12/01/2024,Laptop,Electronics,,-1,,Pakistan,507.98,1,Hina Khan,,12/01/2024
1139,,06/01/2024,Headphones,Electronics,,,,Pakistan,507.98,1,Unknown,,06/01/2024
1140,Usman Ali,08/01/2024,Keyboard,Electronics, ,-1,,Pakistan,507.98,1,Usman Ali,,08/01/2024
1141,Sara Ahmed,29/01/2024,Headphones,Electronics, ,-1,,Pakistan,507.98,1,Sara Ahmed,,29/01/2024
1143,,17/01/2024,Table,Furniture,600.05,,,Pakistan,600.05,1,Unknown,,17/01/2024
1145,Ahmed Raza,27/01/2024,Laptop,Electronics,,3,,Pakistan,507.98,3,Ahmed Raza,,27/01/2024
1146,Ayesha Noor,03/01/2024,Monitor,Electronics,,4,,Pakistan,507.98,4,Ayesha Noor,,03/01/2024
1147,Bilal Ahmed,26/01/2024,Monitor,Electronics, ,-1,,Pakistan,507.98,1,Bilal Ahmed,,26/01/2024
1148,Ali Khan,09/01/2024,Table,Furniture,687.42,,,Pakistan,687.42,1,Ali Khan,,09/01/2024
1149,,28/01/2024,Phone,Electronics, ,,,Pakistan,507.98,1,Unknown,,28/01/2024
1150,Ayesha Noor,06/01/2024,Chair,Furniture,963.96,-1,,Pakistan,963.96,1,Ayesha Noor,,06/01/2024
1151,Bilal Ahmed,13/01/2024,Chair,Furniture,,-1,,Pakistan,507.98,1,Bilal Ahmed,,13/01/2024
1152,Hina Khan,21/01/2024,Keyboard,Electronics,,4,,Pakistan,507.98,4,Hina Khan,,21/01/2024
1153,Usman Ali,20/01/2024,Monitor,Electronics,,,,Pakistan,507.98,1,Usman Ali,,20/01/2024
1154,Bilal Ahmed,14/01/2024,Phone,Electronics,,,,Pakistan,507.98,1,Bilal Ahmed,,14/01/2024
1155,Bilal Ahmed,22/01/2024,Table,Furniture,396.52,3,1189.56,Pakistan,396.52,3,Bilal Ahmed,1189.56,22/01/2024
1156,Ayesha Noor,11/01/2024,Mouse,Electronics,,-1,,Pakistan,507.98,1,Ayesha Noor,,11/01/2024
1157,Bilal Ahmed,06/01/2024,Laptop,Electronics, ,1,,Pakistan,507.98,1,Bilal Ahmed,,06/01/2024
1161,,21/01/2024,Monitor,Electronics, ,,,Pakistan,507.98,1,Unknown,,21/01/2024
1163,Ahmed Raza,06/01/2024,Headphones,Electronics, ,3,,Pakistan,507.98,3,Ahmed Raza,,06/01/2024
1164,Bilal Ahmed,10/01/2024,Table,Furniture, ,,,Pakistan,507.98,1,Bilal Ahmed,,10/01/2024
1165,Ali Khan,27/01/2024,Mouse,Electronics, ,-1,,Pakistan,507.98,1,Ali Khan,,27/01/2024
1166,,18/01/2024,Laptop,Electronics, ,,,Pakistan,507.98,1,Unknown,,18/01/2024
1168,Ayesha Noor,27/01/2024,Table,Furniture, ,2,,Pakistan,507.98,2,Ayesha Noor,,27/01/2024
1169,Hina Khan,09/01/2024,Laptop,Electronics, ,-1,,Pakistan,507.98,1,Hina Khan,,09/01/2024
1172,Ahmed Raza,10/01/2024,Table,Furniture, ,,,Pakistan,507.98,1,Ahmed Raza,,10/01/2024
1174,Bilal Ahmed,04/01/2024,Monitor,Electronics,,-1,,Pakistan,507.98,1,Bilal Ahmed,,04/01/2024
1175,Ahmed Raza,08/01/2024,Mouse,Electronics, ,2,,Pakistan,507.98,2,Ahmed Raza,,08/01/2024
1176,Bilal Ahmed,22/01/2024,Table,Furniture,834.74,-1,,Pakistan,834.74,1,Bilal Ahmed,,22/01/2024
1177,Ahmed Raza,12/01/2024,Keyboard,Electronics,968.61,-1,,Pakistan,968.61,1,Ahmed Raza,,12/01/2024
1178,Ayesha Noor,25/01/2024,Phone,Electronics,598.16,,,Pakistan,598.16,1,Ayesha Noor,,25/01/2024
1179,Ayesha Noor,15/01/2024,Headphones,Electronics, ,-1,,Pakistan,507.98,1,Ayesha Noor,,15/01/2024
1180,Usman Ali,19/01/2024,Monitor,Electronics,,,,Pakistan,507.98,1,Usman Ali,,19/01/2024
1182,Ali Khan,27/01/2024,Phone,Electronics,,2,,Pakistan,507.98,2,Ali Khan,,27/01/2024
1183,Sara Ahmed,06/01/2024,Headphones,Electronics,,-1,,Pakistan,507.98,1,Sara Ahmed,,06/01/2024
1184,Hina Khan,30/01/2024,Keyboard,Electronics,533.13,,,Pakistan,533.13,1,Hina Khan,,30/01/2024
1185,Ayesha Noor,29/01/2024,Table,Furniture, ,-1,,Pakistan,507.98,1,Ayesha Noor,,29/01/2024
1186,Ali Khan,10/01/2024,Chair,Furniture, ,1,,Pakistan,507.98,1,Ali Khan,,10/01/2024
1187,Ahmed Raza,02/01/2024,Chair,Furniture,,-1,,Pakistan,507.98,1,Ahmed Raza,,02/01/2024
1188,Ayesha Noor,11/01/2024,Keyboard,Electronics,,-1,,Pakistan,507.98,1,Ayesha Noor,,11/01/2024
1189,,23/01/2024,Chair,Furniture,593.07,,,Pakistan,593.07,1,Unknown,,23/01/2024
1190,Bilal Ahmed,08/01/2024,Headphones,Electronics,196.47,4,785.88,Pakistan,196.47,4,Bilal Ahmed,785.88,08/01/2024
1191,Bilal Ahmed,24/01/2024,Table,Furniture, ,,,Pakistan,507.98,1,Bilal Ahmed,,24/01/2024
1192,Usman Ali,18/01/2024,Table,Furniture,208.44,-1,,Pakistan,208.44,1,Usman Ali,,18/01/2024
1194,,06/01/2024,Monitor,Electronics, ,1,,Pakistan,507.98,1,Unknown,,06/01/2024
1195,Ali Khan,26/01/2024,Chair,Furniture,376.98,-1,,Pakistan,376.98,1,Ali Khan,,26/01/2024
1196,Bilal Ahmed,27/01/2024,Table,Furniture, ,,,Pakistan,507.98,1,Bilal Ahmed,,27/01/2024
1197,Ahmed Raza,22/01/2024,Laptop,Electronics,100.12,2,200.24,Pakistan,100.12,2,Ahmed Raza,200.24,22/01/2024
1198,,29/01/2024,Keyboard,Electronics,22.54,4,90.16,Pakistan,22.54,4,Unknown,90.16,29/01/2024
1199,Ayesha Noor,01/01/2024,Phone,Electronics,605.33,4,2421.32,Pakistan,605.33,4,Ayesha Noor,2421.32,01/01/2024
1200,Ali Khan,15/01/2024,Chair,Furniture,,,,Pakistan,507.98,1,Ali Khan,,15/01/2024
1201,Usman Ali,28/01/2024,Headphones,Electronics,,,,Pakistan,507.98,1,Usman Ali,,28/01/2024
1202,Bilal Ahmed,26/01/2024,Chair,Furniture,267.39,3,802.17,Pakistan,267.39,3,Bilal Ahmed,802.17,26/01/2024
1204,Usman Ali,28/01/2024,Mouse,Electronics,,-1,,Pakistan,507.98,1,Usman Ali,,28/01/2024
1206,Ali Khan,25/01/2024,Mouse,Electronics,,,,Pakistan,507.98,1,Ali Khan,,25/01/2024
1210,Ali Khan,02/01/2024,Keyboard,Electronics,,,,Pakistan,507.98,1,Ali Khan,,02/01/2024
1212,Ahmed Raza,26/01/2024,Laptop,Electronics, ,,,Pakistan,507.98,1,Ahmed Raza,,26/01/2024
1213,Ali Khan,06/01/2024,Phone,Electronics,,,,Pakistan,507.98,1,Ali Khan,,06/01/2024
1214,Ayesha Noor,06/01/2024,Chair,Furniture,261.04,,,Pakistan,261.04,1,Ayesha Noor,,06/01/2024
1215,Ali Khan,30/01/2024,Laptop,Electronics,,3,,Pakistan,507.98,3,Ali Khan,,30/01/2024
1217,Ali Khan,04/01/2024,Phone,Electronics,,,,Pakistan,507.98,1,Ali Khan,,04/01/2024
1218,Bilal Ahmed,20/01/2024,Chair,Furniture,,,,Pakistan,507.98,1,Bilal Ahmed,,20/01/2024
1220,Sara Ahmed,30/01/2024,Laptop,Electronics,724.09,3,2172.27,Pakistan,724.09,3,Sara Ahmed,2172.27,30/01/2024
1221,Ayesha Noor,19/01/2024,Mouse,Electronics,,1,,Pakistan,507.98,1,Ayesha Noor,,19/01/2024
1222,Ayesha Noor,22/01/2024,Mouse,Electronics,,,,Pakistan,507.98,1,Ayesha Noor,,22/01/2024
1225,Usman Ali,04/01/2024,Laptop,Electronics, ,-1,,Pakistan,507.98,1,Usman Ali,,04/01/2024
1226,Hina Khan,18/01/2024,Phone,Electronics,,2,,Pakistan,507.98,2,Hina Khan,,18/01/2024
1228,Ahmed Raza,01/01/2024,Phone,Electronics,765.02,,,Pakistan,765.02,1,Ahmed Raza,,01/01/2024
1229,Usman Ali,24/01/2024,Table,Furniture, ,-1,,Pakistan,507.98,1,Usman Ali,,24/01/2024
1230,Hina Khan,05/01/2024,Chair,Furniture,751.06,2,1502.12,Pakistan,751.06,2,Hina Khan,1502.12,05/01/2024
1231,Ahmed Raza,14/01/2024,Phone,Electronics,991.11,,,Pakistan,991.11,1,Ahmed Raza,,14/01/2024
1232,Ali Khan,03/01/2024,Mouse,Electronics,,-1,,Pakistan,507.98,1,Ali Khan,,03/01/2024
1233,Hina Khan,22/01/2024,Table,Furniture,156.98,1,156.98,Pakistan,156.98,1,Hina Khan,156.98,22/01/2024
1235,Hina Khan,05/01/2024,Table,Furniture, ,-1,,Pakistan,507.98,1,Hina Khan,,05/01/2024
1236,Hina Khan,30/01/2024,Chair,Furniture,879.66,,,Pakistan,879.66,1,Hina Khan,,30/01/2024
1237,Ayesha Noor,18/01/2024,Mouse,Electronics, ,,,Pakistan,507.98,1,Ayesha Noor,,18/01/2024
1239,Bilal Ahmed,15/01/2024,Keyboard,Electronics, ,-1,,Pakistan,507.98,1,Bilal Ahmed,,15/01/2024
1240,Hina Khan,02/01/2024,Chair,Furniture,85.29,4,341.16,Pakistan,85.29,4,Hina Khan,341.16,02/01/2024
1241,Bilal Ahmed,19/01/2024,Monitor,Electronics,442.90,-1,,Pakistan,442.90,1,Bilal Ahmed,,19/01/2024
1243,Usman Ali,15/01/2024,Chair,Furniture,,,,Pakistan,507.98,1,Usman Ali,,15/01/2024
1244,,04/01/2024,Mouse,Electronics,,,,Pakistan,507.98,1,Unknown,,04/01/2024
1245,Ahmed Raza,29/01/2024,Mouse,Electronics,,-1,,Pakistan,507.98,1,Ahmed Raza,,29/01/2024
1246,Hina Khan,04/01/2024,Phone,Electronics,719.78,1,719.78,Pakistan,719.78,1,Hina Khan,719.78,04/01/2024
1247,Ali Khan,10/01/2024,Monitor,Electronics,120.86,-1,,Pakistan,120.86,1,Ali Khan,,10/01/2024
1250,Hina Khan,04/01/2024,Headphones,Electronics,,-1,,Pakistan,507.98,1,Hina Khan,,04/01/2024
1251,Sara Ahmed,04/01/2024,Mouse,Electronics,551.87,-1,,Pakistan,551.87,1,Sara Ahmed,,04/01/2024
1252,Ayesha Noor,05/01/2024,Mouse,Electronics,,,,Pakistan,507.98,1,Ayesha Noor,,05/01/2024
1253,Usman Ali,08/01/2024,Chair,Furniture,,,,Pakistan,507.98,1,Usman Ali,,08/01/2024
1254,Ahmed Raza,14/01/2024,Chair,Furniture, ,,,Pakistan,507.98,1,Ahmed Raza,,14/01/2024
1255,Ahmed Raza,30/01/2024,Keyboard,Electronics, ,,,Pakistan,507.98,1,Ahmed Raza,,30/01/2024
1257,Sara Ahmed,16/01/2024,Table,Furniture,,4,,Pakistan,507.98,4,Sara Ahmed,,16/01/2024
1259,Hina Khan,22/01/2024,Keyboard,Electronics,,,,Pakistan,507.98,1,Hina Khan,,22/01/2024
1260,Sara Ahmed,22/01/2024,Monitor,Electronics,140.35,1,140.35,Pakistan,140.35,1,Sara Ahmed,140.35,22/01/2024
1261,Usman Ali,26/01/2024,Keyboard,Electronics,202.59,-1,,Pakistan,202.59,1,Usman Ali,,26/01/2024
1262,Usman Ali,01/01/2024,Keyboard,Electronics,,-1,,Pakistan,507.98,1,Usman Ali,,01/01/2024
1263,Ayesha Noor,15/01/2024,Chair,Furniture,,-1,,Pakistan,507.98,1,Ayesha Noor,,15/01/2024
1265,Hina Khan,25/01/2024,Headphones,Electronics,866.25,,,Pakistan,866.25,1,Hina Khan,,25/01/2024
1266,Hina Khan,02/01/2024,Table,Furniture,,,,Pakistan,507.98,1,Hina Khan,,02/01/2024
1267,Bilal Ahmed,27/01/2024,Mouse,Electronics, ,-1,,Pakistan,507.98,1,Bilal Ahmed,,27/01/2024
1269,Sara Ahmed,24/01/2024,Table,Furniture,375.15,3,1125.45,Pakistan,375.15,3,Sara Ahmed,1125.45,24/01/2024
1272,Sara Ahmed,22/01/2024,Chair,Furniture,103.64,-1,,Pakistan,103.64,1,Sara Ahmed,,22/01/2024
1273,Ali Khan,17/01/2024,Mouse,Electronics,603.48,-1,,Pakistan,603.48,1,Ali Khan,,17/01/2024
1276,Ayesha Noor,16/01/2024,Chair,Furniture, ,1,,Pakistan,507.98,1,Ayesha Noor,,16/01/2024
1277,Bilal Ahmed,14/01/2024,Chair,Furniture, ,-1,,Pakistan,507.98,1,Bilal Ahmed,,14/01/2024
1279,Ayesha Noor,04/01/2024,Mouse,Electronics,864.55,3,2593.65,Pakistan,864.55,3,Ayesha Noor,2593.65,04/01/2024
1282,,07/01/2024,Laptop,Electronics,,1,,Pakistan,507.98,1,Unknown,,07/01/2024
1283,Hina Khan,23/01/2024,Table,Furniture,,,,Pakistan,507.98,1,Hina Khan,,23/01/2024
1284,Sara Ahmed,29/01/2024,Phone,Electronics, ,-1,,Pakistan,507.98,1,Sara Ahmed,,29/01/2024
1285,Ahmed Raza,19/01/2024,Keyboard,Electronics, ,-1,,Pakistan,507.98,1,Ahmed Raza,,19/01/2024
1288,,22/01/2024,Mouse,Electronics,,4,,Pakistan,507.98,4,Unknown,,22/01/2024
1289,Ahmed Raza,07/01/2024,Monitor,Electronics,,3,,Pakistan,507.98,3,Ahmed Raza,,07/01/2024
1290,Usman Ali,16/01/2024,Headphones,Electronics, ,,,Pakistan,507.98,1,Usman Ali,,16/01/2024
1292,Ayesha Noor,05/01/2024,Phone,Electronics,274.23,,,Pakistan,274.23,1,Ayesha Noor,,05/01/2024
1294,Ali Khan,05/01/2024,Monitor,Electronics,,1,,Pakistan,507.98,1,Ali Khan,,05/01/2024
1298,Ali Khan,14/01/2024,Headphones,Electronics,704.87,1,704.87,Pakistan,704.87,1,Ali Khan,704.87,14/01/2024
1300,Hina Khan,26/01/2024,Mouse,Electronics,902.56,,,Pakistan,902.56,1,Hina Khan,,26/01/2024
1301,Hina Khan,23/01/2024,Table,Furniture,,4,,Pakistan,507.98,4,Hina Khan,,23/01/2024
1303,,25/01/2024,Keyboard,Electronics,,-1,,Pakistan,507.98,1,Unknown,,25/01/2024
1304,Sara Ahmed,23/01/2024,Keyboard,Electronics, ,3,,Pakistan,507.98,3,Sara Ahmed,,23/01/2024
1305,Ali Khan,25/01/2024,Monitor,Electronics,605.46,-1,,Pakistan,605.46,1,Ali Khan,,25/01/2024
1306,Bilal Ahmed,21/01/2024,Laptop,Electronics,191.86,-1,,Pakistan,191.86,1,Bilal Ahmed,,21/01/2024
1307,Usman Ali,17/01/2024,Laptop,Electronics,395.48,-1,,Pakistan,395.48,1,Usman Ali,,17/01/2024
1308,Ali Khan,28/01/2024,Laptop,Electronics,,,,Pakistan,507.98,1,Ali Khan,,28/01/2024
1309,Ahmed Raza,04/01/2024,Monitor,Electronics,,,,Pakistan,507.98,1,Ahmed Raza,,04/01/2024
1310,Bilal Ahmed,21/01/2024,Chair,Furniture,,4,,Pakistan,507.98,4,Bilal Ahmed,,21/01/2024
1311,Ali Khan,17/01/2024,Mouse,Electronics,,,,Pakistan,507.98,1,Ali Khan,,17/01/2024
1312,Hina Khan,23/01/2024,Laptop,Electronics,,2,,Pakistan,507.98,2,Hina Khan,,23/01/2024
1313,Ali Khan,01/01/2024,Keyboard,Electronics,,3,,Pakistan,507.98,3,Ali Khan,,01/01/2024
1315,Sara Ahmed,13/01/2024,Chair,Furniture,171.58,1,171.58,Pakistan,171.58,1,Sara Ahmed,171.58,13/01/2024
1316,,21/01/2024,Table,Furniture, ,-1,,Pakistan,507.98,1,Unknown,,21/01/2024
1317,Ayesha Noor,17/01/2024,Monitor,Electronics,,-1,,Pakistan,507.98,1,Ayesha Noor,,17/01/2024
1318,Sara Ahmed,07/01/2024,Chair,Furniture,94.41,-1,,Pakistan,94.41,1,Sara Ahmed,,07/01/2024
1320,Hina Khan,19/01/2024,Laptop,Electronics, ,3,,Pakistan,507.98,3,Hina Khan,,19/01/2024
1321,Bilal Ahmed,17/01/2024,Table,Furniture,,1,,Pakistan,507.98,1,Bilal Ahmed,,17/01/2024
1322,Hina Khan,23/01/2024,Keyboard,Electronics,,,,Pakistan,507.98,1,Hina Khan,,23/01/2024
1323,Bilal Ahmed,24/01/2024,Phone,Electronics,646.17,,,Pakistan,646.17,1,Bilal Ahmed,,24/01/2024
1326,Ahmed Raza,26/01/2024,Phone,Electronics, ,,,Pakistan,507.98,1,Ahmed Raza,,26/01/2024
1327,Bilal Ahmed,10/01/2024,Headphones,Electronics,,-1,,Pakistan,507.98,1,Bilal Ahmed,,10/01/2024
1328,Bilal Ahmed,26/01/2024,Table,Furniture,,-1,,Pakistan,507.98,1,Bilal Ahmed,,26/01/2024
1330,Bilal Ahmed,23/01/2024,Headphones,Electronics,,,,Pakistan,507.98,1,Bilal Ahmed,,23/01/2024
1332,Usman Ali,10/01/2024,Laptop,Electronics,657.16,4,2628.64,Pakistan,657.16,4,Usman Ali,2628.64,10/01/2024
1336,Ali Khan,25/01/2024,Keyboard,Electronics,,1,,Pakistan,507.98,1,Ali Khan,,25/01/2024
1337,Ayesha Noor,13/01/2024,Chair,Furniture,879.13,-1,,Pakistan,879.13,1,Ayesha Noor,,13/01/2024
1338,Ayesha Noor,03/01/2024,Table,Furniture,,-1,,Pakistan,507.98,1,Ayesha Noor,,03/01/2024
1339,,13/01/2024,Phone,Electronics,396.28,-1,,Pakistan,396.28,1,Unknown,,13/01/2024
1340,Ahmed Raza,07/01/2024,Chair,Furniture,,,,Pakistan,507.98,1,Ahmed Raza,,07/01/2024
1342,Ahmed Raza,16/01/2024,Chair,Furniture, ,-1,,Pakistan,507.98,1,Ahmed Raza,,16/01/2024
1343,Sara Ahmed,30/01/2024,Table,Furniture,,,,Pakistan,507.98,1,Sara Ahmed,,30/01/2024
1344,Bilal Ahmed,30/01/2024,Monitor,Electronics,23.28,-1,,Pakistan,23.28,1,Bilal Ahmed,,30/01/2024
1345,Hina Khan,14/01/2024,Monitor,Electronics,855.77,-1,,Pakistan,855.77,1,Hina Khan,,14/01/2024
1348,Ali Khan,24/01/2024,Mouse,Electronics, ,,,Pakistan,507.98,1,Ali Khan,,24/01/2024
1349,Ahmed Raza,05/01/2024,Headphones,Electronics,,3,,Pakistan,507.98,3,Ahmed Raza,,05/01/2024
1350,Ali Khan,14/01/2024,Mouse,Electronics, ,,,Pakistan,507.98,1,Ali Khan,,14/01/2024
1351,Usman Ali,25/01/2024,Headphones,Electronics,991.35,-1,,Pakistan,991.35,1,Usman Ali,,25/01/2024
1352,Usman Ali,20/01/2024,Phone,Electronics,656.65,1,656.65,Pakistan,656.65,1,Usman Ali,656.65,20/01/2024
1353,Ahmed Raza,14/01/2024,Headphones,Electronics, ,,,Pakistan,507.98,1,Ahmed Raza,,14/01/2024
1354,Ali Khan,26/01/2024,Headphones,Electronics,202.71,3,608.13,Pakistan,202.71,3,Ali Khan,608.13,26/01/2024
1356,Ahmed Raza,17/01/2024,Phone,Electronics, ,-1,,Pakistan,507.98,1,Ahmed Raza,,17/01/2024
1358,Bilal Ahmed,18/01/2024,Headphones,Electronics,,-1,,Pakistan,507.98,1,Bilal Ahmed,,18/01/2024
1360,Ayesha Noor,09/01/2024,Table,Furniture,,,,Pakistan,507.98,1,Ayesha Noor,,09/01/2024
1361,,24/01/2024,Laptop,Electronics,280.29,,,Pakistan,280.29,1,Unknown,,24/01/2024
1362,Sara Ahmed,03/01/2024,Chair,Furniture,956.54,4,3826.16,Pakistan,956.54,4,Sara Ahmed,3826.16,03/01/2024
1364,Ayesha Noor,27/01/2024,Chair,Furniture, ,-1,,Pakistan,507.98,1,Ayesha Noor,,27/01/2024
1365,Hina Khan,08/01/2024,Monitor,Electronics,728.95,,,Pakistan,728.95,1,Hina Khan,,08/01/2024
1366,Bilal Ahmed,18/01/2024,Laptop,Electronics, ,,,Pakistan,507.98,1,Bilal Ahmed,,18/01/2024
1367,Usman Ali,28/01/2024,Chair,Furniture, ,,,Pakistan,507.98,1,Usman Ali,,28/01/2024
1368,Ayesha Noor,30/01/2024,Keyboard,Electronics,,-1,,Pakistan,507.98,1,Ayesha Noor,,30/01/2024
1369,Ahmed Raza,24/01/2024,Phone,Electronics,552.90,-1,,Pakistan,552.90,1,Ahmed Raza,,24/01/2024
1371,Bilal Ahmed,01/01/2024,Headphones,Electronics,174.19,-1,,Pakistan,174.19,1,Bilal Ahmed,,01/01/2024
1372,Ali Khan,11/01/2024,Headphones,Electronics,253.92,-1,,Pakistan,253.92,1,Ali Khan,,11/01/2024
1373,Hina Khan,27/01/2024,Table,Furniture,757.66,,,Pakistan,757.66,1,Hina Khan,,27/01/2024
1374,Sara Ahmed,11/01/2024,Laptop,Electronics,874.41,3,2623.23,Pakistan,874.41,3,Sara Ahmed,2623.23,11/01/2024
1376,Usman Ali,07/01/2024,Laptop,Electronics, ,-1,,Pakistan,507.98,1,Usman Ali,,07/01/2024
1377,Sara Ahmed,29/01/2024,Keyboard,Electronics, ,,,Pakistan,507.98,1,Sara Ahmed,,29/01/2024
1378,Ali Khan,27/01/2024,Mouse,Electronics, ,,,Pakistan,507.98,1,Ali Khan,,27/01/2024
1379,Usman Ali,08/01/2024,Mouse,Electronics,,,,Pakistan,507.98,1,Usman Ali,,08/01/2024
1380,,03/01/2024,Phone,Electronics,,,,Pakistan,507.98,1,Unknown,,03/01/2024
1382,Bilal Ahmed,30/01/2024,Headphones,Electronics, ,4,,Pakistan,507.98,4,Bilal Ahmed,,30/01/2024
1383,Ahmed Raza,04/01/2024,Phone,Electronics,,4,,Pakistan,507.98,4,Ahmed Raza,,04/01/2024
1385,Hina Khan,22/01/2024,Monitor,Electronics,93.20,2,186.4,Pakistan,93.20,2,Hina Khan,186.4,22/01/2024
1387,Usman Ali,20/01/2024,Table,Furniture,763.10,,,Pakistan,763.10,1,Usman Ali,,20/01/2024
1390,Bilal Ahmed,02/01/2024,Table,Furniture, ,,,Pakistan,507.98,1,Bilal Ahmed,,02/01/2024
1391,Ayesha Noor,07/01/2024,Headphones,Electronics, ,,,Pakistan,507.98,1,Ayesha Noor,,07/01/2024
1392,Ali Khan,20/01/2024,Keyboard,Electronics,843.15,-1,,Pakistan,843.15,1,Ali Khan,,20/01/2024
1393,Ali Khan,20/01/2024,Table,Furniture, ,,,Pakistan,507.98,1,Ali Khan,,20/01/2024
1394,Ali Khan,30/01/2024,Keyboard,Electronics, ,-1,,Pakistan,507.98,1,Ali Khan,,30/01/2024
1395,Ali Khan,21/01/2024,Mouse,Electronics,,4,,Pakistan,507.98,4,Ali Khan,,21/01/2024
1397,Ahmed Raza,01/01/2024,Chair,Furniture,,,,Pakistan,507.98,1,Ahmed Raza,,01/01/2024
1398,Sara Ahmed,03/01/2024,Keyboard,Electronics, ,-1,,Pakistan,507.98,1,Sara Ahmed,,03/01/2024
1399,Ahmed Raza,18/01/2024,Laptop,Electronics,483.75,,,Pakistan,483.75,1,Ahmed Raza,,18/01/2024
1401,Ahmed Raza,27/01/2024,Mouse,Electronics, ,,,Pakistan,507.98,1,Ahmed Raza,,27/01/2024
1402,Usman Ali,07/01/2024,Monitor,Electronics, ,,,Pakistan,507.98,1,Usman Ali,,07/01/2024
1404,Ahmed Raza,30/01/2024,Mouse,Electronics,,-1,,Pakistan,507.98,1,Ahmed Raza,,30/01/2024
1406,,16/01/2024,Chair,Furniture, ,-1,,Pakistan,507.98,1,Unknown,,16/01/2024
1408,Sara Ahmed,08/01/2024,Laptop,Electronics,475.31,-1,,Pakistan,475.31,1,Sara Ahmed,,08/01/2024
1409,Bilal Ahmed,15/01/2024,Chair,Furniture,608.02,4,2432.08,Pakistan,608.02,4,Bilal Ahmed,2432.08,15/01/2024
1411,Ayesha Noor,11/01/2024,Table,Furniture,490.90,,,Pakistan,490.90,1,Ayesha Noor,,11/01/2024
1413,Hina Khan,22/01/2024,Table,Furniture,625.79,4,2503.16,Pakistan,625.79,4,Hina Khan,2503.16,22/01/2024
1415,Ali Khan,02/01/2024,Phone,Electronics,106.11,1,106.11,Pakistan,106.11,1,Ali Khan,106.11,02/01/2024
1416,Ali Khan,01/01/2024,Keyboard,Electronics,,2,,Pakistan,507.98,2,Ali Khan,,01/01/2024
1417,Hina Khan,06/01/2024,Chair,Furniture, ,2,,Pakistan,507.98,2,Hina Khan,,06/01/2024
1418,Usman Ali,18/01/2024,Keyboard,Electronics, ,,,Pakistan,507.98,1,Usman Ali,,18/01/2024
1419,Sara Ahmed,17/01/2024,Phone,Electronics, ,,,Pakistan,507.98,1,Sara Ahmed,,17/01/2024
1420,Usman Ali,27/01/2024,Headphones,Electronics, ,-1,,Pakistan,507.98,1,Usman Ali,,27/01/2024
1421,Bilal Ahmed,09/01/2024,Monitor,Electronics, ,2,,Pakistan,507.98,2,Bilal Ahmed,,09/01/2024
1422,,30/01/2024,Mouse,Electronics, ,-1,,Pakistan,507.98,1,Unknown,,30/01/2024
1425,Ahmed Raza,09/01/2024,Headphones,Electronics,,2,,Pakistan,507.98,2,Ahmed Raza,,09/01/2024
1426,Usman Ali,12/01/2024,Phone,Electronics,657.29,,,Pakistan,657.29,1,Usman Ali,,12/01/2024
1428,Bilal Ahmed,13/01/2024,Headphones,Electronics,874.40,-1,,Pakistan,874.40,1,Bilal Ahmed,,13/01/2024
1430,Bilal Ahmed,05/01/2024,Mouse,Electronics,996.41,-1,,Pakistan,996.41,1,Bilal Ahmed,,05/01/2024
1432,Ahmed Raza,22/01/2024,Chair,Furniture,,-1,,Pakistan,507.98,1,Ahmed Raza,,22/01/2024
1433,Usman Ali,07/01/2024,Phone,Electronics,,3,,Pakistan,507.98,3,Usman Ali,,07/01/2024
1434,Bilal Ahmed,26/01/2024,Chair,Furniture,436.98,4,1747.92,Pakistan,436.98,4,Bilal Ahmed,1747.92,26/01/2024
1436,,17/01/2024,Laptop,Electronics,,-1,,Pakistan,507.98,1,Unknown,,17/01/2024
1439,Sara Ahmed,19/01/2024,Headphones,Electronics,,,,Pakistan,507.98,1,Sara Ahmed,,19/01/2024
1441,Ahmed Raza,01/01/2024,Monitor,Electronics,721.51,,,Pakistan,721.51,1,Ahmed Raza,,01/01/2024
1443,Ali Khan,05/01/2024,Laptop,Electronics, ,1,,Pakistan,507.98,1,Ali Khan,,05/01/2024
1444,Ayesha Noor,30/01/2024,Table,Furniture, ,-1,,Pakistan,507.98,1,Ayesha Noor,,30/01/2024
1445,Bilal Ahmed,24/01/2024,Keyboard,Electronics, ,,,Pakistan,507.98,1,Bilal Ahmed,,24/01/2024
1446,Sara Ahmed,07/01/2024,Mouse,Electronics,,1,,Pakistan,507.98,1,Sara Ahmed,,07/01/2024
1447,Usman Ali,02/01/2024,Mouse,Electronics,,-1,,Pakistan,507.98,1,Usman Ali,,02/01/2024
1448,Ayesha Noor,12/01/2024,Phone,Electronics,,-1,,Pakistan,507.98,1,Ayesha Noor,,12/01/2024
1449,Usman Ali,15/01/2024,Phone,Electronics,886.04,-1,,Pakistan,886.04,1,Usman Ali,,15/01/2024
1450,Ayesha Noor,14/01/2024,Laptop,Electronics,,,,Pakistan,507.98,1,Ayesha Noor,,14/01/2024
1451,,01/01/2024,Mouse,Electronics,,,,Pakistan,507.98,1,Unknown,,01/01/2024
1452,Sara Ahmed,12/01/2024,Keyboard,Electronics,,-1,,Pakistan,507.98,1,Sara Ahmed,,12/01/2024
1453,Usman Ali,20/01/2024,Keyboard,Electronics,613.43,3,1840.29,Pakistan,613.43,3,Usman Ali,1840.29,20/01/2024
1454,Sara Ahmed,05/01/2024,Keyboard,Electronics,,-1,,Pakistan,507.98,1,Sara Ahmed,,05/01/2024
1455,,24/01/2024,Headphones,Electronics, ,-1,,Pakistan,507.98,1,Unknown,,24/01/2024
1456,Ali Khan,29/01/2024,Chair,Furniture, ,-1,,Pakistan,507.98,1,Ali Khan,,29/01/2024
1458,Ali Khan,23/01/2024,Table,Furniture,463.16,1,463.16,Pakistan,463.16,1,Ali Khan,463.16,23/01/2024
1459,Bilal Ahmed,05/01/2024,Table,Furniture,,-1,,Pakistan,507.98,1,Bilal Ahmed,,05/01/2024
1462,Usman Ali,25/01/2024,Chair,Furniture, ,3,,Pakistan,507.98,3,Usman Ali,,25/01/2024
1463,,18/01/2024,Table,Furniture, ,4,,Pakistan,507.98,4,Unknown,,18/01/2024
1464,Ahmed Raza,30/01/2024,Mouse,Electronics,160.67,-1,,Pakistan,160.67,1,Ahmed Raza,,30/01/2024
1465,Ahmed Raza,10/01/2024,Keyboard,Electronics,,1,,Pakistan,507.98,1,Ahmed Raza,,10/01/2024
1466,Hina Khan,01/01/2024,Keyboard,Electronics, ,-1,,Pakistan,507.98,1,Hina Khan,,01/01/2024
1467,Ayesha Noor,05/01/2024,Chair,Furniture, ,-1,,Pakistan,507.98,1,Ayesha Noor,,05/01/2024
1468,Sara Ahmed,23/01/2024,Monitor,Electronics,,2,,Pakistan,507.98,2,Sara Ahmed,,23/01/2024
1469,,17/01/2024,Phone,Electronics,834.26,-1,,Pakistan,834.26,1,Unknown,,17/01/2024
1470,Sara Ahmed,17/01/2024,Laptop,Electronics,130.85,,,Pakistan,130.85,1,Sara Ahmed,,17/01/2024
1471,Usman Ali,14/01/2024,Headphones,Electronics,608.60,3,1825.8,Pakistan,608.60,3,Usman Ali,1825.8,14/01/2024
1474,Ayesha Noor,06/01/2024,Laptop,Electronics, ,-1,,Pakistan,507.98,1,Ayesha Noor,,06/01/2024
1475,Usman Ali,21/01/2024,Monitor,Electronics, ,-1,,Pakistan,507.98,1,Usman Ali,,21/01/2024
1476,Usman Ali,02/01/2024,Headphones,Electronics,416.06,2,832.12,Pakistan,416.06,2,Usman Ali,832.12,02/01/2024
1477,,19/01/2024,Laptop,Electronics, ,,,Pakistan,507.98,1,Unknown,,19/01/2024
1479,Hina Khan,24/01/2024,Phone,Electronics,553.60,,,Pakistan,553.60,1,Hina Khan,,24/01/2024
1480,Ayesha Noor,15/01/2024,Phone,Electronics,,,,Pakistan,507.98,1,Ayesha Noor,,15/01/2024
1481,,21/01/2024,Laptop,Electronics,400.79,,,Pakistan,400.79,1,Unknown,,21/01/2024
1482,Bilal Ahmed,17/01/2024,Laptop,Electronics,,-1,,Pakistan,507.98,1,Bilal Ahmed,,17/01/2024
1483,Bilal Ahmed,03/01/2024,Table,Furniture,185.08,,,Pakistan,185.08,1,Bilal Ahmed,,03/01/2024
1484,Ahmed Raza,14/01/2024,Keyboard,Electronics,,,,Pakistan,507.98,1,Ahmed Raza,,14/01/2024
1485,Ahmed Raza,16/01/2024,Chair,Furniture,,,,Pakistan,507.98,1,Ahmed Raza,,16/01/2024
1488,Usman Ali,11/01/2024,Mouse,Electronics, ,,,Pakistan,507.98,1,Usman Ali,,11/01/2024
1491,Hina Khan,28/01/2024,Monitor,Electronics, ,,,Pakistan,507.98,1,Hina Khan,,28/01/2024
1492,Ahmed Raza,15/01/2024,Mouse,Electronics, ,3,,Pakistan,507.98,3,Ahmed Raza,,15/01/2024
1494,Bilal Ahmed,20/01/2024,Headphones,Electronics,931.01,4,3724.04,Pakistan,931.01,4,Bilal Ahmed,3724.04,20/01/2024
1496,Sara Ahmed,17/01/2024,Laptop,Electronics, ,,,Pakistan,507.98,1,Sara Ahmed,,17/01/2024
1497,Sara Ahmed,25/01/2024,Table,Furniture,140.76,-1,,Pakistan,140.76,1,Sara Ahmed,,25/01/2024
1498,,07/01/2024,Chair,Furniture,200.89,,,Pakistan,200.89,1,Unknown,,07/01/2024
1500,Usman Ali,04/01/2024,Keyboard,Electronics,,2,,Pakistan,507.98,2,Usman Ali,,04/01/2024
1501,Bilal Ahmed,24/01/2024,Keyboard,Electronics,535.97,-1,,Pakistan,535.97,1,Bilal Ahmed,,24/01/2024
1503,Sara Ahmed,28/01/2024,Phone,Electronics,,-1,,Pakistan,507.98,1,Sara Ahmed,,28/01/2024
1504,Ayesha Noor,26/01/2024,Phone,Electronics, ,-1,,Pakistan,507.98,1,Ayesha Noor,,26/01/2024
1507,Ayesha Noor,10/01/2024,Chair,Furniture,,3,,Pakistan,507.98,3,Ayesha Noor,,10/01/2024
1508,,01/01/2024,Headphones,Electronics, ,1,,Pakistan,507.98,1,Unknown,,01/01/2024
1509,Sara Ahmed,03/01/2024,Headphones,Electronics,871.87,-1,,Pakistan,871.87,1,Sara Ahmed,,03/01/2024
1510,Usman Ali,21/01/2024,Phone,Electronics,,-1,,Pakistan,507.98,1,Usman Ali,,21/01/2024
1511,Ali Khan,03/01/2024,Table,Furniture,,,,Pakistan,507.98,1,Ali Khan,,03/01/2024
1512,Usman Ali,14/01/2024,Table,Furniture,639.38,1,639.38,Pakistan,639.38,1,Usman Ali,639.38,14/01/2024
1513,Sara Ahmed,25/01/2024,Chair,Furniture, ,-1,,Pakistan,507.98,1,Sara Ahmed,,25/01/2024
1514,Hina Khan,18/01/2024,Phone,Electronics, ,-1,,Pakistan,507.98,1,Hina Khan,,18/01/2024
1515,Ali Khan,17/01/2024,Mouse,Electronics, ,4,,Pakistan,507.98,4,Ali Khan,,17/01/2024
1516,Bilal Ahmed,14/01/2024,Keyboard,Electronics, ,,,Pakistan,507.98,1,Bilal Ahmed,,14/01/2024
1517,Sara Ahmed,10/01/2024,Table,Furniture,97.83,,,Pakistan,97.83,1,Sara Ahmed,,10/01/2024
1518,,04/01/2024,Chair,Furniture,208.03,-1,,Pakistan,208.03,1,Unknown,,04/01/2024
1519,,06/01/2024,Phone,Electronics,,-1,,Pakistan,507.98,1,Unknown,,06/01/2024
1521,Sara Ahmed,27/01/2024,Keyboard,Electronics,,,,Pakistan,507.98,1,Sara Ahmed,,27/01/2024
1522,Bilal Ahmed,22/01/2024,Table,Furniture, ,2,,Pakistan,507.98,2,Bilal Ahmed,,22/01/2024
1523,Usman Ali,06/01/2024,Chair,Furniture,,,,Pakistan,507.98,1,Usman Ali,,06/01/2024
1524,Ali Khan,02/01/2024,Laptop,Electronics,995.57,-1,,Pakistan,995.57,1,Ali Khan,,02/01/2024
1525,Sara Ahmed,08/01/2024,Keyboard,Electronics, ,2,,Pakistan,507.98,2,Sara Ahmed,,08/01/2024
1526,Hina Khan,13/01/2024,Laptop,Electronics, ,3,,Pakistan,507.98,3,Hina Khan,,13/01/2024
1527,Usman Ali,16/01/2024,Headphones,Electronics,,-1,,Pakistan,507.98,1,Usman Ali,,16/01/2024
1528,Bilal Ahmed,25/01/2024,Keyboard,Electronics,21.21,4,84.84,Pakistan,21.21,4,Bilal Ahmed,84.84,25/01/2024
1529,Ayesha Noor,20/01/2024,Mouse,Electronics, ,2,,Pakistan,507.98,2,Ayesha Noor,,20/01/2024
1530,Hina Khan,13/01/2024,Laptop,Electronics,,-1,,Pakistan,507.98,1,Hina Khan,,13/01/2024
1532,Usman Ali,25/01/2024,Table,Furniture,,-1,,Pakistan,507.98,1,Usman Ali,,25/01/2024
1533,Ali Khan,08/01/2024,Headphones,Electronics,,1,,Pakistan,507.98,1,Ali Khan,,08/01/2024
1534,Ahmed Raza,06/01/2024,Laptop,Electronics,,1,,Pakistan,507.98,1,Ahmed Raza,,06/01/2024
1535,Ali Khan,01/01/2024,Monitor,Electronics,,1,,Pakistan,507.98,1,Ali Khan,,01/01/2024
1536,Ahmed Raza,21/01/2024,Headphones,Electronics,,-1,,Pakistan,507.98,1,Ahmed Raza,,21/01/2024
1537,Ayesha Noor,11/01/2024,Laptop,Electronics,,2,,Pakistan,507.98,2,Ayesha Noor,,11/01/2024
1538,,23/01/2024,Mouse,Electronics, ,2,,Pakistan,507.98,2,Unknown,,23/01/2024
1539,Usman Ali,11/01/2024,Mouse,Electronics,,,,Pakistan,507.98,1,Usman Ali,,11/01/2024
1540,Ayesha Noor,10/01/2024,Monitor,Electronics,511.13,-1,,Pakistan,511.13,1,Ayesha Noor,,10/01/2024
1541,Hina Khan,10/01/2024,Keyboard,Electronics, ,2,,Pakistan,507.98,2,Hina Khan,,10/01/2024
1543,Ahmed Raza,16/01/2024,Phone,Electronics,822.36,-1,,Pakistan,822.36,1,Ahmed Raza,,16/01/2024
1544,Hina Khan,03/01/2024,Keyboard,Electronics,,-1,,Pakistan,507.98,1,Hina Khan,,03/01/2024
1545,Hina Khan,18/01/2024,Mouse,Electronics, ,-1,,Pakistan,507.98,1,Hina Khan,,18/01/2024
1546,Ahmed Raza,02/01/2024,Chair,Furniture, ,,,Pakistan,507.98,1,Ahmed Raza,,02/01/2024
1547,Sara Ahmed,01/01/2024,Chair,Furniture,,2,,Pakistan,507.98,2,Sara Ahmed,,01/01/2024
1548,Ayesha Noor,20/01/2024,Keyboard,Electronics,,-1,,Pakistan,507.98,1,Ayesha Noor,,20/01/2024
1550,Ayesha Noor,21/01/2024,Laptop,Electronics,152.46,-1,,Pakistan,152.46,1,Ayesha Noor,,21/01/2024
1553,Usman Ali,29/01/2024,Monitor,Electronics,37.33,-1,,Pakistan,37.33,1,Usman Ali,,29/01/2024
1554,Hina Khan,28/01/2024,Phone,Electronics,,,,Pakistan,507.98,1,Hina Khan,,28/01/2024
1555,Ali Khan,02/01/2024,Keyboard,Electronics,227.52,2,455.04,Pakistan,227.52,2,Ali Khan,455.04,02/01/2024
1557,Hina Khan,19/01/2024,Mouse,Electronics, ,-1,,Pakistan,507.98,1,Hina Khan,,19/01/2024
1558,Ayesha Noor,30/01/2024,Keyboard,Electronics,280.08,3,840.24,Pakistan,280.08,3,Ayesha Noor,840.24,30/01/2024
1559,Ali Khan,16/01/2024,Phone,Electronics, ,,,Pakistan,507.98,1,Ali Khan,,16/01/2024
1560,Ayesha Noor,07/01/2024,Table,Furniture,,-1,,Pakistan,507.98,1,Ayesha Noor,,07/01/2024
1563,Ayesha Noor,03/01/2024,Monitor,Electronics,,2,,Pakistan,507.98,2,Ayesha Noor,,03/01/2024
1564,Ahmed Raza,07/01/2024,Phone,Electronics,,,,Pakistan,507.98,1,Ahmed Raza,,07/01/2024
1569,Bilal Ahmed,13/01/2024,Chair,Furniture,,,,Pakistan,507.98,1,Bilal Ahmed,,13/01/2024
1571,Sara Ahmed,23/01/2024,Monitor,Electronics,,,,Pakistan,507.98,1,Sara Ahmed,,23/01/2024
1572,Usman Ali,20/01/2024,Table,Furniture,742.61,4,2970.44,Pakistan,742.61,4,Usman Ali,2970.44,20/01/2024
1573,,03/01/2024,Phone,Electronics,,,,Pakistan,507.98,1,Unknown,,03/01/2024
1574,Ayesha Noor,21/01/2024,Monitor,Electronics,,1,,Pakistan,507.98,1,Ayesha Noor,,21/01/2024
1575,Bilal Ahmed,17/01/2024,Mouse,Electronics, ,2,,Pakistan,507.98,2,Bilal Ahmed,,17/01/2024
1576,Hina Khan,29/01/2024,Laptop,Electronics,,,,Pakistan,507.98,1,Hina Khan,,29/01/2024
1577,Hina Khan,28/01/2024,Monitor,Electronics,,-1,,Pakistan,507.98,1,Hina Khan,,28/01/2024
1578,Bilal Ahmed,02/01/2024,Mouse,Electronics,,4,,Pakistan,507.98,4,Bilal Ahmed,,02/01/2024
1579,Usman Ali,15/01/2024,Mouse,Electronics,85.32,4,341.28,Pakistan,85.32,4,Usman Ali,341.28,15/01/2024
1580,Ahmed Raza,05/01/2024,Laptop,Electronics, ,1,,Pakistan,507.98,1,Ahmed Raza,,05/01/2024
1581,Hina Khan,23/01/2024,Keyboard,Electronics,60.84,-1,,Pakistan,60.84,1,Hina Khan,,23/01/2024
1582,Ahmed Raza,11/01/2024,Mouse,Electronics, ,4,,Pakistan,507.98,4,Ahmed Raza,,11/01/2024
1585,,15/01/2024,Chair,Furniture,788.17,,,Pakistan,788.17,1,Unknown,,15/01/2024
1586,,05/01/2024,Headphones,Electronics,,-1,,Pakistan,507.98,1,Unknown,,05/01/2024
1588,Hina Khan,17/01/2024,Keyboard,Electronics,773.84,,,Pakistan,773.84,1,Hina Khan,,17/01/2024
1589,Sara Ahmed,02/01/2024,Table,Furniture, ,-1,,Pakistan,507.98,1,Sara Ahmed,,02/01/2024
1590,Hina Khan,30/01/2024,Chair,Furniture, ,-1,,Pakistan,507.98,1,Hina Khan,,30/01/2024
1591,Ayesha Noor,23/01/2024,Mouse,Electronics, ,,,Pakistan,507.98,1,Ayesha Noor,,23/01/2024
1592,Sara Ahmed,10/01/2024,Mouse,Electronics,,,,Pakistan,507.98,1,Sara Ahmed,,10/01/2024
1593,Bilal Ahmed,22/01/2024,Keyboard,Electronics,,3,,Pakistan,507.98,3,Bilal Ahmed,,22/01/2024
1594,Ayesha Noor,28/01/2024,Phone,Electronics,145.53,-1,,Pakistan,145.53,1,Ayesha Noor,,28/01/2024
1595,Ahmed Raza,08/01/2024,Laptop,Electronics,240.12,,,Pakistan,240.12,1,Ahmed Raza,,08/01/2024
1596,Bilal Ahmed,27/01/2024,Keyboard,Electronics,450.62,1,450.62,Pakistan,450.62,1,Bilal Ahmed,450.62,27/01/2024
1597,Ayesha Noor,18/01/2024,Monitor,Electronics,255.88,1,255.88,Pakistan,255.88,1,Ayesha Noor,255.88,18/01/2024
1598,Sara Ahmed,19/01/2024,Keyboard,Electronics, ,-1,,Pakistan,507.98,1,Sara Ahmed,,19/01/2024
1599,Usman Ali,26/01/2024,Chair,Furniture,864.14,1,864.14,Pakistan,864.14,1,Usman Ali,864.14,26/01/2024
1600,Bilal Ahmed,12/01/2024,Table,Furniture,267.20,-1,,Pakistan,267.20,1,Bilal Ahmed,,12/01/2024
1601,Hina Khan,30/01/2024,Table,Furniture,,-1,,Pakistan,507.98,1,Hina Khan,,30/01/2024
1602,Ayesha Noor,23/01/2024,Table,Furniture, ,3,,Pakistan,507.98,3,Ayesha Noor,,23/01/2024
1603,Ahmed Raza,22/01/2024,Phone,Electronics, ,-1,,Pakistan,507.98,1,Ahmed Raza,,22/01/2024
1604,,18/01/2024,Headphones,Electronics,,-1,,Pakistan,507.98,1,Unknown,,18/01/2024
1606,Hina Khan,23/01/2024,Table,Furniture,355.54,-1,,Pakistan,355.54,1,Hina Khan,,23/01/2024
1607,Ayesha Noor,29/01/2024,Monitor,Electronics, ,,,Pakistan,507.98,1,Ayesha Noor,,29/01/2024
1608,Ali Khan,23/01/2024,Headphones,Electronics,,3,,Pakistan,507.98,3,Ali Khan,,23/01/2024
1609,Ali Khan,15/01/2024,Table,Furniture,,,,Pakistan,507.98,1,Ali Khan,,15/01/2024
1611,Ayesha Noor,12/01/2024,Headphones,Electronics, ,4,,Pakistan,507.98,4,Ayesha Noor,,12/01/2024
1613,Bilal Ahmed,14/01/2024,Laptop,Electronics,,,,Pakistan,507.98,1,Bilal Ahmed,,14/01/2024
1615,Ayesha Noor,10/01/2024,Mouse,Electronics,843.16,4,3372.64,Pakistan,843.16,4,Ayesha Noor,3372.64,10/01/2024
1616,,14/01/2024,Mouse,Electronics,754.55,,,Pakistan,754.55,1,Unknown,,14/01/2024
1617,Ali Khan,11/01/2024,Table,Furniture, ,-1,,Pakistan,507.98,1,Ali Khan,,11/01/2024
1618,Ayesha Noor,06/01/2024,Keyboard,Electronics,512.01,,,Pakistan,512.01,1,Ayesha Noor,,06/01/2024
1619,Ali Khan,29/01/2024,Phone,Electronics, ,,,Pakistan,507.98,1,Ali Khan,,29/01/2024
1621,,21/01/2024,Chair,Furniture,,,,Pakistan,507.98,1,Unknown,,21/01/2024
1622,Ahmed Raza,14/01/2024,Headphones,Electronics, ,-1,,Pakistan,507.98,1,Ahmed Raza,,14/01/2024
1624,Ahmed Raza,14/01/2024,Keyboard,Electronics, ,-1,,Pakistan,507.98,1,Ahmed Raza,,14/01/2024
1625,Ayesha Noor,20/01/2024,Table,Furniture, ,-1,,Pakistan,507.98,1,Ayesha Noor,,20/01/2024
1627,Bilal Ahmed,17/01/2024,Phone,Electronics, ,3,,Pakistan,507.98,3,Bilal Ahmed,,17/01/2024
1629,Ahmed Raza,04/01/2024,Headphones,Electronics,,,,Pakistan,507.98,1,Ahmed Raza,,04/01/2024
1630,Ali Khan,13/01/2024,Phone,Electronics,341.63,-1,,Pakistan,341.63,1,Ali Khan,,13/01/2024
1631,Usman Ali,20/01/2024,Table,Furniture,81.29,4,325.16,Pakistan,81.29,4,Usman Ali,325.16,20/01/2024
1632,Usman Ali,15/01/2024,Monitor,Electronics,,2,,Pakistan,507.98,2,Usman Ali,,15/01/2024
1633,Ayesha Noor,01/01/2024,Mouse,Electronics,,-1,,Pakistan,507.98,1,Ayesha Noor,,01/01/2024
1634,Bilal Ahmed,16/01/2024,Monitor,Electronics, ,,,Pakistan,507.98,1,Bilal Ahmed,,16/01/2024
1635,Bilal Ahmed,14/01/2024,Laptop,Electronics, ,-1,,Pakistan,507.98,1,Bilal Ahmed,,14/01/2024
1636,Usman Ali,05/01/2024,Monitor,Electronics, ,2,,Pakistan,507.98,2,Usman Ali,,05/01/2024
1637,Hina Khan,18/01/2024,Laptop,Electronics, ,-1,,Pakistan,507.98,1,Hina Khan,,18/01/2024
1638,Hina Khan,30/01/2024,Monitor,Electronics, ,3,,Pakistan,507.98,3,Hina Khan,,30/01/2024
1640,Ahmed Raza,14/01/2024,Mouse,Electronics,389.38,4,1557.52,Pakistan,389.38,4,Ahmed Raza,1557.52,14/01/2024
1641,Sara Ahmed,05/01/2024,Laptop,Electronics,446.48,4,1785.92,Pakistan,446.48,4,Sara Ahmed,1785.92,05/01/2024
1642,Hina Khan,06/01/2024,Chair,Furniture,,2,,Pakistan,507.98,2,Hina Khan,,06/01/2024
1643,Bilal Ahmed,18/01/2024,Monitor,Electronics, ,-1,,Pakistan,507.98,1,Bilal Ahmed,,18/01/2024
1644,Ayesha Noor,04/01/2024,Chair,Furniture,76.13,2,152.26,Pakistan,76.13,2,Ayesha Noor,152.26,04/01/2024
1646,Sara Ahmed,04/01/2024,Monitor,Electronics,,4,,Pakistan,507.98,4,Sara Ahmed,,04/01/2024
1647,Sara Ahmed,30/01/2024,Headphones,Electronics,,3,,Pakistan,507.98,3,Sara Ahmed,,30/01/2024
1648,Hina Khan,03/01/2024,Headphones,Electronics, ,,,Pakistan,507.98,1,Hina Khan,,03/01/2024
1649,,22/01/2024,Table,Furniture, ,1,,Pakistan,507.98,1,Unknown,,22/01/2024
1652,Bilal Ahmed,21/01/2024,Chair,Furniture,328.89,-1,,Pakistan,328.89,1,Bilal Ahmed,,21/01/2024
1653,Usman Ali,07/01/2024,Mouse,Electronics, ,-1,,Pakistan,507.98,1,Usman Ali,,07/01/2024
1654,Sara Ahmed,11/01/2024,Keyboard,Electronics,,-1,,Pakistan,507.98,1,Sara Ahmed,,11/01/2024
1655,Hina Khan,26/01/2024,Phone,Electronics,430.42,,,Pakistan,430.42,1,Hina Khan,,26/01/2024
1657,Ayesha Noor,03/01/2024,Phone,Electronics,,-1,,Pakistan,507.98,1,Ayesha Noor,,03/01/2024
1659,,29/01/2024,Monitor,Electronics,,2,,Pakistan,507.98,2,Unknown,,29/01/2024
1660,Usman Ali,21/01/2024,Headphones,Electronics,,,,Pakistan,507.98,1,Usman Ali,,21/01/2024
1661,Ayesha Noor,17/01/2024,Keyboard,Electronics,,1,,Pakistan,507.98,1,Ayesha Noor,,17/01/2024
1662,Ali Khan,26/01/2024,Monitor,Electronics,,,,Pakistan,507.98,1,Ali Khan,,26/01/2024
1663,Usman Ali,17/01/2024,Chair,Furniture, ,2,,Pakistan,507.98,2,Usman Ali,,17/01/2024
1664,Ayesha Noor,01/01/2024,Mouse,Electronics,440.06,,,Pakistan,440.06,1,Ayesha Noor,,01/01/2024
1666,,16/01/2024,Mouse,Electronics,,-1,,Pakistan,507.98,1,Unknown,,16/01/2024
1669,,17/01/2024,Table,Furniture, ,3,,Pakistan,507.98,3,Unknown,,17/01/2024
1672,Ahmed Raza,14/01/2024,Phone,Electronics,,2,,Pakistan,507.98,2,Ahmed Raza,,14/01/2024
1674,Ahmed Raza,30/01/2024,Laptop,Electronics, ,,,Pakistan,507.98,1,Ahmed Raza,,30/01/2024
1675,Ayesha Noor,03/01/2024,Phone,Electronics,,-1,,Pakistan,507.98,1,Ayesha Noor,,03/01/2024
1676,Ali Khan,25/01/2024,Phone,Electronics, ,-1,,Pakistan,507.98,1,Ali Khan,,25/01/2024
1677,,19/01/2024,Phone,Electronics,219.69,2,439.38,Pakistan,219.69,2,Unknown,439.38,19/01/2024
1678,,24/01/2024,Monitor,Electronics,,,,Pakistan,507.98,1,Unknown,,24/01/2024
1679,Ahmed Raza,05/01/2024,Table,Furniture,,3,,Pakistan,507.98,3,Ahmed Raza,,05/01/2024
1680,,15/01/2024,Table,Furniture,,2,,Pakistan,507.98,2,Unknown,,15/01/2024
1681,Ali Khan,20/01/2024,Laptop,Electronics, ,-1,,Pakistan,507.98,1,Ali Khan,,20/01/2024
1682,Bilal Ahmed,03/01/2024,Headphones,Electronics, ,2,,Pakistan,507.98,2,Bilal Ahmed,,03/01/2024
1683,Sara Ahmed,11/01/2024,Mouse,Electronics,157.90,1,157.9,Pakistan,157.90,1,Sara Ahmed,157.9,11/01/2024
1686,Ali Khan,22/01/2024,Headphones,Electronics,,2,,Pakistan,507.98,2,Ali Khan,,22/01/2024
1688,Usman Ali,21/01/2024,Headphones,Electronics,641.98,-1,,Pakistan,641.98,1,Usman Ali,,21/01/2024
1689,,06/01/2024,Headphones,Electronics,438.94,,,Pakistan,438.94,1,Unknown,,06/01/2024
1690,,27/01/2024,Chair,Furniture,111.17,,,Pakistan,111.17,1,Unknown,,27/01/2024
1691,,25/01/2024,Table,Furniture, ,,,Pakistan,507.98,1,Unknown,,25/01/2024
1692,,29/01/2024,Monitor,Electronics, ,-1,,Pakistan,507.98,1,Unknown,,29/01/2024
1693,Ayesha Noor,18/01/2024,Chair,Furniture, ,4,,Pakistan,507.98,4,Ayesha Noor,,18/01/2024
1694,Ahmed Raza,11/01/2024,Chair,Furniture, ,,,Pakistan,507.98,1,Ahmed Raza,,11/01/2024
1696,Bilal Ahmed,03/01/2024,Phone,Electronics,534.93,4,2139.72,Pakistan,534.93,4,Bilal Ahmed,2139.72,03/01/2024
1699,Bilal Ahmed,26/01/2024,Monitor,Electronics, ,,,Pakistan,507.98,1,Bilal Ahmed,,26/01/2024
1700,Hina Khan,16/01/2024,Laptop,Electronics,844.62,,,Pakistan,844.62,1,Hina Khan,,16/01/2024
1701,Sara Ahmed,27/01/2024,Monitor,Electronics,641.46,-1,,Pakistan,641.46,1,Sara Ahmed,,27/01/2024
1702,Ahmed Raza,02/01/2024,Mouse,Electronics,,-1,,Pakistan,507.98,1,Ahmed Raza,,02/01/2024
1703,Usman Ali,28/01/2024,Phone,Electronics, ,-1,,Pakistan,507.98,1,Usman Ali,,28/01/2024
1704,Hina Khan,28/01/2024,Keyboard,Electronics,,,,Pakistan,507.98,1,Hina Khan,,28/01/2024
1705,Ayesha Noor,03/01/2024,Headphones,Electronics,,-1,,Pakistan,507.98,1,Ayesha Noor,,03/01/2024
1706,,15/01/2024,Laptop,Electronics,,1,,Pakistan,507.98,1,Unknown,,15/01/2024
1707,Sara Ahmed,14/01/2024,Headphones,Electronics,,,,Pakistan,507.98,1,Sara Ahmed,,14/01/2024
1711,Bilal Ahmed,14/01/2024,Phone,Electronics, ,-1,,Pakistan,507.98,1,Bilal Ahmed,,14/01/2024
1712,Sara Ahmed,03/01/2024,Keyboard,Electronics,806.31,-1,,Pakistan,806.31,1,Sara Ahmed,,03/01/2024
1713,,20/01/2024,Phone,Electronics, ,2,,Pakistan,507.98,2,Unknown,,20/01/2024
1714,Usman Ali,06/01/2024,Monitor,Electronics,144.90,1,144.9,Pakistan,144.90,1,Usman Ali,144.9,06/01/2024
1718,Ayesha Noor,19/01/2024,Chair,Furniture, ,2,,Pakistan,507.98,2,Ayesha Noor,,19/01/2024
1719,Ayesha Noor,04/01/2024,Laptop,Electronics,,,,Pakistan,507.98,1,Ayesha Noor,,04/01/2024
1721,,21/01/2024,Monitor,Electronics,241.82,-1,,Pakistan,241.82,1,Unknown,,21/01/2024
1722,Sara Ahmed,04/01/2024,Headphones,Electronics,83.20,-1,,Pakistan,83.20,1,Sara Ahmed,,04/01/2024
1723,Usman Ali,09/01/2024,Keyboard,Electronics,,,,Pakistan,507.98,1,Usman Ali,,09/01/2024
1725,Ali Khan,17/01/2024,Keyboard,Electronics,,,,Pakistan,507.98,1,Ali Khan,,17/01/2024
1727,Usman Ali,05/01/2024,Chair,Furniture,607.00,,,Pakistan,607.00,1,Usman Ali,,05/01/2024
1728,Ayesha Noor,29/01/2024,Monitor,Electronics, ,4,,Pakistan,507.98,4,Ayesha Noor,,29/01/2024
1730,Bilal Ahmed,08/01/2024,Table,Furniture,,4,,Pakistan,507.98,4,Bilal Ahmed,,08/01/2024
1731,,14/01/2024,Monitor,Electronics, ,-1,,Pakistan,507.98,1,Unknown,,14/01/2024
1732,Usman Ali,19/01/2024,Laptop,Electronics, ,,,Pakistan,507.98,1,Usman Ali,,19/01/2024
1733,,21/01/2024,Phone,Electronics,,1,,Pakistan,507.98,1,Unknown,,21/01/2024
1735,Ali Khan,12/01/2024,Phone,Electronics,497.91,-1,,Pakistan,497.91,1,Ali Khan,,12/01/2024
1736,Bilal Ahmed,02/01/2024,Laptop,Electronics,608.64,3,1825.92,Pakistan,608.64,3,Bilal Ahmed,1825.92,02/01/2024
1737,,01/01/2024,Keyboard,Electronics, ,,,Pakistan,507.98,1,Unknown,,01/01/2024
1738,Sara Ahmed,18/01/2024,Phone,Electronics,,-1,,Pakistan,507.98,1,Sara Ahmed,,18/01/2024
1739,Bilal Ahmed,27/01/2024,Chair,Furniture, ,4,,Pakistan,507.98,4,Bilal Ahmed,,27/01/2024
1740,,10/01/2024,Chair,Furniture,,1,,Pakistan,507.98,1,Unknown,,10/01/2024
1741,Ahmed Raza,03/01/2024,Chair,Furniture, ,1,,Pakistan,507.98,1,Ahmed Raza,,03/01/2024
1743,Ayesha Noor,17/01/2024,Headphones,Electronics,,,,Pakistan,507.98,1,Ayesha Noor,,17/01/2024
1745,Usman Ali,17/01/2024,Keyboard,Electronics,408.86,,,Pakistan,408.86,1,Usman Ali,,17/01/2024
1746,Ayesha Noor,30/01/2024,Monitor,Electronics,820.35,1,820.35,Pakistan,820.35,1,Ayesha Noor,820.35,30/01/2024
1747,Sara Ahmed,09/01/2024,Table,Furniture,,,,Pakistan,507.98,1,Sara Ahmed,,09/01/2024
1749,Ahmed Raza,14/01/2024,Chair,Furniture,,,,Pakistan,507.98,1,Ahmed Raza,,14/01/2024
1751,,08/01/2024,Table,Furniture, ,-1,,Pakistan,507.98,1,Unknown,,08/01/2024
1752,,12/01/2024,Monitor,Electronics,310.79,2,621.58,Pakistan,310.79,2,Unknown,621.58,12/01/2024
1753,Usman Ali,28/01/2024,Laptop,Electronics,,1,,Pakistan,507.98,1,Usman Ali,,28/01/2024
1754,Ali Khan,27/01/2024,Laptop,Electronics,,,,Pakistan,507.98,1,Ali Khan,,27/01/2024
1755,Ayesha Noor,23/01/2024,Headphones,Electronics,,-1,,Pakistan,507.98,1,Ayesha Noor,,23/01/2024
1757,Ahmed Raza,18/01/2024,Table,Furniture,,,,Pakistan,507.98,1,Ahmed Raza,,18/01/2024
1759,Ahmed Raza,09/01/2024,Monitor,Electronics,,,,Pakistan,507.98,1,Ahmed Raza,,09/01/2024
1760,Ahmed Raza,09/01/2024,Table,Furniture, ,-1,,Pakistan,507.98,1,Ahmed Raza,,09/01/2024
1761,Ahmed Raza,18/01/2024,Monitor,Electronics, ,-1,,Pakistan,507.98,1,Ahmed Raza,,18/01/2024
1762,Ayesha Noor,25/01/2024,Laptop,Electronics,,-1,,Pakistan,507.98,1,Ayesha Noor,,25/01/2024
1763,Bilal Ahmed,21/01/2024,Monitor,Electronics, ,-1,,Pakistan,507.98,1,Bilal Ahmed,,21/01/2024
1764,Usman Ali,16/01/2024,Laptop,Electronics, ,-1,,Pakistan,507.98,1,Usman Ali,,16/01/2024
1767,Hina Khan,23/01/2024,Laptop,Electronics, ,-1,,Pakistan,507.98,1,Hina Khan,,23/01/2024
1768,Ahmed Raza,22/01/2024,Chair,Furniture,854.80,,,Pakistan,854.80,1,Ahmed Raza,,22/01/2024
1769,Ayesha Noor,03/01/2024,Phone,Electronics,,,,Pakistan,507.98,1,Ayesha Noor,,03/01/2024
1770,Hina Khan,28/01/2024,Phone,Electronics, ,-1,,Pakistan,507.98,1,Hina Khan,,28/01/2024
1771,Bilal Ahmed,03/01/2024,Table,Furniture, ,-1,,Pakistan,507.98,1,Bilal Ahmed,,03/01/2024
1773,Sara Ahmed,25/01/2024,Laptop,Electronics,,1,,Pakistan,507.98,1,Sara Ahmed,,25/01/2024
1774,Usman Ali,07/01/2024,Headphones,Electronics,183.52,-1,,Pakistan,183.52,1,Usman Ali,,07/01/2024
1775,Ayesha Noor,05/01/2024,Mouse,Electronics,892.30,-1,,Pakistan,892.30,1,Ayesha Noor,,05/01/2024
1776,Hina Khan,15/01/2024,Keyboard,Electronics,44.94,,,Pakistan,44.94,1,Hina Khan,,15/01/2024
1777,Ali Khan,28/01/2024,Headphones,Electronics, ,,,Pakistan,507.98,1,Ali Khan,,28/01/2024
1778,Usman Ali,27/01/2024,Mouse,Electronics, ,,,Pakistan,507.98,1,Usman Ali,,27/01/2024
1779,Ayesha Noor,02/01/2024,Mouse,Electronics,,,,Pakistan,507.98,1,Ayesha Noor,,02/01/2024
1780,Sara Ahmed,12/01/2024,Mouse,Electronics,,1,,Pakistan,507.98,1,Sara Ahmed,,12/01/2024
1781,Bilal Ahmed,13/01/2024,Keyboard,Electronics,243.92,,,Pakistan,243.92,1,Bilal Ahmed,,13/01/2024
1782,Sara Ahmed,27/01/2024,Monitor,Electronics,,2,,Pakistan,507.98,2,Sara Ahmed,,27/01/2024
1784,Hina Khan,10/01/2024,Phone,Electronics,326.94,1,326.94,Pakistan,326.94,1,Hina Khan,326.94,10/01/2024
1785,Bilal Ahmed,15/01/2024,Headphones,Electronics, ,2,,Pakistan,507.98,2,Bilal Ahmed,,15/01/2024
1786,,10/01/2024,Phone,Electronics, ,3,,Pakistan,507.98,3,Unknown,,10/01/2024
1788,Ayesha Noor,29/01/2024,Monitor,Electronics, ,,,Pakistan,507.98,1,Ayesha Noor,,29/01/2024
1789,Ali Khan,17/01/2024,Chair,Furniture, ,-1,,Pakistan,507.98,1,Ali Khan,,17/01/2024
1791,Sara Ahmed,13/01/2024,Laptop,Electronics, ,-1,,Pakistan,507.98,1,Sara Ahmed,,13/01/2024
1792,Ahmed Raza,10/01/2024,Keyboard,Electronics, ,,,Pakistan,507.98,1,Ahmed Raza,,10/01/2024
1793,Sara Ahmed,17/01/2024,Table,Furniture,,-1,,Pakistan,507.98,1,Sara Ahmed,,17/01/2024
1794,Ayesha Noor,12/01/2024,Table,Furniture,834.07,,,Pakistan,834.07,1,Ayesha Noor,,12/01/2024
1795,Hina Khan,01/01/2024,Monitor,Electronics,,-1,,Pakistan,507.98,1,Hina Khan,,01/01/2024
1796,,13/01/2024,Mouse,Electronics,,,,Pakistan,507.98,1,Unknown,,13/01/2024
1798,Ahmed Raza,08/01/2024,Table,Furniture,796.67,,,Pakistan,796.67,1,Ahmed Raza,,08/01/2024
1799,Ayesha Noor,05/01/2024,Phone,Electronics,,1,,Pakistan,507.98,1,Ayesha Noor,,05/01/2024
1800,Ali Khan,17/01/2024,Keyboard,Electronics,908.80,,,Pakistan,908.80,1,Ali Khan,,17/01/2024
1801,Usman Ali,21/01/2024,Monitor,Electronics,,1,,Pakistan,507.98,1,Usman Ali,,21/01/2024
1802,Ali Khan,15/01/2024,Phone,Electronics,,,,Pakistan,507.98,1,Ali Khan,,15/01/2024
1803,,05/01/2024,Monitor,Electronics, ,,,Pakistan,507.98,1,Unknown,,05/01/2024
1806,Usman Ali,23/01/2024,Chair,Furniture,387.82,2,775.64,Pakistan,387.82,2,Usman Ali,775.64,23/01/2024
1807,Bilal Ahmed,01/01/2024,Table,Furniture, ,,,Pakistan,507.98,1,Bilal Ahmed,,01/01/2024
1808,Bilal Ahmed,25/01/2024,Phone,Electronics, ,-1,,Pakistan,507.98,1,Bilal Ahmed,,25/01/2024
1809,Ali Khan,19/01/2024,Table,Furniture,,4,,Pakistan,507.98,4,Ali Khan,,19/01/2024
1810,Ahmed Raza,19/01/2024,Headphones,Electronics,582.06,,,Pakistan,582.06,1,Ahmed Raza,,19/01/2024
1811,Ahmed Raza,16/01/2024,Headphones,Electronics, ,,,Pakistan,507.98,1,Ahmed Raza,,16/01/2024
1813,Ayesha Noor,06/01/2024,Chair,Furniture, ,-1,,Pakistan,507.98,1,Ayesha Noor,,06/01/2024
1814,Ayesha Noor,14/01/2024,Chair,Furniture,927.85,-1,,Pakistan,927.85,1,Ayesha Noor,,14/01/2024
1815,,29/01/2024,Table,Furniture,49.94,3,149.82,Pakistan,49.94,3,Unknown,149.82,29/01/2024
1816,Ali Khan,22/01/2024,Table,Furniture,,,,Pakistan,507.98,1,Ali Khan,,22/01/2024
1818,Sara Ahmed,25/01/2024,Headphones,Electronics, ,,,Pakistan,507.98,1,Sara Ahmed,,25/01/2024
1819,Ahmed Raza,18/01/2024,Chair,Furniture,994.76,,,Pakistan,994.76,1,Ahmed Raza,,18/01/2024
1820,Sara Ahmed,30/01/2024,Table,Furniture,,4,,Pakistan,507.98,4,Sara Ahmed,,30/01/2024
1821,Usman Ali,25/01/2024,Mouse,Electronics,,,,Pakistan,507.98,1,Usman Ali,,25/01/2024
1822,Hina Khan,05/01/2024,Chair,Furniture, ,-1,,Pakistan,507.98,1,Hina Khan,,05/01/2024
1823,,01/01/2024,Laptop,Electronics, ,,,Pakistan,507.98,1,Unknown,,01/01/2024
1824,Usman Ali,23/01/2024,Chair,Furniture, ,4,,Pakistan,507.98,4,Usman Ali,,23/01/2024
1825,Ayesha Noor,30/01/2024,Laptop,Electronics, ,4,,Pakistan,507.98,4,Ayesha Noor,,30/01/2024
1826,Usman Ali,14/01/2024,Mouse,Electronics,,,,Pakistan,507.98,1,Usman Ali,,14/01/2024
1828,Sara Ahmed,08/01/2024,Headphones,Electronics,,-1,,Pakistan,507.98,1,Sara Ahmed,,08/01/2024
1829,Sara Ahmed,10/01/2024,Keyboard,Electronics, ,2,,Pakistan,507.98,2,Sara Ahmed,,10/01/2024
1831,Hina Khan,28/01/2024,Keyboard,Electronics,413.28,-1,,Pakistan,413.28,1,Hina Khan,,28/01/2024
1832,Hina Khan,14/01/2024,Monitor,Electronics,,2,,Pakistan,507.98,2,Hina Khan,,14/01/2024
1834,Bilal Ahmed,09/01/2024,Keyboard,Electronics,53.00,3,159,Pakistan,53.00,3,Bilal Ahmed,159,09/01/2024
1835,Sara Ahmed,19/01/2024,Phone,Electronics, ,,,Pakistan,507.98,1,Sara Ahmed,,19/01/2024
1836,Bilal Ahmed,23/01/2024,Table,Furniture,,-1,,Pakistan,507.98,1,Bilal Ahmed,,23/01/2024
1837,Ahmed Raza,10/01/2024,Headphones,Electronics,563.56,,,Pakistan,563.56,1,Ahmed Raza,,10/01/2024
1838,Ayesha Noor,18/01/2024,Headphones,Electronics,719.67,,,Pakistan,719.67,1,Ayesha Noor,,18/01/2024
1839,Ahmed Raza,15/01/2024,Laptop,Electronics,,-1,,Pakistan,507.98,1,Ahmed Raza,,15/01/2024
1840,Ayesha Noor,04/01/2024,Mouse,Electronics,779.84,,,Pakistan,779.84,1,Ayesha Noor,,04/01/2024
1842,Usman Ali,09/01/2024,Keyboard,Electronics,,-1,,Pakistan,507.98,1,Usman Ali,,09/01/2024
1843,Ahmed Raza,26/01/2024,Keyboard,Electronics,787.36,2,1574.72,Pakistan,787.36,2,Ahmed Raza,1574.72,26/01/2024
1844,Bilal Ahmed,17/01/2024,Chair,Furniture,,2,,Pakistan,507.98,2,Bilal Ahmed,,17/01/2024
1845,Ayesha Noor,06/01/2024,Chair,Furniture,261.89,-1,,Pakistan,261.89,1,Ayesha Noor,,06/01/2024
1848,Ahmed Raza,04/01/2024,Mouse,Electronics, ,-1,,Pakistan,507.98,1,Ahmed Raza,,04/01/2024
1850,Ali Khan,05/01/2024,Chair,Furniture,,1,,Pakistan,507.98,1,Ali Khan,,05/01/2024
1852,Bilal Ahmed,15/01/2024,Phone,Electronics, ,,,Pakistan,507.98,1,Bilal Ahmed,,15/01/2024
1853,Bilal Ahmed,13/01/2024,Keyboard,Electronics,,,,Pakistan,507.98,1,Bilal Ahmed,,13/01/2024
1854,Ali Khan,15/01/2024,Laptop,Electronics,945.10,,,Pakistan,945.10,1,Ali Khan,,15/01/2024
1855,Ali Khan,21/01/2024,Chair,Furniture,641.65,,,Pakistan,641.65,1,Ali Khan,,21/01/2024
1857,,28/01/2024,Table,Furniture,468.55,,,Pakistan,468.55,1,Unknown,,28/01/2024
1858,Sara Ahmed,03/01/2024,Keyboard,Electronics, ,,,Pakistan,507.98,1,Sara Ahmed,,03/01/2024
1859,,09/01/2024,Laptop,Electronics,,-1,,Pakistan,507.98,1,Unknown,,09/01/2024
1860,Ali Khan,09/01/2024,Monitor,Electronics, ,3,,Pakistan,507.98,3,Ali Khan,,09/01/2024
1861,Hina Khan,24/01/2024,Mouse,Electronics, ,,,Pakistan,507.98,1,Hina Khan,,24/01/2024
1862,Sara Ahmed,13/01/2024,Keyboard,Electronics,,-1,,Pakistan,507.98,1,Sara Ahmed,,13/01/2024
1863,Ayesha Noor,04/01/2024,Laptop,Electronics,,-1,,Pakistan,507.98,1,Ayesha Noor,,04/01/2024
1864,Ayesha Noor,12/01/2024,Chair,Furniture, ,4,,Pakistan,507.98,4,Ayesha Noor,,12/01/2024
1868,Hina Khan,13/01/2024,Laptop,Electronics, ,-1,,Pakistan,507.98,1,Hina Khan,,13/01/2024
1869,Hina Khan,02/01/2024,Mouse,Electronics,,,,Pakistan,507.98,1,Hina Khan,,02/01/2024
1870,Ayesha Noor,03/01/2024,Headphones,Electronics,,1,,Pakistan,507.98,1,Ayesha Noor,,03/01/2024
1871,Hina Khan,22/01/2024,Laptop,Electronics,,,,Pakistan,507.98,1,Hina Khan,,22/01/2024
1873,,23/01/2024,Keyboard,Electronics,,,,Pakistan,507.98,1,Unknown,,23/01/2024
1874,Ayesha Noor,17/01/2024,Keyboard,Electronics,976.49,3,2929.47,Pakistan,976.49,3,Ayesha Noor,2929.47,17/01/2024
1875,Hina Khan,22/01/2024,Table,Furniture,,,,Pakistan,507.98,1,Hina Khan,,22/01/2024
1876,,09/01/2024,Headphones,Electronics, ,4,,Pakistan,507.98,4,Unknown,,09/01/2024
1877,Ali Khan,25/01/2024,Chair,Furniture,,3,,Pakistan,507.98,3,Ali Khan,,25/01/2024
1878,,25/01/2024,Headphones,Electronics,,4,,Pakistan,507.98,4,Unknown,,25/01/2024
1880,Ayesha Noor,15/01/2024,Headphones,Electronics,556.02,,,Pakistan,556.02,1,Ayesha Noor,,15/01/2024
1881,,25/01/2024,Keyboard,Electronics, ,1,,Pakistan,507.98,1,Unknown,,25/01/2024
1882,Ahmed Raza,22/01/2024,Table,Furniture, ,,,Pakistan,507.98,1,Ahmed Raza,,22/01/2024
1884,Ahmed Raza,15/01/2024,Laptop,Electronics, ,,,Pakistan,507.98,1,Ahmed Raza,,15/01/2024
1886,Ali Khan,11/01/2024,Phone,Electronics,963.51,,,Pakistan,963.51,1,Ali Khan,,11/01/2024
1887,Bilal Ahmed,17/01/2024,Table,Furniture, ,-1,,Pakistan,507.98,1,Bilal Ahmed,,17/01/2024
1888,Ali Khan,25/01/2024,Mouse,Electronics,,,,Pakistan,507.98,1,Ali Khan,,25/01/2024
1889,Sara Ahmed,13/01/2024,Laptop,Electronics,164.02,,,Pakistan,164.02,1,Sara Ahmed,,13/01/2024
1890,Ali Khan,08/01/2024,Monitor,Electronics,,-1,,Pakistan,507.98,1,Ali Khan,,08/01/2024
1892,Ali Khan,06/01/2024,Laptop,Electronics,480.59,,,Pakistan,480.59,1,Ali Khan,,06/01/2024
1893,Sara Ahmed,14/01/2024,Phone,Electronics, ,,,Pakistan,507.98,1,Sara Ahmed,,14/01/2024
1894,Ali Khan,20/01/2024,Monitor,Electronics,245.65,4,982.6,Pakistan,245.65,4,Ali Khan,982.6,20/01/2024
1895,Ahmed Raza,22/01/2024,Chair,Furniture,,-1,,Pakistan,507.98,1,Ahmed Raza,,22/01/2024
1897,Sara Ahmed,06/01/2024,Mouse,Electronics, ,-1,,Pakistan,507.98,1,Sara Ahmed,,06/01/2024
1898,Usman Ali,14/01/2024,Phone,Electronics, ,2,,Pakistan,507.98,2,Usman Ali,,14/01/2024
1900,Ali Khan,12/01/2024,Headphones,Electronics,,,,Pakistan,507.98,1,Ali Khan,,12/01/2024
1902,Ayesha Noor,09/01/2024,Laptop,Electronics,,,,Pakistan,507.98,1,Ayesha Noor,,09/01/2024
1903,Hina Khan,16/01/2024,Headphones,Electronics,,,,Pakistan,507.98,1,Hina Khan,,16/01/2024
1904,,25/01/2024,Phone,Electronics,,,,Pakistan,507.98,1,Unknown,,25/01/2024
1906,Bilal Ahmed,06/01/2024,Keyboard,Electronics,206.31,-1,,Pakistan,206.31,1,Bilal Ahmed,,06/01/2024
1908,Ayesha Noor,11/01/2024,Table,Furniture,,3,,Pakistan,507.98,3,Ayesha Noor,,11/01/2024
1909,Usman Ali,10/01/2024,Table,Furniture,,4,,Pakistan,507.98,4,Usman Ali,,10/01/2024
1910,Ayesha Noor,15/01/2024,Monitor,Electronics, ,-1,,Pakistan,507.98,1,Ayesha Noor,,15/01/2024
1911,Hina Khan,20/01/2024,Keyboard,Electronics,,,,Pakistan,507.98,1,Hina Khan,,20/01/2024
1912,,22/01/2024,Laptop,Electronics,,2,,Pakistan,507.98,2,Unknown,,22/01/2024
1914,,24/01/2024,Keyboard,Electronics, ,-1,,Pakistan,507.98,1,Unknown,,24/01/2024
1915,Hina Khan,23/01/2024,Monitor,Electronics,,,,Pakistan,507.98,1,Hina Khan,,23/01/2024
1916,,25/01/2024,Laptop,Electronics,,-1,,Pakistan,507.98,1,Unknown,,25/01/2024
1918,Ahmed Raza,23/01/2024,Chair,Furniture,,,,Pakistan,507.98,1,Ahmed Raza,,23/01/2024
1919,Ali Khan,25/01/2024,Phone,Electronics,384.29,-1,,Pakistan,384.29,1,Ali Khan,,25/01/2024
1920,Ahmed Raza,30/01/2024,Headphones,Electronics,920.06,1,920.06,Pakistan,920.06,1,Ahmed Raza,920.06,30/01/2024
1921,Sara Ahmed,26/01/2024,Monitor,Electronics, ,2,,Pakistan,507.98,2,Sara Ahmed,,26/01/2024
1922,Ali Khan,29/01/2024,Table,Furniture,572.79,-1,,Pakistan,572.79,1,Ali Khan,,29/01/2024
1923,Ali Khan,01/01/2024,Headphones,Electronics,,,,Pakistan,507.98,1,Ali Khan,,01/01/2024
1924,Hina Khan,13/01/2024,Keyboard,Electronics, ,,,Pakistan,507.98,1,Hina Khan,,13/01/2024
1925,Bilal Ahmed,27/01/2024,Headphones,Electronics,,,,Pakistan,507.98,1,Bilal Ahmed,,27/01/2024
1926,Ahmed Raza,01/01/2024,Mouse,Electronics, ,,,Pakistan,507.98,1,Ahmed Raza,,01/01/2024
1927,Hina Khan,29/01/2024,Keyboard,Electronics, ,,,Pakistan,507.98,1,Hina Khan,,29/01/2024
1928,Bilal Ahmed,19/01/2024,Keyboard,Electronics,,2,,Pakistan,507.98,2,Bilal Ahmed,,19/01/2024
1929,Bilal Ahmed,19/01/2024,Mouse,Electronics, ,-1,,Pakistan,507.98,1,Bilal Ahmed,,19/01/2024
1930,Ahmed Raza,26/01/2024,Headphones,Electronics,894.71,,,Pakistan,894.71,1,Ahmed Raza,,26/01/2024
1931,,23/01/2024,Headphones,Electronics,486.81,,,Pakistan,486.81,1,Unknown,,23/01/2024
1932,Usman Ali,20/01/2024,Chair,Furniture, ,1,,Pakistan,507.98,1,Usman Ali,,20/01/2024
1936,Bilal Ahmed,27/01/2024,Phone,Electronics,,,,Pakistan,507.98,1,Bilal Ahmed,,27/01/2024
1938,Sara Ahmed,17/01/2024,Monitor,Electronics,,-1,,Pakistan,507.98,1,Sara Ahmed,,17/01/2024
1939,,05/01/2024,Headphones,Electronics,403.99,1,403.99,Pakistan,403.99,1,Unknown,403.99,05/01/2024
1940,Usman Ali,09/01/2024,Phone,Electronics, ,,,Pakistan,507.98,1,Usman Ali,,09/01/2024
1941,Bilal Ahmed,22/01/2024,Monitor,Electronics,728.67,-1,,Pakistan,728.67,1,Bilal Ahmed,,22/01/2024
1943,,19/01/2024,Chair,Furniture, ,,,Pakistan,507.98,1,Unknown,,19/01/2024
1944,,19/01/2024,Laptop,Electronics,669.79,,,Pakistan,669.79,1,Unknown,,19/01/2024
1945,,09/01/2024,Phone,Electronics,,,,Pakistan,507.98,1,Unknown,,09/01/2024
1948,Sara Ahmed,22/01/2024,Monitor,Electronics, ,,,Pakistan,507.98,1,Sara Ahmed,,22/01/2024
1949,Ali Khan,22/01/2024,Mouse,Electronics,,1,,Pakistan,507.98,1,Ali Khan,,22/01/2024
1950,Ahmed Raza,27/01/2024,Phone,Electronics, ,,,Pakistan,507.98,1,Ahmed Raza,,27/01/2024
1951,,27/01/2024,Keyboard,Electronics,592.10,-1,,Pakistan,592.10,1,Unknown,,27/01/2024
1952,Ayesha Noor,25/01/2024,Table,Furniture,,,,Pakistan,507.98,1,Ayesha Noor,,25/01/2024
1953,Usman Ali,15/01/2024,Headphones,Electronics, ,-1,,Pakistan,507.98,1,Usman Ali,,15/01/2024
1955,Bilal Ahmed,09/01/2024,Headphones,Electronics,459.84,-1,,Pakistan,459.84,1,Bilal Ahmed,,09/01/2024
1956,Sara Ahmed,07/01/2024,Phone,Electronics, ,1,,Pakistan,507.98,1,Sara Ahmed,,07/01/2024
1957,,26/01/2024,Monitor,Electronics, ,-1,,Pakistan,507.98,1,Unknown,,26/01/2024
1958,Ayesha Noor,17/01/2024,Phone,Electronics, ,1,,Pakistan,507.98,1,Ayesha Noor,,17/01/2024
1959,Hina Khan,06/01/2024,Table,Furniture,348.90,,,Pakistan,348.90,1,Hina Khan,,06/01/2024
1960,Hina Khan,17/01/2024,Keyboard,Electronics, ,,,Pakistan,507.98,1,Hina Khan,,17/01/2024
1961,,15/01/2024,Phone,Electronics, ,-1,,Pakistan,507.98,1,Unknown,,15/01/2024
1963,Hina Khan,17/01/2024,Headphones,Electronics, ,-1,,Pakistan,507.98,1,Hina Khan,,17/01/2024
1964,Sara Ahmed,14/01/2024,Table,Furniture, ,2,,Pakistan,507.98,2,Sara Ahmed,,14/01/2024
1965,,23/01/2024,Keyboard,Electronics,,,,Pakistan,507.98,1,Unknown,,23/01/2024
1966,,29/01/2024,Headphones,Electronics, ,-1,,Pakistan,507.98,1,Unknown,,29/01/2024
1968,,06/01/2024,Monitor,Electronics, ,,,Pakistan,507.98,1,Unknown,,06/01/2024
1969,,03/01/2024,Monitor,Electronics,,-1,,Pakistan,507.98,1,Unknown,,03/01/2024
1970,,10/01/2024,Chair,Furniture,174.13,4,696.52,Pakistan,174.13,4,Unknown,696.52,10/01/2024
1971,Sara Ahmed,02/01/2024,Table,Furniture,,-1,,Pakistan,507.98,1,Sara Ahmed,,02/01/2024
1972,Sara Ahmed,08/01/2024,Chair,Furniture,265.46,4,1061.84,Pakistan,265.46,4,Sara Ahmed,1061.84,08/01/2024
1973,Ayesha Noor,03/01/2024,Table,Furniture,836.17,,,Pakistan,836.17,1,Ayesha Noor,,03/01/2024
1974,Bilal Ahmed,20/01/2024,Monitor,Electronics, ,4,,Pakistan,507.98,4,Bilal Ahmed,,20/01/2024
1975,Usman Ali,17/01/2024,Laptop,Electronics,,-1,,Pakistan,507.98,1,Usman Ali,,17/01/2024
1976,Ahmed Raza,05/01/2024,Table,Furniture, ,,,Pakistan,507.98,1,Ahmed Raza,,05/01/2024
1977,Ayesha Noor,28/01/2024,Keyboard,Electronics,416.44,,,Pakistan,416.44,1,Ayesha Noor,,28/01/2024
1978,Ayesha Noor,27/01/2024,Table,Furniture, ,-1,,Pakistan,507.98,1,Ayesha Noor,,27/01/2024
1980,Hina Khan,07/01/2024,Chair,Furniture, ,,,Pakistan,507.98,1,Hina Khan,,07/01/2024
1982,Hina Khan,19/01/2024,Table,Furniture, ,-1,,Pakistan,507.98,1,Hina Khan,,19/01/2024
1983,Usman Ali,18/01/2024,Laptop,Electronics,,-1,,Pakistan,507.98,1,Usman Ali,,18/01/2024
1984,Ayesha Noor,26/01/2024,Headphones,Electronics, ,-1,,Pakistan,507.98,1,Ayesha Noor,,26/01/2024
1986,Ahmed Raza,30/01/2024,Laptop,Electronics,206.02,,,Pakistan,206.02,1,Ahmed Raza,,30/01/2024
1991,Hina Khan,06/01/2024,Laptop,Electronics,86.97,,,Pakistan,86.97,1,Hina Khan,,06/01/2024
1992,Hina Khan,20/01/2024,Phone,Electronics,468.86,3,1406.58,Pakistan,468.86,3,Hina Khan,1406.58,20/01/2024
1993,Ali Khan,15/01/2024,Keyboard,Electronics,648.80,,,Pakistan,648.80,1,Ali Khan,,15/01/2024
1994,,15/01/2024,Mouse,Electronics,572.39,1,572.39,Pakistan,572.39,1,Unknown,572.39,15/01/2024
1995,Ahmed Raza,16/01/2024,Headphones,Electronics,,4,,Pakistan,507.98,4,Ahmed Raza,,16/01/2024
1996,Bilal Ahmed,02/01/2024,Chair,Furniture,868.77,,,Pakistan,868.77,1,Bilal Ahmed,,02/01/2024
1999,Usman Ali,24/01/2024,Phone,Electronics,,1,,Pakistan,507.98,1,Usman Ali,,24/01/2024
2001,,17/01/2024,Laptop,Electronics,,-1,,Pakistan,507.98,1,Unknown,,17/01/2024
2002,,09/01/2024,Headphones,Electronics,,2,,Pakistan,507.98,2,Unknown,,09/01/2024
2003,Hina Khan,06/01/2024,Keyboard,Electronics,,-1,,Pakistan,507.98,1,Hina Khan,,06/01/2024
2004,Usman Ali,22/01/2024,Headphones,Electronics, ,,,Pakistan,507.98,1,Usman Ali,,22/01/2024
2005,,21/01/2024,Chair,Furniture, ,4,,Pakistan,507.98,4,Unknown,,21/01/2024
2006,Usman Ali,29/01/2024,Monitor,Electronics, ,3,,Pakistan,507.98,3,Usman Ali,,29/01/2024
2007,Ali Khan,24/01/2024,Chair,Furniture,555.94,-1,,Pakistan,555.94,1,Ali Khan,,24/01/2024
2009,Bilal Ahmed,23/01/2024,Table,Furniture, ,,,Pakistan,507.98,1,Bilal Ahmed,,23/01/2024
2010,Ali Khan,01/01/2024,Monitor,Electronics,,3,,Pakistan,507.98,3,Ali Khan,,01/01/2024
2011,Ali Khan,02/01/2024,Keyboard,Electronics, ,,,Pakistan,507.98,1,Ali Khan,,02/01/2024
2013,Ayesha Noor,16/01/2024,Phone,Electronics, ,-1,,Pakistan,507.98,1,Ayesha Noor,,16/01/2024
2015,Ali Khan,03/01/2024,Laptop,Electronics, ,1,,Pakistan,507.98,1,Ali Khan,,03/01/2024
2016,Ayesha Noor,27/01/2024,Mouse,Electronics,531.02,,,Pakistan,531.02,1,Ayesha Noor,,27/01/2024
2017,Sara Ahmed,17/01/2024,Phone,Electronics, ,2,,Pakistan,507.98,2,Sara Ahmed,,17/01/2024
2018,,07/01/2024,Monitor,Electronics, ,,,Pakistan,507.98,1,Unknown,,07/01/2024
2020,,21/01/2024,Mouse,Electronics,637.64,3,1912.92,Pakistan,637.64,3,Unknown,1912.92,21/01/2024
2021,Usman Ali,27/01/2024,Chair,Furniture,,4,,Pakistan,507.98,4,Usman Ali,,27/01/2024
2022,Ali Khan,18/01/2024,Monitor,Electronics,,-1,,Pakistan,507.98,1,Ali Khan,,18/01/2024
2023,Sara Ahmed,02/01/2024,Laptop,Electronics,,2,,Pakistan,507.98,2,Sara Ahmed,,02/01/2024
2026,Sara Ahmed,01/01/2024,Table,Furniture,,-1,,Pakistan,507.98,1,Sara Ahmed,,01/01/2024
2027,Usman Ali,25/01/2024,Table,Furniture, ,1,,Pakistan,507.98,1,Usman Ali,,25/01/2024
2030,Sara Ahmed,03/01/2024,Chair,Furniture,809.73,,,Pakistan,809.73,1,Sara Ahmed,,03/01/2024
2031,Usman Ali,12/01/2024,Laptop,Electronics,454.44,2,908.88,Pakistan,454.44,2,Usman Ali,908.88,12/01/2024
2032,Ayesha Noor,21/01/2024,Headphones,Electronics, ,,,Pakistan,507.98,1,Ayesha Noor,,21/01/2024
2033,Ahmed Raza,24/01/2024,Headphones,Electronics,,-1,,Pakistan,507.98,1,Ahmed Raza,,24/01/2024
2034,Ahmed Raza,23/01/2024,Table,Furniture,639.57,,,Pakistan,639.57,1,Ahmed Raza,,23/01/2024
2035,Ahmed Raza,07/01/2024,Chair,Furniture, ,-1,,Pakistan,507.98,1,Ahmed Raza,,07/01/2024
2036,Ali Khan,09/01/2024,Table,Furniture, ,-1,,Pakistan,507.98,1,Ali Khan,,09/01/2024
2037,Bilal Ahmed,07/01/2024,Table,Furniture, ,-1,,Pakistan,507.98,1,Bilal Ahmed,,07/01/2024
2038,Hina Khan,17/01/2024,Keyboard,Electronics, ,-1,,Pakistan,507.98,1,Hina Khan,,17/01/2024
2040,Ayesha Noor,29/01/2024,Mouse,Electronics,422.87,-1,,Pakistan,422.87,1,Ayesha Noor,,29/01/2024
2041,,14/01/2024,Keyboard,Electronics,,1,,Pakistan,507.98,1,Unknown,,14/01/2024
2043,Ahmed Raza,12/01/2024,Keyboard,Electronics,310.85,,,Pakistan,310.85,1,Ahmed Raza,,12/01/2024
2044,Ayesha Noor,01/01/2024,Monitor,Electronics, ,,,Pakistan,507.98,1,Ayesha Noor,,01/01/2024
2045,Ahmed Raza,14/01/2024,Mouse,Electronics, ,3,,Pakistan,507.98,3,Ahmed Raza,,14/01/2024
2048,Ayesha Noor,22/01/2024,Laptop,Electronics,,-1,,Pakistan,507.98,1,Ayesha Noor,,22/01/2024
2049,Usman Ali,24/01/2024,Monitor,Electronics,,,,Pakistan,507.98,1,Usman Ali,,24/01/2024
2051,,15/01/2024,Mouse,Electronics,,,,Pakistan,507.98,1,Unknown,,15/01/2024
2052,Ayesha Noor,02/01/2024,Headphones,Electronics, ,,,Pakistan,507.98,1,Ayesha Noor,,02/01/2024
2053,Ali Khan,16/01/2024,Table,Furniture,133.09,,,Pakistan,133.09,1,Ali Khan,,16/01/2024
2054,Sara Ahmed,21/01/2024,Monitor,Electronics,,-1,,Pakistan,507.98,1,Sara Ahmed,,21/01/2024
2055,Ayesha Noor,07/01/2024,Monitor,Electronics,,,,Pakistan,507.98,1,Ayesha Noor,,07/01/2024
2057,Ahmed Raza,21/01/2024,Chair,Furniture,619.11,,,Pakistan,619.11,1,Ahmed Raza,,21/01/2024
2059,Bilal Ahmed,21/01/2024,Chair,Furniture, ,,,Pakistan,507.98,1,Bilal Ahmed,,21/01/2024
2061,Ahmed Raza,25/01/2024,Phone,Electronics, ,3,,Pakistan,507.98,3,Ahmed Raza,,25/01/2024
2062,Usman Ali,19/01/2024,Monitor,Electronics,795.73,,,Pakistan,795.73,1,Usman Ali,,19/01/2024
2063,Ali Khan,19/01/2024,Laptop,Electronics,,1,,Pakistan,507.98,1,Ali Khan,,19/01/2024
2065,Bilal Ahmed,25/01/2024,Monitor,Electronics,,,,Pakistan,507.98,1,Bilal Ahmed,,25/01/2024
2067,Sara Ahmed,04/01/2024,Table,Furniture, ,,,Pakistan,507.98,1,Sara Ahmed,,04/01/2024
2068,Usman Ali,13/01/2024,Table,Furniture, ,,,Pakistan,507.98,1,Usman Ali,,13/01/2024
2069,Hina Khan,13/01/2024,Chair,Furniture, ,,,Pakistan,507.98,1,Hina Khan,,13/01/2024
2070,Usman Ali,27/01/2024,Headphones,Electronics,457.46,3,1372.38,Pakistan,457.46,3,Usman Ali,1372.38,27/01/2024
2072,Ahmed Raza,04/01/2024,Laptop,Electronics, ,,,Pakistan,507.98,1,Ahmed Raza,,04/01/2024
2074,,09/01/2024,Headphones,Electronics,,2,,Pakistan,507.98,2,Unknown,,09/01/2024
2075,Sara Ahmed,15/01/2024,Headphones,Electronics,67.68,-1,,Pakistan,67.68,1,Sara Ahmed,,15/01/2024
2076,Ali Khan,26/01/2024,Headphones,Electronics,,-1,,Pakistan,507.98,1,Ali Khan,,26/01/2024
2080,Ali Khan,06/01/2024,Phone,Electronics,175.51,,,Pakistan,175.51,1,Ali Khan,,06/01/2024
2081,Usman Ali,23/01/2024,Table,Furniture, ,,,Pakistan,507.98,1,Usman Ali,,23/01/2024
2082,Ayesha Noor,21/01/2024,Monitor,Electronics, ,,,Pakistan,507.98,1,Ayesha Noor,,21/01/2024
2083,Usman Ali,12/01/2024,Headphones,Electronics,,-1,,Pakistan,507.98,1,Usman Ali,,12/01/2024
2084,Ali Khan,16/01/2024,Keyboard,Electronics,327.55,,,Pakistan,327.55,1,Ali Khan,,16/01/2024
2085,Hina Khan,13/01/2024,Keyboard,Electronics, ,-1,,Pakistan,507.98,1,Hina Khan,,13/01/2024
2087,Ali Khan,26/01/2024,Mouse,Electronics, ,-1,,Pakistan,507.98,1,Ali Khan,,26/01/2024
2088,Sara Ahmed,23/01/2024,Table,Furniture,,4,,Pakistan,507.98,4,Sara Ahmed,,23/01/2024
2089,Ahmed Raza,06/01/2024,Table,Furniture,278.78,-1,,Pakistan,278.78,1,Ahmed Raza,,06/01/2024
2090,Ayesha Noor,30/01/2024,Table,Furniture, ,,,Pakistan,507.98,1,Ayesha Noor,,30/01/2024
2091,Hina Khan,28/01/2024,Mouse,Electronics,292.89,3,878.67,Pakistan,292.89,3,Hina Khan,878.67,28/01/2024
2093,Ayesha Noor,04/01/2024,Laptop,Electronics,472.29,-1,,Pakistan,472.29,1,Ayesha Noor,,04/01/2024
2094,Sara Ahmed,06/01/2024,Table,Furniture,,,,Pakistan,507.98,1,Sara Ahmed,,06/01/2024
2096,Sara Ahmed,22/01/2024,Monitor,Electronics,,,,Pakistan,507.98,1,Sara Ahmed,,22/01/2024
2097,,05/01/2024,Table,Furniture, ,,,Pakistan,507.98,1,Unknown,,05/01/2024
2099,,08/01/2024,Chair,Furniture,447.69,,,Pakistan,447.69,1,Unknown,,08/01/2024
2100,Ali Khan,02/01/2024,Headphones,Electronics, ,1,,Pakistan,507.98,1,Ali Khan,,02/01/2024
2101,,29/01/2024,Headphones,Electronics,113.02,-1,,Pakistan,113.02,1,Unknown,,29/01/2024
2102,Ahmed Raza,11/01/2024,Laptop,Electronics,753.22,-1,,Pakistan,753.22,1,Ahmed Raza,,11/01/2024
2103,Usman Ali,10/01/2024,Mouse,Electronics,,-1,,Pakistan,507.98,1,Usman Ali,,10/01/2024
2104,Usman Ali,16/01/2024,Monitor,Electronics, ,,,Pakistan,507.98,1,Usman Ali,,16/01/2024
2105,Bilal Ahmed,11/01/2024,Laptop,Electronics, ,2,,Pakistan,507.98,2,Bilal Ahmed,,11/01/2024
2106,,28/01/2024,Monitor,Electronics,661.26,,,Pakistan,661.26,1,Unknown,,28/01/2024
2107,Hina Khan,22/01/2024,Chair,Furniture,,,,Pakistan,507.98,1,Hina Khan,,22/01/2024
2109,Ali Khan,03/01/2024,Mouse,Electronics, ,-1,,Pakistan,507.98,1,Ali Khan,,03/01/2024
2110,Bilal Ahmed,25/01/2024,Headphones,Electronics,87.94,,,Pakistan,87.94,1,Bilal Ahmed,,25/01/2024
2111,Ahmed Raza,02/01/2024,Monitor,Electronics,713.25,,,Pakistan,713.25,1,Ahmed Raza,,02/01/2024
2113,Hina Khan,14/01/2024,Phone,Electronics,355.07,,,Pakistan,355.07,1,Hina Khan,,14/01/2024
2114,Ahmed Raza,19/01/2024,Table,Furniture,454.20,-1,,Pakistan,454.20,1,Ahmed Raza,,19/01/2024
2122,Ahmed Raza,17/01/2024,Monitor,Electronics, ,,,Pakistan,507.98,1,Ahmed Raza,,17/01/2024
2123,,18/01/2024,Keyboard,Electronics,783.52,3,2350.56,Pakistan,783.52,3,Unknown,2350.56,18/01/2024
2124,Bilal Ahmed,27/01/2024,Keyboard,Electronics,841.39,-1,,Pakistan,841.39,1,Bilal Ahmed,,27/01/2024
2125,Ayesha Noor,06/01/2024,Phone,Electronics,545.22,4,2180.88,Pakistan,545.22,4,Ayesha Noor,2180.88,06/01/2024
2127,Ali Khan,06/01/2024,Monitor,Electronics,,,,Pakistan,507.98,1,Ali Khan,,06/01/2024
2129,Ayesha Noor,20/01/2024,Chair,Furniture,434.87,2,869.74,Pakistan,434.87,2,Ayesha Noor,869.74,20/01/2024
2130,Sara Ahmed,17/01/2024,Phone,Electronics,261.36,,,Pakistan,261.36,1,Sara Ahmed,,17/01/2024
2134,Ali Khan,17/01/2024,Headphones,Electronics,,-1,,Pakistan,507.98,1,Ali Khan,,17/01/2024
2136,,07/01/2024,Table,Furniture,975.84,-1,,Pakistan,975.84,1,Unknown,,07/01/2024
2137,Ayesha Noor,10/01/2024,Keyboard,Electronics, ,2,,Pakistan,507.98,2,Ayesha Noor,,10/01/2024
2138,Ali Khan,11/01/2024,Keyboard,Electronics, ,,,Pakistan,507.98,1,Ali Khan,,11/01/2024
2139,Sara Ahmed,02/01/2024,Chair,Furniture,74.12,-1,,Pakistan,74.12,1,Sara Ahmed,,02/01/2024
2141,Ahmed Raza,25/01/2024,Laptop,Electronics, ,4,,Pakistan,507.98,4,Ahmed Raza,,25/01/2024
2142,Ahmed Raza,23/01/2024,Chair,Furniture, ,-1,,Pakistan,507.98,1,Ahmed Raza,,23/01/2024
2143,Ali Khan,30/01/2024,Chair,Furniture, ,,,Pakistan,507.98,1,Ali Khan,,30/01/2024
2144,Usman Ali,07/01/2024,Table,Furniture,366.62,-1,,Pakistan,366.62,1,Usman Ali,,07/01/2024
2146,,24/01/2024,Laptop,Electronics,,3,,Pakistan,507.98,3,Unknown,,24/01/2024
2147,Ahmed Raza,23/01/2024,Mouse,Electronics,,2,,Pakistan,507.98,2,Ahmed Raza,,23/01/2024
2151,Hina Khan,25/01/2024,Laptop,Electronics, ,-1,,Pakistan,507.98,1,Hina Khan,,25/01/2024
2152,Ahmed Raza,02/01/2024,Phone,Electronics,,-1,,Pakistan,507.98,1,Ahmed Raza,,02/01/2024
2155,Sara Ahmed,17/01/2024,Chair,Furniture,941.61,-1,,Pakistan,941.61,1,Sara Ahmed,,17/01/2024
2158,Ayesha Noor,03/01/2024,Headphones,Electronics,,-1,,Pakistan,507.98,1,Ayesha Noor,,03/01/2024
2159,Bilal Ahmed,27/01/2024,Keyboard,Electronics, ,,,Pakistan,507.98,1,Bilal Ahmed,,27/01/2024
2160,Ali Khan,13/01/2024,Keyboard,Electronics, ,1,,Pakistan,507.98,1,Ali Khan,,13/01/2024
2165,Ahmed Raza,03/01/2024,Chair,Furniture,829.20,,,Pakistan,829.20,1,Ahmed Raza,,03/01/2024
2166,Usman Ali,06/01/2024,Keyboard,Electronics,,-1,,Pakistan,507.98,1,Usman Ali,,06/01/2024
2167,,25/01/2024,Monitor,Electronics, ,2,,Pakistan,507.98,2,Unknown,,25/01/2024
2168,Ayesha Noor,27/01/2024,Phone,Electronics,565.65,3,1696.95,Pakistan,565.65,3,Ayesha Noor,1696.95,27/01/2024
2169,Ali Khan,30/01/2024,Keyboard,Electronics, ,,,Pakistan,507.98,1,Ali Khan,,30/01/2024
2170,Hina Khan,21/01/2024,Table,Furniture,876.59,-1,,Pakistan,876.59,1,Hina Khan,,21/01/2024
2171,Sara Ahmed,04/01/2024,Phone,Electronics,,-1,,Pakistan,507.98,1,Sara Ahmed,,04/01/2024
2172,Usman Ali,17/01/2024,Mouse,Electronics,389.00,1,389,Pakistan,389.00,1,Usman Ali,389,17/01/2024
2174,Sara Ahmed,24/01/2024,Keyboard,Electronics,252.34,-1,,Pakistan,252.34,1,Sara Ahmed,,24/01/2024
2176,,26/01/2024,Table,Furniture,598.15,-1,,Pakistan,598.15,1,Unknown,,26/01/2024
2177,Hina Khan,25/01/2024,Laptop,Electronics,,,,Pakistan,507.98,1,Hina Khan,,25/01/2024
2179,Hina Khan,07/01/2024,Keyboard,Electronics,,2,,Pakistan,507.98,2,Hina Khan,,07/01/2024
2180,Usman Ali,11/01/2024,Keyboard,Electronics,49.85,1,49.85,Pakistan,49.85,1,Usman Ali,49.85,11/01/2024
2182,Ahmed Raza,15/01/2024,Headphones,Electronics,,,,Pakistan,507.98,1,Ahmed Raza,,15/01/2024
2183,Usman Ali,23/01/2024,Monitor,Electronics, ,,,Pakistan,507.98,1,Usman Ali,,23/01/2024
2184,Ali Khan,09/01/2024,Phone,Electronics, ,-1,,Pakistan,507.98,1,Ali Khan,,09/01/2024
2186,Usman Ali,15/01/2024,Phone,Electronics,,-1,,Pakistan,507.98,1,Usman Ali,,15/01/2024
2187,Ayesha Noor,08/01/2024,Laptop,Electronics, ,,,Pakistan,507.98,1,Ayesha Noor,,08/01/2024
2188,,01/01/2024,Chair,Furniture,,3,,Pakistan,507.98,3,Unknown,,01/01/2024
2190,Ahmed Raza,26/01/2024,Chair,Furniture,,3,,Pakistan,507.98,3,Ahmed Raza,,26/01/2024
2191,Sara Ahmed,06/01/2024,Headphones,Electronics,,1,,Pakistan,507.98,1,Sara Ahmed,,06/01/2024
2192,Ahmed Raza,13/01/2024,Phone,Electronics,,,,Pakistan,507.98,1,Ahmed Raza,,13/01/2024
2193,Hina Khan,19/01/2024,Phone,Electronics,,,,Pakistan,507.98,1,Hina Khan,,19/01/2024
2194,Usman Ali,08/01/2024,Phone,Electronics,,,,Pakistan,507.98,1,Usman Ali,,08/01/2024
2195,Ahmed Raza,06/01/2024,Chair,Furniture, ,2,,Pakistan,507.98,2,Ahmed Raza,,06/01/2024
2196,Ali Khan,06/01/2024,Table,Furniture,948.22,,,Pakistan,948.22,1,Ali Khan,,06/01/2024
2197,,22/01/2024,Monitor,Electronics,291.92,,,Pakistan,291.92,1,Unknown,,22/01/2024
2199,Bilal Ahmed,09/01/2024,Laptop,Electronics,630.24,-1,,Pakistan,630.24,1,Bilal Ahmed,,09/01/2024
2200,,19/01/2024,Monitor,Electronics,,-1,,Pakistan,507.98,1,Unknown,,19/01/2024
2201,Usman Ali,24/01/2024,Chair,Furniture,,2,,Pakistan,507.98,2,Usman Ali,,24/01/2024
2202,Ayesha Noor,08/01/2024,Keyboard,Electronics,936.77,,,Pakistan,936.77,1,Ayesha Noor,,08/01/2024
2203,Bilal Ahmed,18/01/2024,Chair,Furniture, ,,,Pakistan,507.98,1,Bilal Ahmed,,18/01/2024
2204,Bilal Ahmed,27/01/2024,Headphones,Electronics, ,-1,,Pakistan,507.98,1,Bilal Ahmed,,27/01/2024
2205,Ahmed Raza,23/01/2024,Mouse,Electronics,,,,Pakistan,507.98,1,Ahmed Raza,,23/01/2024
2208,Ahmed Raza,10/01/2024,Chair,Furniture,308.38,,,Pakistan,308.38,1,Ahmed Raza,,10/01/2024
2209,Ahmed Raza,27/01/2024,Laptop,Electronics, ,3,,Pakistan,507.98,3,Ahmed Raza,,27/01/2024
2210,Ayesha Noor,09/01/2024,Keyboard,Electronics,,3,,Pakistan,507.98,3,Ayesha Noor,,09/01/2024
2211,Ahmed Raza,02/01/2024,Keyboard,Electronics, ,3,,Pakistan,507.98,3,Ahmed Raza,,02/01/2024
2212,Usman Ali,16/01/2024,Chair,Furniture,,-1,,Pakistan,507.98,1,Usman Ali,,16/01/2024
2213,Ayesha Noor,02/01/2024,Table,Furniture,,,,Pakistan,507.98,1,Ayesha Noor,,02/01/2024
2214,Ali Khan,21/01/2024,Laptop,Electronics,834.33,2,1668.66,Pakistan,834.33,2,Ali Khan,1668.66,21/01/2024
2215,Ayesha Noor,21/01/2024,Table,Furniture, ,,,Pakistan,507.98,1,Ayesha Noor,,21/01/2024
2216,Ali Khan,15/01/2024,Mouse,Electronics,,-1,,Pakistan,507.98,1,Ali Khan,,15/01/2024
2217,,25/01/2024,Keyboard,Electronics,181.12,,,Pakistan,181.12,1,Unknown,,25/01/2024
2218,Ayesha Noor,26/01/2024,Monitor,Electronics, ,4,,Pakistan,507.98,4,Ayesha Noor,,26/01/2024
2220,Hina Khan,03/01/2024,Phone,Electronics,575.27,-1,,Pakistan,575.27,1,Hina Khan,,03/01/2024
2221,,08/01/2024,Keyboard,Electronics,569.37,,,Pakistan,569.37,1,Unknown,,08/01/2024
2222,Ali Khan,17/01/2024,Monitor,Electronics,268.86,-1,,Pakistan,268.86,1,Ali Khan,,17/01/2024
2223,Ahmed Raza,13/01/2024,Monitor,Electronics,94.15,1,94.15,Pakistan,94.15,1,Ahmed Raza,94.15,13/01/2024
2225,Ahmed Raza,27/01/2024,Table,Furniture,787.83,4,3151.32,Pakistan,787.83,4,Ahmed Raza,3151.32,27/01/2024
2226,Ahmed Raza,28/01/2024,Keyboard,Electronics,,4,,Pakistan,507.98,4,Ahmed Raza,,28/01/2024
2227,,12/01/2024,Monitor,Electronics,,4,,Pakistan,507.98,4,Unknown,,12/01/2024
2228,Ahmed Raza,29/01/2024,Table,Furniture,435.08,-1,,Pakistan,435.08,1,Ahmed Raza,,29/01/2024
2229,Sara Ahmed,26/01/2024,Monitor,Electronics, ,3,,Pakistan,507.98,3,Sara Ahmed,,26/01/2024
2230,,02/01/2024,Phone,Electronics, ,1,,Pakistan,507.98,1,Unknown,,02/01/2024
2231,Bilal Ahmed,08/01/2024,Monitor,Electronics,,1,,Pakistan,507.98,1,Bilal Ahmed,,08/01/2024
2232,Ayesha Noor,10/01/2024,Phone,Electronics, ,,,Pakistan,507.98,1,Ayesha Noor,,10/01/2024
2233,Sara Ahmed,22/01/2024,Mouse,Electronics, ,1,,Pakistan,507.98,1,Sara Ahmed,,22/01/2024
2234,Bilal Ahmed,08/01/2024,Monitor,Electronics,809.60,,,Pakistan,809.60,1,Bilal Ahmed,,08/01/2024
2235,Ayesha Noor,22/01/2024,Table,Furniture, ,,,Pakistan,507.98,1,Ayesha Noor,,22/01/2024
2236,Ali Khan,14/01/2024,Table,Furniture, ,,,Pakistan,507.98,1,Ali Khan,,14/01/2024
2237,Ali Khan,15/01/2024,Headphones,Electronics,,,,Pakistan,507.98,1,Ali Khan,,15/01/2024
2239,Ali Khan,24/01/2024,Chair,Furniture,,-1,,Pakistan,507.98,1,Ali Khan,,24/01/2024
2242,Sara Ahmed,27/01/2024,Chair,Furniture, ,,,Pakistan,507.98,1,Sara Ahmed,,27/01/2024
2243,Sara Ahmed,13/01/2024,Monitor,Electronics,239.50,4,958,Pakistan,239.50,4,Sara Ahmed,958,13/01/2024
2246,Usman Ali,26/01/2024,Phone,Electronics, ,,,Pakistan,507.98,1,Usman Ali,,26/01/2024
2247,Ali Khan,29/01/2024,Mouse,Electronics, ,-1,,Pakistan,507.98,1,Ali Khan,,29/01/2024
2248,Usman Ali,18/01/2024,Keyboard,Electronics, ,,,Pakistan,507.98,1,Usman Ali,,18/01/2024
2249,Hina Khan,26/01/2024,Chair,Furniture,,3,,Pakistan,507.98,3,Hina Khan,,26/01/2024
2251,Bilal Ahmed,16/01/2024,Phone,Electronics,,,,Pakistan,507.98,1,Bilal Ahmed,,16/01/2024
2252,,13/01/2024,Mouse,Electronics,565.90,2,1131.8,Pakistan,565.90,2,Unknown,1131.8,13/01/2024
2253,Ali Khan,08/01/2024,Keyboard,Electronics,,1,,Pakistan,507.98,1,Ali Khan,,08/01/2024
2254,Hina Khan,07/01/2024,Mouse,Electronics,888.46,4,3553.84,Pakistan,888.46,4,Hina Khan,3553.84,07/01/2024
2255,Ahmed Raza,07/01/2024,Table,Furniture, ,1,,Pakistan,507.98,1,Ahmed Raza,,07/01/2024
2256,Bilal Ahmed,16/01/2024,Mouse,Electronics,757.35,2,1514.7,Pakistan,757.35,2,Bilal Ahmed,1514.7,16/01/2024
2259,Usman Ali,30/01/2024,Phone,Electronics, ,,,Pakistan,507.98,1,Usman Ali,,30/01/2024
2260,,04/01/2024,Headphones,Electronics, ,,,Pakistan,507.98,1,Unknown,,04/01/2024
2261,Usman Ali,18/01/2024,Table,Furniture,494.34,4,1977.36,Pakistan,494.34,4,Usman Ali,1977.36,18/01/2024
2262,Ali Khan,05/01/2024,Mouse,Electronics,581.58,-1,,Pakistan,581.58,1,Ali Khan,,05/01/2024
2264,Ayesha Noor,04/01/2024,Keyboard,Electronics, ,-1,,Pakistan,507.98,1,Ayesha Noor,,04/01/2024
2265,Usman Ali,22/01/2024,Phone,Electronics, ,-1,,Pakistan,507.98,1,Usman Ali,,22/01/2024
2267,Bilal Ahmed,13/01/2024,Chair,Furniture,,,,Pakistan,507.98,1,Bilal Ahmed,,13/01/2024
2268,Hina Khan,14/01/2024,Phone,Electronics,694.28,1,694.28,Pakistan,694.28,1,Hina Khan,694.28,14/01/2024
2269,Usman Ali,27/01/2024,Laptop,Electronics,197.56,-1,,Pakistan,197.56,1,Usman Ali,,27/01/2024
2271,Usman Ali,23/01/2024,Laptop,Electronics, ,1,,Pakistan,507.98,1,Usman Ali,,23/01/2024
2272,Bilal Ahmed,24/01/2024,Table,Furniture, ,2,,Pakistan,507.98,2,Bilal Ahmed,,24/01/2024
2273,Bilal Ahmed,10/01/2024,Chair,Furniture,,3,,Pakistan,507.98,3,Bilal Ahmed,,10/01/2024
2274,Hina Khan,09/01/2024,Phone,Electronics,,-1,,Pakistan,507.98,1,Hina Khan,,09/01/2024
2275,Ali Khan,03/01/2024,Chair,Furniture, ,,,Pakistan,507.98,1,Ali Khan,,03/01/2024
2276,Ahmed Raza,21/01/2024,Headphones,Electronics,,,,Pakistan,507.98,1,Ahmed Raza,,21/01/2024
2277,Ahmed Raza,30/01/2024,Mouse,Electronics, ,,,Pakistan,507.98,1,Ahmed Raza,,30/01/2024
2278,Ayesha Noor,27/01/2024,Mouse,Electronics,431.60,,,Pakistan,431.60,1,Ayesha Noor,,27/01/2024
2280,Hina Khan,06/01/2024,Laptop,Electronics,,-1,,Pakistan,507.98,1,Hina Khan,,06/01/2024
2281,Ahmed Raza,10/01/2024,Laptop,Electronics, ,-1,,Pakistan,507.98,1,Ahmed Raza,,10/01/2024
2282,Bilal Ahmed,22/01/2024,Laptop,Electronics, ,3,,Pakistan,507.98,3,Bilal Ahmed,,22/01/2024
2284,Sara Ahmed,23/01/2024,Chair,Furniture, ,1,,Pakistan,507.98,1,Sara Ahmed,,23/01/2024
2285,Ayesha Noor,11/01/2024,Keyboard,Electronics,237.35,1,237.35,Pakistan,237.35,1,Ayesha Noor,237.35,11/01/2024
2286,Ahmed Raza,21/01/2024,Mouse,Electronics,105.84,-1,,Pakistan,105.84,1,Ahmed Raza,,21/01/2024
2287,Ayesha Noor,04/01/2024,Chair,Furniture, ,3,,Pakistan,507.98,3,Ayesha Noor,,04/01/2024
2288,Ahmed Raza,05/01/2024,Phone,Electronics,294.15,-1,,Pakistan,294.15,1,Ahmed Raza,,05/01/2024
2292,Hina Khan,27/01/2024,Laptop,Electronics,,4,,Pakistan,507.98,4,Hina Khan,,27/01/2024
2294,,18/01/2024,Phone,Electronics,830.81,2,1661.62,Pakistan,830.81,2,Unknown,1661.62,18/01/2024
2295,Bilal Ahmed,19/01/2024,Chair,Furniture,,,,Pakistan,507.98,1,Bilal Ahmed,,19/01/2024
2296,Usman Ali,30/01/2024,Headphones,Electronics,,,,Pakistan,507.98,1,Usman Ali,,30/01/2024
2297,Hina Khan,20/01/2024,Keyboard,Electronics, ,,,Pakistan,507.98,1,Hina Khan,,20/01/2024
2299,,25/01/2024,Chair,Furniture,554.67,-1,,Pakistan,554.67,1,Unknown,,25/01/2024
2300,Ali Khan,20/01/2024,Monitor,Electronics,,,,Pakistan,507.98,1,Ali Khan,,20/01/2024
2304,Hina Khan,21/01/2024,Laptop,Electronics,868.78,3,2606.34,Pakistan,868.78,3,Hina Khan,2606.34,21/01/2024
2305,Hina Khan,27/01/2024,Laptop,Electronics,,,,Pakistan,507.98,1,Hina Khan,,27/01/2024
2309,Sara Ahmed,15/01/2024,Chair,Furniture, ,,,Pakistan,507.98,1,Sara Ahmed,,15/01/2024
2310,Ahmed Raza,01/01/2024,Keyboard,Electronics,992.12,,,Pakistan,992.12,1,Ahmed Raza,,01/01/2024
2311,Hina Khan,21/01/2024,Headphones,Electronics,,2,,Pakistan,507.98,2,Hina Khan,,21/01/2024
2313,Ayesha Noor,11/01/2024,Mouse,Electronics,680.36,,,Pakistan,680.36,1,Ayesha Noor,,11/01/2024
2314,Hina Khan,03/01/2024,Laptop,Electronics,,,,Pakistan,507.98,1,Hina Khan,,03/01/2024
2315,Ayesha Noor,22/01/2024,Keyboard,Electronics,688.88,,,Pakistan,688.88,1,Ayesha Noor,,22/01/2024
2316,Ali Khan,22/01/2024,Headphones,Electronics, ,,,Pakistan,507.98,1,Ali Khan,,22/01/2024
2317,Ahmed Raza,10/01/2024,Keyboard,Electronics,,-1,,Pakistan,507.98,1,Ahmed Raza,,10/01/2024
2318,Ali Khan,13/01/2024,Phone,Electronics,,-1,,Pakistan,507.98,1,Ali Khan,,13/01/2024
2319,,22/01/2024,Headphones,Electronics,,,,Pakistan,507.98,1,Unknown,,22/01/2024
2322,,26/01/2024,Mouse,Electronics, ,4,,Pakistan,507.98,4,Unknown,,26/01/2024
2323,Hina Khan,25/01/2024,Mouse,Electronics,47.30,,,Pakistan,47.30,1,Hina Khan,,25/01/2024
2324,Ahmed Raza,01/01/2024,Chair,Furniture,557.18,-1,,Pakistan,557.18,1,Ahmed Raza,,01/01/2024
2325,Usman Ali,27/01/2024,Laptop,Electronics, ,-1,,Pakistan,507.98,1,Usman Ali,,27/01/2024
2326,Sara Ahmed,02/01/2024,Monitor,Electronics, ,-1,,Pakistan,507.98,1,Sara Ahmed,,02/01/2024
2327,Sara Ahmed,29/01/2024,Table,Furniture, ,2,,Pakistan,507.98,2,Sara Ahmed,,29/01/2024
2328,Ali Khan,14/01/2024,Mouse,Electronics,,2,,Pakistan,507.98,2,Ali Khan,,14/01/2024
2332,Bilal Ahmed,13/01/2024,Headphones,Electronics, ,2,,Pakistan,507.98,2,Bilal Ahmed,,13/01/2024
2334,,05/01/2024,Table,Furniture, ,-1,,Pakistan,507.98,1,Unknown,,05/01/2024
2335,Bilal Ahmed,14/01/2024,Chair,Furniture,690.93,1,690.93,Pakistan,690.93,1,Bilal Ahmed,690.93,14/01/2024
2336,Ali Khan,23/01/2024,Phone,Electronics,144.82,2,289.64,Pakistan,144.82,2,Ali Khan,289.64,23/01/2024
2337,Hina Khan,15/01/2024,Laptop,Electronics,834.89,,,Pakistan,834.89,1,Hina Khan,,15/01/2024
2338,Hina Khan,05/01/2024,Keyboard,Electronics,,-1,,Pakistan,507.98,1,Hina Khan,,05/01/2024
2339,Sara Ahmed,23/01/2024,Table,Furniture,312.81,,,Pakistan,312.81,1,Sara Ahmed,,23/01/2024
2342,Bilal Ahmed,13/01/2024,Monitor,Electronics,574.43,,,Pakistan,574.43,1,Bilal Ahmed,,13/01/2024
2344,Sara Ahmed,28/01/2024,Chair,Furniture,,,,Pakistan,507.98,1,Sara Ahmed,,28/01/2024
2345,Ahmed Raza,23/01/2024,Keyboard,Electronics,,,,Pakistan,507.98,1,Ahmed Raza,,23/01/2024
2347,Sara Ahmed,26/01/2024,Table,Furniture, ,,,Pakistan,507.98,1,Sara Ahmed,,26/01/2024
2348,Ayesha Noor,03/01/2024,Laptop,Electronics,,-1,,Pakistan,507.98,1,Ayesha Noor,,03/01/2024
2349,Ayesha Noor,15/01/2024,Phone,Electronics,499.26,4,1997.04,Pakistan,499.26,4,Ayesha Noor,1997.04,15/01/2024
2350,Hina Khan,06/01/2024,Headphones,Electronics,700.76,1,700.76,Pakistan,700.76,1,Hina Khan,700.76,06/01/2024
2351,Ali Khan,28/01/2024,Headphones,Electronics,,4,,Pakistan,507.98,4,Ali Khan,,28/01/2024
2352,Sara Ahmed,13/01/2024,Monitor,Electronics, ,,,Pakistan,507.98,1,Sara Ahmed,,13/01/2024
2353,Ahmed Raza,19/01/2024,Chair,Furniture,,-1,,Pakistan,507.98,1,Ahmed Raza,,19/01/2024
2355,Sara Ahmed,22/01/2024,Table,Furniture,,1,,Pakistan,507.98,1,Sara Ahmed,,22/01/2024
2356,Ahmed Raza,19/01/2024,Laptop,Electronics,241.51,-1,,Pakistan,241.51,1,Ahmed Raza,,19/01/2024
2358,Hina Khan,13/01/2024,Table,Furniture,776.08,,,Pakistan,776.08,1,Hina Khan,,13/01/2024
2359,,19/01/2024,Chair,Furniture,,3,,Pakistan,507.98,3,Unknown,,19/01/2024
2360,Bilal Ahmed,23/01/2024,Table,Furniture, ,-1,,Pakistan,507.98,1,Bilal Ahmed,,23/01/2024
2362,Sara Ahmed,20/01/2024,Chair,Furniture, ,,,Pakistan,507.98,1,Sara Ahmed,,20/01/2024
2363,Ali Khan,28/01/2024,Headphones,Electronics,,3,,Pakistan,507.98,3,Ali Khan,,28/01/2024
2365,Ali Khan,04/01/2024,Keyboard,Electronics,206.14,,,Pakistan,206.14,1,Ali Khan,,04/01/2024
2367,Usman Ali,05/01/2024,Monitor,Electronics,329.46,,,Pakistan,329.46,1,Usman Ali,,05/01/2024
2369,Hina Khan,04/01/2024,Monitor,Electronics,408.02,,,Pakistan,408.02,1,Hina Khan,,04/01/2024
2370,Sara Ahmed,07/01/2024,Phone,Electronics,,-1,,Pakistan,507.98,1,Sara Ahmed,,07/01/2024
2371,Hina Khan,09/01/2024,Table,Furniture, ,-1,,Pakistan,507.98,1,Hina Khan,,09/01/2024
2372,Ayesha Noor,15/01/2024,Table,Furniture,,,,Pakistan,507.98,1,Ayesha Noor,,15/01/2024
2373,Sara Ahmed,19/01/2024,Headphones,Electronics, ,,,Pakistan,507.98,1,Sara Ahmed,,19/01/2024
2374,Bilal Ahmed,30/01/2024,Mouse,Electronics,997.79,-1,,Pakistan,997.79,1,Bilal Ahmed,,30/01/2024
2375,Usman Ali,14/01/2024,Chair,Furniture,412.69,-1,,Pakistan,412.69,1,Usman Ali,,14/01/2024
2376,Ayesha Noor,25/01/2024,Phone,Electronics,,-1,,Pakistan,507.98,1,Ayesha Noor,,25/01/2024
2377,Hina Khan,21/01/2024,Headphones,Electronics,,,,Pakistan,507.98,1,Hina Khan,,21/01/2024
2378,,23/01/2024,Table,Furniture,,-1,,Pakistan,507.98,1,Unknown,,23/01/2024
2379,Hina Khan,17/01/2024,Table,Furniture,,2,,Pakistan,507.98,2,Hina Khan,,17/01/2024
2380,,10/01/2024,Chair,Furniture,,-1,,Pakistan,507.98,1,Unknown,,10/01/2024
2381,Ahmed Raza,27/01/2024,Monitor,Electronics, ,4,,Pakistan,507.98,4,Ahmed Raza,,27/01/2024
2382,Bilal Ahmed,28/01/2024,Keyboard,Electronics,57.32,,,Pakistan,57.32,1,Bilal Ahmed,,28/01/2024
2383,Ahmed Raza,22/01/2024,Laptop,Electronics,230.62,,,Pakistan,230.62,1,Ahmed Raza,,22/01/2024
2384,Ahmed Raza,30/01/2024,Phone,Electronics, ,,,Pakistan,507.98,1,Ahmed Raza,,30/01/2024
2385,Bilal Ahmed,29/01/2024,Phone,Electronics,309.56,,,Pakistan,309.56,1,Bilal Ahmed,,29/01/2024
2387,Sara Ahmed,18/01/2024,Laptop,Electronics,,,,Pakistan,507.98,1,Sara Ahmed,,18/01/2024
2388,Hina Khan,15/01/2024,Phone,Electronics,384.12,-1,,Pakistan,384.12,1,Hina Khan,,15/01/2024
2389,Ali Khan,17/01/2024,Keyboard,Electronics, ,4,,Pakistan,507.98,4,Ali Khan,,17/01/2024
2390,Bilal Ahmed,09/01/2024,Mouse,Electronics,,,,Pakistan,507.98,1,Bilal Ahmed,,09/01/2024
2391,Sara Ahmed,02/01/2024,Table,Furniture,,,,Pakistan,507.98,1,Sara Ahmed,,02/01/2024
2392,Usman Ali,26/01/2024,Mouse,Electronics,,-1,,Pakistan,507.98,1,Usman Ali,,26/01/2024
2393,,26/01/2024,Monitor,Electronics, ,-1,,Pakistan,507.98,1,Unknown,,26/01/2024
2394,Usman Ali,06/01/2024,Table,Furniture,,2,,Pakistan,507.98,2,Usman Ali,,06/01/2024
2395,Ali Khan,18/01/2024,Headphones,Electronics,,,,Pakistan,507.98,1,Ali Khan,,18/01/2024
2396,,25/01/2024,Table,Furniture,,1,,Pakistan,507.98,1,Unknown,,25/01/2024
2397,Ali Khan,30/01/2024,Chair,Furniture,,1,,Pakistan,507.98,1,Ali Khan,,30/01/2024
2399,Ali Khan,30/01/2024,Phone,Electronics, ,4,,Pakistan,507.98,4,Ali Khan,,30/01/2024
2400,Sara Ahmed,21/01/2024,Headphones,Electronics, ,,,Pakistan,507.98,1,Sara Ahmed,,21/01/2024
2401,,07/01/2024,Monitor,Electronics,,-1,,Pakistan,507.98,1,Unknown,,07/01/2024
2403,Ahmed Raza,04/01/2024,Mouse,Electronics,596.24,1,596.24,Pakistan,596.24,1,Ahmed Raza,596.24,04/01/2024
2404,Usman Ali,24/01/2024,Chair,Furniture, ,-1,,Pakistan,507.98,1,Usman Ali,,24/01/2024
2405,Ahmed Raza,25/01/2024,Keyboard,Electronics,456.48,1,456.48,Pakistan,456.48,1,Ahmed Raza,456.48,25/01/2024
2406,Bilal Ahmed,23/01/2024,Chair,Furniture,868.97,,,Pakistan,868.97,1,Bilal Ahmed,,23/01/2024
2408,Hina Khan,22/01/2024,Headphones,Electronics, ,-1,,Pakistan,507.98,1,Hina Khan,,22/01/2024
2409,Usman Ali,21/01/2024,Keyboard,Electronics,,-1,,Pakistan,507.98,1,Usman Ali,,21/01/2024
2410,Bilal Ahmed,27/01/2024,Laptop,Electronics, ,,,Pakistan,507.98,1,Bilal Ahmed,,27/01/2024
2411,Hina Khan,03/01/2024,Phone,Electronics, ,4,,Pakistan,507.98,4,Hina Khan,,03/01/2024
2412,Ayesha Noor,15/01/2024,Monitor,Electronics, ,-1,,Pakistan,507.98,1,Ayesha Noor,,15/01/2024
2413,Sara Ahmed,13/01/2024,Table,Furniture,493.63,-1,,Pakistan,493.63,1,Sara Ahmed,,13/01/2024
2414,Bilal Ahmed,23/01/2024,Laptop,Electronics, ,-1,,Pakistan,507.98,1,Bilal Ahmed,,23/01/2024
2415,Bilal Ahmed,21/01/2024,Phone,Electronics, ,,,Pakistan,507.98,1,Bilal Ahmed,,21/01/2024
2418,Ahmed Raza,07/01/2024,Laptop,Electronics, ,4,,Pakistan,507.98,4,Ahmed Raza,,07/01/2024
2419,,12/01/2024,Chair,Furniture,64.67,3,194.01,Pakistan,64.67,3,Unknown,194.01,12/01/2024
2420,Ali Khan,14/01/2024,Mouse,Electronics,,-1,,Pakistan,507.98,1,Ali Khan,,14/01/2024
2421,Ayesha Noor,25/01/2024,Headphones,Electronics,,-1,,Pakistan,507.98,1,Ayesha Noor,,25/01/2024
2422,Ayesha Noor,14/01/2024,Keyboard,Electronics, ,,,Pakistan,507.98,1,Ayesha Noor,,14/01/2024
2424,Ali Khan,25/01/2024,Mouse,Electronics, ,-1,,Pakistan,507.98,1,Ali Khan,,25/01/2024
2425,Sara Ahmed,27/01/2024,Keyboard,Electronics, ,,,Pakistan,507.98,1,Sara Ahmed,,27/01/2024
2427,Ali Khan,08/01/2024,Phone,Electronics,,,,Pakistan,507.98,1,Ali Khan,,08/01/2024
2428,,25/01/2024,Keyboard,Electronics, ,-1,,Pakistan,507.98,1,Unknown,,25/01/2024
2430,Ahmed Raza,30/01/2024,Monitor,Electronics,,-1,,Pakistan,507.98,1,Ahmed Raza,,30/01/2024
2431,Ali Khan,22/01/2024,Laptop,Electronics, ,,,Pakistan,507.98,1,Ali Khan,,22/01/2024
2432,Ayesha Noor,18/01/2024,Headphones,Electronics,345.35,-1,,Pakistan,345.35,1,Ayesha Noor,,18/01/2024
2434,Ali Khan,19/01/2024,Monitor,Electronics, ,,,Pakistan,507.98,1,Ali Khan,,19/01/2024
2435,Sara Ahmed,22/01/2024,Headphones,Electronics,,4,,Pakistan,507.98,4,Sara Ahmed,,22/01/2024
2436,Ali Khan,19/01/2024,Monitor,Electronics,744.89,-1,,Pakistan,744.89,1,Ali Khan,,19/01/2024
2437,Sara Ahmed,22/01/2024,Table,Furniture, ,-1,,Pakistan,507.98,1,Sara Ahmed,,22/01/2024
2438,Sara Ahmed,28/01/2024,Monitor,Electronics,736.93,1,736.93,Pakistan,736.93,1,Sara Ahmed,736.93,28/01/2024
2439,,27/01/2024,Mouse,Electronics, ,,,Pakistan,507.98,1,Unknown,,27/01/2024
2440,Usman Ali,26/01/2024,Phone,Electronics, ,,,Pakistan,507.98,1,Usman Ali,,26/01/2024
2441,Sara Ahmed,08/01/2024,Headphones,Electronics,,-1,,Pakistan,507.98,1,Sara Ahmed,,08/01/2024
2442,Sara Ahmed,23/01/2024,Chair,Furniture,,-1,,Pakistan,507.98,1,Sara Ahmed,,23/01/2024
2444,Usman Ali,12/01/2024,Headphones,Electronics,580.35,,,Pakistan,580.35,1,Usman Ali,,12/01/2024
2445,Sara Ahmed,21/01/2024,Keyboard,Electronics, ,,,Pakistan,507.98,1,Sara Ahmed,,21/01/2024
2446,Ali Khan,23/01/2024,Laptop,Electronics, ,3,,Pakistan,507.98,3,Ali Khan,,23/01/2024
2447,,11/01/2024,Mouse,Electronics,362.86,,,Pakistan,362.86,1,Unknown,,11/01/2024
2448,Sara Ahmed,21/01/2024,Headphones,Electronics,214.84,-1,,Pakistan,214.84,1,Sara Ahmed,,21/01/2024
2449,Ahmed Raza,13/01/2024,Monitor,Electronics,87.77,,,Pakistan,87.77,1,Ahmed Raza,,13/01/2024
2450,Sara Ahmed,19/01/2024,Phone,Electronics,,,,Pakistan,507.98,1,Sara Ahmed,,19/01/2024
2452,Ahmed Raza,21/01/2024,Mouse,Electronics,740.32,,,Pakistan,740.32,1,Ahmed Raza,,21/01/2024
2453,Bilal Ahmed,13/01/2024,Laptop,Electronics,150.52,-1,,Pakistan,150.52,1,Bilal Ahmed,,13/01/2024
2455,Usman Ali,25/01/2024,Laptop,Electronics,26.34,,,Pakistan,26.34,1,Usman Ali,,25/01/2024
2456,Ahmed Raza,11/01/2024,Chair,Furniture,739.92,1,739.92,Pakistan,739.92,1,Ahmed Raza,739.92,11/01/2024
2457,,14/01/2024,Chair,Furniture,942.64,-1,,Pakistan,942.64,1,Unknown,,14/01/2024
2458,Hina Khan,03/01/2024,Keyboard,Electronics, ,,,Pakistan,507.98,1,Hina Khan,,03/01/2024
2459,,29/01/2024,Mouse,Electronics,142.87,-1,,Pakistan,142.87,1,Unknown,,29/01/2024
2460,Ali Khan,04/01/2024,Table,Furniture,,,,Pakistan,507.98,1,Ali Khan,,04/01/2024
2461,Ali Khan,11/01/2024,Laptop,Electronics,,,,Pakistan,507.98,1,Ali Khan,,11/01/2024
2462,Hina Khan,29/01/2024,Mouse,Electronics,,1,,Pakistan,507.98,1,Hina Khan,,29/01/2024
2463,Ayesha Noor,16/01/2024,Keyboard,Electronics,270.63,2,541.26,Pakistan,270.63,2,Ayesha Noor,541.26,16/01/2024
2464,,19/01/2024,Phone,Electronics, ,-1,,Pakistan,507.98,1,Unknown,,19/01/2024
2465,Usman Ali,23/01/2024,Monitor,Electronics, ,-1,,Pakistan,507.98,1,Usman Ali,,23/01/2024
2467,Ayesha Noor,16/01/2024,Keyboard,Electronics, ,2,,Pakistan,507.98,2,Ayesha Noor,,16/01/2024
2469,Ayesha Noor,20/01/2024,Mouse,Electronics,,-1,,Pakistan,507.98,1,Ayesha Noor,,20/01/2024
2470,,09/01/2024,Chair,Furniture,,,,Pakistan,507.98,1,Unknown,,09/01/2024
2472,Hina Khan,05/01/2024,Headphones,Electronics, ,,,Pakistan,507.98,1,Hina Khan,,05/01/2024
2473,,02/01/2024,Keyboard,Electronics,,-1,,Pakistan,507.98,1,Unknown,,02/01/2024
2475,Hina Khan,03/01/2024,Laptop,Electronics, ,2,,Pakistan,507.98,2,Hina Khan,,03/01/2024
2476,Ahmed Raza,03/01/2024,Table,Furniture, ,-1,,Pakistan,507.98,1,Ahmed Raza,,03/01/2024
2477,Ahmed Raza,13/01/2024,Laptop,Electronics,427.94,1,427.94,Pakistan,427.94,1,Ahmed Raza,427.94,13/01/2024
2478,Hina Khan,24/01/2024,Chair,Furniture,59.48,3,178.44,Pakistan,59.48,3,Hina Khan,178.44,24/01/2024
2479,Ahmed Raza,02/01/2024,Phone,Electronics, ,3,,Pakistan,507.98,3,Ahmed Raza,,02/01/2024
2480,Sara Ahmed,07/01/2024,Monitor,Electronics,,,,Pakistan,507.98,1,Sara Ahmed,,07/01/2024
2482,,12/01/2024,Monitor,Electronics,,,,Pakistan,507.98,1,Unknown,,12/01/2024
2483,Ali Khan,02/01/2024,Laptop,Electronics,,,,Pakistan,507.98,1,Ali Khan,,02/01/2024
2484,Ayesha Noor,23/01/2024,Keyboard,Electronics,379.62,3,1138.86,Pakistan,379.62,3,Ayesha Noor,1138.86,23/01/2024
2487,,15/01/2024,Headphones,Electronics,,1,,Pakistan,507.98,1,Unknown,,15/01/2024
2488,Ahmed Raza,25/01/2024,Laptop,Electronics,,,,Pakistan,507.98,1,Ahmed Raza,,25/01/2024
2489,Sara Ahmed,23/01/2024,Keyboard,Electronics,664.56,4,2658.24,Pakistan,664.56,4,Sara Ahmed,2658.24,23/01/2024
2490,Usman Ali,07/01/2024,Chair,Furniture,,,,Pakistan,507.98,1,Usman Ali,,07/01/2024
2491,Ayesha Noor,22/01/2024,Keyboard,Electronics,,-1,,Pakistan,507.98,1,Ayesha Noor,,22/01/2024
2492,Ahmed Raza,16/01/2024,Phone,Electronics,495.93,1,495.93,Pakistan,495.93,1,Ahmed Raza,495.93,16/01/2024
2493,Ahmed Raza,07/01/2024,Monitor,Electronics,,2,,Pakistan,507.98,2,Ahmed Raza,,07/01/2024
2495,Ahmed Raza,29/01/2024,Chair,Furniture, ,1,,Pakistan,507.98,1,Ahmed Raza,,29/01/2024
2496,Bilal Ahmed,11/01/2024,Chair,Furniture,520.36,-1,,Pakistan,520.36,1,Bilal Ahmed,,11/01/2024
2497,Sara Ahmed,28/01/2024,Phone,Electronics,806.35,2,1612.7,Pakistan,806.35,2,Sara Ahmed,1612.7,28/01/2024
2498,Ayesha Noor,14/01/2024,Monitor,Electronics,953.34,,,Pakistan,953.34,1,Ayesha Noor,,14/01/2024
2499,Ahmed Raza,22/01/2024,Laptop,Electronics,756.79,4,3027.16,Pakistan,756.79,4,Ahmed Raza,3027.16,22/01/2024
2500,Ahmed Raza,16/01/2024,Monitor,Electronics,326.66,,,Pakistan,326.66,1,Ahmed Raza,,16/01/2024
2501,Ahmed Raza,09/01/2024,Table,Furniture,710.94,,,Pakistan,710.94,1,Ahmed Raza,,09/01/2024
2502,Sara Ahmed,24/01/2024,Laptop,Electronics,,3,,Pakistan,507.98,3,Sara Ahmed,,24/01/2024
2503,Ayesha Noor,22/01/2024,Chair,Furniture,,-1,,Pakistan,507.98,1,Ayesha Noor,,22/01/2024
2504,Hina Khan,01/01/2024,Chair,Furniture,852.12,-1,,Pakistan,852.12,1,Hina Khan,,01/01/2024
2506,Ali Khan,04/01/2024,Headphones,Electronics,,3,,Pakistan,507.98,3,Ali Khan,,04/01/2024
2507,Ahmed Raza,03/01/2024,Phone,Electronics,,,,Pakistan,507.98,1,Ahmed Raza,,03/01/2024
2508,Sara Ahmed,03/01/2024,Mouse,Electronics,123.29,-1,,Pakistan,123.29,1,Sara Ahmed,,03/01/2024
2509,Ayesha Noor,16/01/2024,Table,Furniture, ,-1,,Pakistan,507.98,1,Ayesha Noor,,16/01/2024
2510,Bilal Ahmed,17/01/2024,Headphones,Electronics,,,,Pakistan,507.98,1,Bilal Ahmed,,17/01/2024
2511,Ayesha Noor,14/01/2024,Phone,Electronics,339.59,3,1018.77,Pakistan,339.59,3,Ayesha Noor,1018.77,14/01/2024
2512,Usman Ali,27/01/2024,Headphones,Electronics, ,3,,Pakistan,507.98,3,Usman Ali,,27/01/2024
2513,Bilal Ahmed,03/01/2024,Laptop,Electronics,,1,,Pakistan,507.98,1,Bilal Ahmed,,03/01/2024
2514,Hina Khan,09/01/2024,Keyboard,Electronics,,-1,,Pakistan,507.98,1,Hina Khan,,09/01/2024
2515,Bilal Ahmed,30/01/2024,Keyboard,Electronics,237.09,-1,,Pakistan,237.09,1,Bilal Ahmed,,30/01/2024
2516,Sara Ahmed,15/01/2024,Keyboard,Electronics, ,,,Pakistan,507.98,1,Sara Ahmed,,15/01/2024
2517,,22/01/2024,Chair,Furniture, ,3,,Pakistan,507.98,3,Unknown,,22/01/2024
2518,Bilal Ahmed,06/01/2024,Headphones,Electronics,,3,,Pakistan,507.98,3,Bilal Ahmed,,06/01/2024
2519,Sara Ahmed,17/01/2024,Chair,Furniture,,1,,Pakistan,507.98,1,Sara Ahmed,,17/01/2024
2520,Usman Ali,30/01/2024,Headphones,Electronics, ,1,,Pakistan,507.98,1,Usman Ali,,30/01/2024
2521,Usman Ali,22/01/2024,Laptop,Electronics, ,,,Pakistan,507.98,1,Usman Ali,,22/01/2024
2522,Bilal Ahmed,26/01/2024,Laptop,Electronics,468.87,,,Pakistan,468.87,1,Bilal Ahmed,,26/01/2024
2523,Ali Khan,23/01/2024,Mouse,Electronics,,-1,,Pakistan,507.98,1,Ali Khan,,23/01/2024
2525,Bilal Ahmed,16/01/2024,Headphones,Electronics,388.89,-1,,Pakistan,388.89,1,Bilal Ahmed,,16/01/2024
2526,Bilal Ahmed,08/01/2024,Headphones,Electronics, ,-1,,Pakistan,507.98,1,Bilal Ahmed,,08/01/2024
2528,Bilal Ahmed,02/01/2024,Table,Furniture,757.79,,,Pakistan,757.79,1,Bilal Ahmed,,02/01/2024
2529,,01/01/2024,Monitor,Electronics,,-1,,Pakistan,507.98,1,Unknown,,01/01/2024
2530,Ayesha Noor,01/01/2024,Mouse,Electronics,,-1,,Pakistan,507.98,1,Ayesha Noor,,01/01/2024
2531,Hina Khan,27/01/2024,Phone,Electronics, ,-1,,Pakistan,507.98,1,Hina Khan,,27/01/2024
2532,Ahmed Raza,28/01/2024,Phone,Electronics, ,,,Pakistan,507.98,1,Ahmed Raza,,28/01/2024
2533,Ali Khan,06/01/2024,Headphones,Electronics,,-1,,Pakistan,507.98,1,Ali Khan,,06/01/2024
2534,,10/01/2024,Laptop,Electronics,,-1,,Pakistan,507.98,1,Unknown,,10/01/2024
2535,Hina Khan,13/01/2024,Keyboard,Electronics,744.31,-1,,Pakistan,744.31,1,Hina Khan,,13/01/2024
2536,Ahmed Raza,29/01/2024,Monitor,Electronics,879.90,2,1759.8,Pakistan,879.90,2,Ahmed Raza,1759.8,29/01/2024
2537,Usman Ali,19/01/2024,Monitor,Electronics,51.09,2,102.18,Pakistan,51.09,2,Usman Ali,102.18,19/01/2024
2538,Hina Khan,04/01/2024,Phone,Electronics,811.91,-1,,Pakistan,811.91,1,Hina Khan,,04/01/2024
2539,Ali Khan,07/01/2024,Laptop,Electronics,,,,Pakistan,507.98,1,Ali Khan,,07/01/2024
2540,Ahmed Raza,04/01/2024,Phone,Electronics,410.67,,,Pakistan,410.67,1,Ahmed Raza,,04/01/2024
2541,Ahmed Raza,21/01/2024,Monitor,Electronics,,,,Pakistan,507.98,1,Ahmed Raza,,21/01/2024
2542,Ayesha Noor,27/01/2024,Mouse,Electronics, ,-1,,Pakistan,507.98,1,Ayesha Noor,,27/01/2024
2543,Ali Khan,20/01/2024,Headphones,Electronics,,2,,Pakistan,507.98,2,Ali Khan,,20/01/2024
2545,Usman Ali,15/01/2024,Table,Furniture,439.59,1,439.59,Pakistan,439.59,1,Usman Ali,439.59,15/01/2024
2546,Usman Ali,23/01/2024,Mouse,Electronics, ,-1,,Pakistan,507.98,1,Usman Ali,,23/01/2024
2550,Sara Ahmed,23/01/2024,Keyboard,Electronics,,-1,,Pakistan,507.98,1,Sara Ahmed,,23/01/2024
2551,,22/01/2024,Keyboard,Electronics,,,,Pakistan,507.98,1,Unknown,,22/01/2024
2552,Sara Ahmed,02/01/2024,Table,Furniture, ,-1,,Pakistan,507.98,1,Sara Ahmed,,02/01/2024
2554,Usman Ali,01/01/2024,Table,Furniture,743.12,4,2972.48,Pakistan,743.12,4,Usman Ali,2972.48,01/01/2024
2555,Ayesha Noor,12/01/2024,Headphones,Electronics,493.19,,,Pakistan,493.19,1,Ayesha Noor,,12/01/2024
2556,Sara Ahmed,16/01/2024,Phone,Electronics,839.69,,,Pakistan,839.69,1,Sara Ahmed,,16/01/2024
2557,Bilal Ahmed,17/01/2024,Chair,Furniture, ,,,Pakistan,507.98,1,Bilal Ahmed,,17/01/2024
2558,Ali Khan,07/01/2024,Chair,Furniture, ,-1,,Pakistan,507.98,1,Ali Khan,,07/01/2024
2559,Ayesha Noor,04/01/2024,Headphones,Electronics, ,4,,Pakistan,507.98,4,Ayesha Noor,,04/01/2024
2560,Ahmed Raza,02/01/2024,Mouse,Electronics,,1,,Pakistan,507.98,1,Ahmed Raza,,02/01/2024
2561,Bilal Ahmed,17/01/2024,Chair,Furniture,800.51,4,3202.04,Pakistan,800.51,4,Bilal Ahmed,3202.04,17/01/2024
2562,,20/01/2024,Keyboard,Electronics,,,,Pakistan,507.98,1,Unknown,,20/01/2024
2563,,26/01/2024,Table,Furniture, ,,,Pakistan,507.98,1,Unknown,,26/01/2024
2567,Usman Ali,02/01/2024,Headphones,Electronics,768.25,-1,,Pakistan,768.25,1,Usman Ali,,02/01/2024
2569,Ali Khan,03/01/2024,Keyboard,Electronics, ,3,,Pakistan,507.98,3,Ali Khan,,03/01/2024
2571,Ahmed Raza,26/01/2024,Laptop,Electronics,,,,Pakistan,507.98,1,Ahmed Raza,,26/01/2024
2572,Usman Ali,07/01/2024,Keyboard,Electronics,,2,,Pakistan,507.98,2,Usman Ali,,07/01/2024
2574,Ayesha Noor,02/01/2024,Mouse,Electronics, ,4,,Pakistan,507.98,4,Ayesha Noor,,02/01/2024
2575,Ahmed Raza,01/01/2024,Chair,Furniture, ,,,Pakistan,507.98,1,Ahmed Raza,,01/01/2024
2576,Ahmed Raza,10/01/2024,Mouse,Electronics, ,1,,Pakistan,507.98,1,Ahmed Raza,,10/01/2024
2577,Ali Khan,30/01/2024,Chair,Furniture,,,,Pakistan,507.98,1,Ali Khan,,30/01/2024
2579,,04/01/2024,Keyboard,Electronics, ,,,Pakistan,507.98,1,Unknown,,04/01/2024
2580,Hina Khan,28/01/2024,Laptop,Electronics,90.83,2,181.66,Pakistan,90.83,2,Hina Khan,181.66,28/01/2024
2583,,24/01/2024,Mouse,Electronics,553.09,-1,,Pakistan,553.09,1,Unknown,,24/01/2024
2585,,09/01/2024,Chair,Furniture,355.98,-1,,Pakistan,355.98,1,Unknown,,09/01/2024
2586,Hina Khan,18/01/2024,Monitor,Electronics,,2,,Pakistan,507.98,2,Hina Khan,,18/01/2024
2587,Sara Ahmed,11/01/2024,Headphones,Electronics, ,,,Pakistan,507.98,1,Sara Ahmed,,11/01/2024
2588,Hina Khan,24/01/2024,Chair,Furniture,,-1,,Pakistan,507.98,1,Hina Khan,,24/01/2024
2589,Sara Ahmed,20/01/2024,Laptop,Electronics,607.39,,,Pakistan,607.39,1,Sara Ahmed,,20/01/2024
2590,Ali Khan,14/01/2024,Table,Furniture, ,,,Pakistan,507.98,1,Ali Khan,,14/01/2024
2592,Ali Khan,12/01/2024,Headphones,Electronics, ,3,,Pakistan,507.98,3,Ali Khan,,12/01/2024
2593,Hina Khan,05/01/2024,Mouse,Electronics,875.17,-1,,Pakistan,875.17,1,Hina Khan,,05/01/2024
2594,Bilal Ahmed,26/01/2024,Table,Furniture, ,,,Pakistan,507.98,1,Bilal Ahmed,,26/01/2024
2598,Usman Ali,17/01/2024,Headphones,Electronics,836.28,4,3345.12,Pakistan,836.28,4,Usman Ali,3345.12,17/01/2024
2599,Ayesha Noor,04/01/2024,Monitor,Electronics, ,2,,Pakistan,507.98,2,Ayesha Noor,,04/01/2024
2600,Usman Ali,16/01/2024,Chair,Furniture,60.25,-1,,Pakistan,60.25,1,Usman Ali,,16/01/2024
2602,Ayesha Noor,16/01/2024,Table,Furniture, ,-1,,Pakistan,507.98,1,Ayesha Noor,,16/01/2024
2603,Hina Khan,06/01/2024,Mouse,Electronics,490.69,,,Pakistan,490.69,1,Hina Khan,,06/01/2024
2604,Usman Ali,09/01/2024,Table,Furniture,,-1,,Pakistan,507.98,1,Usman Ali,,09/01/2024
2605,Ahmed Raza,26/01/2024,Laptop,Electronics,46.33,4,185.32,Pakistan,46.33,4,Ahmed Raza,185.32,26/01/2024
2607,Sara Ahmed,14/01/2024,Table,Furniture,,4,,Pakistan,507.98,4,Sara Ahmed,,14/01/2024
2608,Hina Khan,01/01/2024,Table,Furniture, ,,,Pakistan,507.98,1,Hina Khan,,01/01/2024
2609,,30/01/2024,Laptop,Electronics,,-1,,Pakistan,507.98,1,Unknown,,30/01/2024
2611,Bilal Ahmed,13/01/2024,Table,Furniture, ,2,,Pakistan,507.98,2,Bilal Ahmed,,13/01/2024
2612,Sara Ahmed,28/01/2024,Mouse,Electronics,,,,Pakistan,507.98,1,Sara Ahmed,,28/01/2024
2613,Hina Khan,03/01/2024,Phone,Electronics,,2,,Pakistan,507.98,2,Hina Khan,,03/01/2024
2614,,16/01/2024,Monitor,Electronics,323.22,,,Pakistan,323.22,1,Unknown,,16/01/2024
2615,,06/01/2024,Monitor,Electronics,,4,,Pakistan,507.98,4,Unknown,,06/01/2024
2616,,12/01/2024,Chair,Furniture, ,-1,,Pakistan,507.98,1,Unknown,,12/01/2024
2617,Ayesha Noor,30/01/2024,Mouse,Electronics,207.90,4,831.6,Pakistan,207.90,4,Ayesha Noor,831.6,30/01/2024
2619,Bilal Ahmed,11/01/2024,Chair,Furniture,,-1,,Pakistan,507.98,1,Bilal Ahmed,,11/01/2024
2620,Ayesha Noor,15/01/2024,Monitor,Electronics, ,-1,,Pakistan,507.98,1,Ayesha Noor,,15/01/2024
2621,Usman Ali,21/01/2024,Mouse,Electronics, ,-1,,Pakistan,507.98,1,Usman Ali,,21/01/2024
2622,,06/01/2024,Table,Furniture,60.67,,,Pakistan,60.67,1,Unknown,,06/01/2024
2624,Sara Ahmed,03/01/2024,Mouse,Electronics,,-1,,Pakistan,507.98,1,Sara Ahmed,,03/01/2024
2625,Hina Khan,06/01/2024,Mouse,Electronics, ,-1,,Pakistan,507.98,1,Hina Khan,,06/01/2024
2626,Hina Khan,09/01/2024,Monitor,Electronics, ,,,Pakistan,507.98,1,Hina Khan,,09/01/2024
2628,Hina Khan,13/01/2024,Laptop,Electronics,,1,,Pakistan,507.98,1,Hina Khan,,13/01/2024
2629,Usman Ali,22/01/2024,Mouse,Electronics,,3,,Pakistan,507.98,3,Usman Ali,,22/01/2024
2630,Ali Khan,12/01/2024,Monitor,Electronics,,2,,Pakistan,507.98,2,Ali Khan,,12/01/2024
2631,Sara Ahmed,19/01/2024,Monitor,Electronics,497.47,-1,,Pakistan,497.47,1,Sara Ahmed,,19/01/2024
2633,Hina Khan,28/01/2024,Mouse,Electronics,213.60,,,Pakistan,213.60,1,Hina Khan,,28/01/2024
2634,Hina Khan,08/01/2024,Phone,Electronics,,4,,Pakistan,507.98,4,Hina Khan,,08/01/2024
2635,,16/01/2024,Mouse,Electronics,448.96,1,448.96,Pakistan,448.96,1,Unknown,448.96,16/01/2024
2636,Usman Ali,22/01/2024,Headphones,Electronics,,3,,Pakistan,507.98,3,Usman Ali,,22/01/2024
2637,Sara Ahmed,20/01/2024,Mouse,Electronics, ,1,,Pakistan,507.98,1,Sara Ahmed,,20/01/2024
2638,Ali Khan,06/01/2024,Laptop,Electronics,55.98,,,Pakistan,55.98,1,Ali Khan,,06/01/2024
2642,Ahmed Raza,21/01/2024,Monitor,Electronics,251.88,,,Pakistan,251.88,1,Ahmed Raza,,21/01/2024
2643,,01/01/2024,Mouse,Electronics,,,,Pakistan,507.98,1,Unknown,,01/01/2024
2644,Ayesha Noor,20/01/2024,Keyboard,Electronics,,2,,Pakistan,507.98,2,Ayesha Noor,,20/01/2024
2645,,14/01/2024,Monitor,Electronics,,2,,Pakistan,507.98,2,Unknown,,14/01/2024
2646,Ayesha Noor,25/01/2024,Monitor,Electronics,,1,,Pakistan,507.98,1,Ayesha Noor,,25/01/2024
2647,,08/01/2024,Mouse,Electronics,395.23,-1,,Pakistan,395.23,1,Unknown,,08/01/2024
2649,Ayesha Noor,01/01/2024,Table,Furniture, ,,,Pakistan,507.98,1,Ayesha Noor,,01/01/2024
2650,Usman Ali,19/01/2024,Chair,Furniture, ,-1,,Pakistan,507.98,1,Usman Ali,,19/01/2024
2656,Bilal Ahmed,16/01/2024,Table,Furniture,331.68,,,Pakistan,331.68,1,Bilal Ahmed,,16/01/2024
2657,Hina Khan,25/01/2024,Phone,Electronics,495.92,,,Pakistan,495.92,1,Hina Khan,,25/01/2024
2659,Hina Khan,19/01/2024,Headphones,Electronics, ,,,Pakistan,507.98,1,Hina Khan,,19/01/2024
2660,,12/01/2024,Monitor,Electronics,,-1,,Pakistan,507.98,1,Unknown,,12/01/2024
2661,Usman Ali,13/01/2024,Mouse,Electronics,,,,Pakistan,507.98,1,Usman Ali,,13/01/2024
2662,Hina Khan,02/01/2024,Monitor,Electronics,933.92,,,Pakistan,933.92,1,Hina Khan,,02/01/2024
2663,Ahmed Raza,16/01/2024,Headphones,Electronics, ,-1,,Pakistan,507.98,1,Ahmed Raza,,16/01/2024
2664,Hina Khan,09/01/2024,Chair,Furniture, ,3,,Pakistan,507.98,3,Hina Khan,,09/01/2024
2665,Ayesha Noor,13/01/2024,Chair,Furniture,286.12,,,Pakistan,286.12,1,Ayesha Noor,,13/01/2024
2666,Hina Khan,10/01/2024,Monitor,Electronics,,,,Pakistan,507.98,1,Hina Khan,,10/01/2024
2667,Usman Ali,28/01/2024,Table,Furniture,,-1,,Pakistan,507.98,1,Usman Ali,,28/01/2024
2668,,21/01/2024,Phone,Electronics,,-1,,Pakistan,507.98,1,Unknown,,21/01/2024
2669,Ahmed Raza,12/01/2024,Laptop,Electronics,59.53,,,Pakistan,59.53,1,Ahmed Raza,,12/01/2024
2670,,16/01/2024,Keyboard,Electronics,,,,Pakistan,507.98,1,Unknown,,16/01/2024
2671,Sara Ahmed,13/01/2024,Phone,Electronics, ,4,,Pakistan,507.98,4,Sara Ahmed,,13/01/2024
2673,Hina Khan,10/01/2024,Mouse,Electronics, ,,,Pakistan,507.98,1,Hina Khan,,10/01/2024
2675,Ali Khan,22/01/2024,Laptop,Electronics,400.21,-1,,Pakistan,400.21,1,Ali Khan,,22/01/2024
2676,Sara Ahmed,03/01/2024,Phone,Electronics,,,,Pakistan,507.98,1,Sara Ahmed,,03/01/2024
2677,Sara Ahmed,07/01/2024,Table,Furniture,,-1,,Pakistan,507.98,1,Sara Ahmed,,07/01/2024
2678,Hina Khan,11/01/2024,Phone,Electronics,,,,Pakistan,507.98,1,Hina Khan,,11/01/2024
2679,Ahmed Raza,09/01/2024,Mouse,Electronics,770.01,-1,,Pakistan,770.01,1,Ahmed Raza,,09/01/2024
2680,Sara Ahmed,10/01/2024,Phone,Electronics, ,2,,Pakistan,507.98,2,Sara Ahmed,,10/01/2024
2682,Bilal Ahmed,22/01/2024,Table,Furniture, ,,,Pakistan,507.98,1,Bilal Ahmed,,22/01/2024
2683,,16/01/2024,Table,Furniture,,,,Pakistan,507.98,1,Unknown,,16/01/2024
2685,Ayesha Noor,18/01/2024,Table,Furniture,948.73,,,Pakistan,948.73,1,Ayesha Noor,,18/01/2024
2686,Ayesha Noor,02/01/2024,Mouse,Electronics,,-1,,Pakistan,507.98,1,Ayesha Noor,,02/01/2024
2687,Bilal Ahmed,09/01/2024,Keyboard,Electronics, ,4,,Pakistan,507.98,4,Bilal Ahmed,,09/01/2024
2688,Bilal Ahmed,16/01/2024,Table,Furniture,245.78,2,491.56,Pakistan,245.78,2,Bilal Ahmed,491.56,16/01/2024
2690,Bilal Ahmed,27/01/2024,Table,Furniture,868.26,2,1736.52,Pakistan,868.26,2,Bilal Ahmed,1736.52,27/01/2024
2691,Hina Khan,22/01/2024,Laptop,Electronics,,2,,Pakistan,507.98,2,Hina Khan,,22/01/2024
2692,Bilal Ahmed,06/01/2024,Monitor,Electronics, ,3,,Pakistan,507.98,3,Bilal Ahmed,,06/01/2024
2693,Bilal Ahmed,04/01/2024,Phone,Electronics,,1,,Pakistan,507.98,1,Bilal Ahmed,,04/01/2024
2695,Usman Ali,16/01/2024,Laptop,Electronics, ,,,Pakistan,507.98,1,Usman Ali,,16/01/2024
2696,Ayesha Noor,24/01/2024,Table,Furniture, ,,,Pakistan,507.98,1,Ayesha Noor,,24/01/2024
2697,Sara Ahmed,13/01/2024,Phone,Electronics,867.08,-1,,Pakistan,867.08,1,Sara Ahmed,,13/01/2024
2698,Ayesha Noor,30/01/2024,Mouse,Electronics,485.95,-1,,Pakistan,485.95,1,Ayesha Noor,,30/01/2024
2699,Ahmed Raza,22/01/2024,Headphones,Electronics,,-1,,Pakistan,507.98,1,Ahmed Raza,,22/01/2024
2700,,28/01/2024,Monitor,Electronics,,-1,,Pakistan,507.98,1,Unknown,,28/01/2024
2701,Usman Ali,04/01/2024,Phone,Electronics,,3,,Pakistan,507.98,3,Usman Ali,,04/01/2024
2702,Ahmed Raza,20/01/2024,Laptop,Electronics,,,,Pakistan,507.98,1,Ahmed Raza,,20/01/2024
2703,Usman Ali,05/01/2024,Headphones,Electronics,305.06,2,610.12,Pakistan,305.06,2,Usman Ali,610.12,05/01/2024
2705,Sara Ahmed,04/01/2024,Monitor,Electronics,311.90,-1,,Pakistan,311.90,1,Sara Ahmed,,04/01/2024
2706,Hina Khan,19/01/2024,Chair,Furniture,242.93,,,Pakistan,242.93,1,Hina Khan,,19/01/2024
2707,Usman Ali,27/01/2024,Headphones,Electronics,941.13,1,941.13,Pakistan,941.13,1,Usman Ali,941.13,27/01/2024
2708,Ahmed Raza,10/01/2024,Phone,Electronics, ,,,Pakistan,507.98,1,Ahmed Raza,,10/01/2024
2711,Usman Ali,14/01/2024,Laptop,Electronics,,1,,Pakistan,507.98,1,Usman Ali,,14/01/2024
2712,Sara Ahmed,09/01/2024,Laptop,Electronics, ,-1,,Pakistan,507.98,1,Sara Ahmed,,09/01/2024
2713,Hina Khan,30/01/2024,Laptop,Electronics, ,-1,,Pakistan,507.98,1,Hina Khan,,30/01/2024
2714,Ali Khan,19/01/2024,Laptop,Electronics,30.30,,,Pakistan,30.30,1,Ali Khan,,19/01/2024
2715,Hina Khan,30/01/2024,Keyboard,Electronics, ,-1,,Pakistan,507.98,1,Hina Khan,,30/01/2024
2718,Ali Khan,16/01/2024,Monitor,Electronics, ,,,Pakistan,507.98,1,Ali Khan,,16/01/2024
2719,Hina Khan,06/01/2024,Mouse,Electronics,892.63,1,892.63,Pakistan,892.63,1,Hina Khan,892.63,06/01/2024
2721,Usman Ali,01/01/2024,Table,Furniture,998.82,-1,,Pakistan,998.82,1,Usman Ali,,01/01/2024
2722,Hina Khan,21/01/2024,Table,Furniture,100.92,,,Pakistan,100.92,1,Hina Khan,,21/01/2024
2726,Usman Ali,23/01/2024,Mouse,Electronics,,1,,Pakistan,507.98,1,Usman Ali,,23/01/2024
2727,Usman Ali,02/01/2024,Laptop,Electronics,,,,Pakistan,507.98,1,Usman Ali,,02/01/2024
2729,Ali Khan,15/01/2024,Table,Furniture,,,,Pakistan,507.98,1,Ali Khan,,15/01/2024
2730,Ahmed Raza,05/01/2024,Mouse,Electronics,995.51,,,Pakistan,995.51,1,Ahmed Raza,,05/01/2024
2733,Bilal Ahmed,04/01/2024,Phone,Electronics, ,-1,,Pakistan,507.98,1,Bilal Ahmed,,04/01/2024
2735,Ayesha Noor,10/01/2024,Keyboard,Electronics,619.11,,,Pakistan,619.11,1,Ayesha Noor,,10/01/2024
2736,,11/01/2024,Headphones,Electronics,,,,Pakistan,507.98,1,Unknown,,11/01/2024
2737,Ayesha Noor,15/01/2024,Phone,Electronics, ,,,Pakistan,507.98,1,Ayesha Noor,,15/01/2024
2738,Usman Ali,28/01/2024,Headphones,Electronics,,3,,Pakistan,507.98,3,Usman Ali,,28/01/2024
2739,,19/01/2024,Chair,Furniture, ,,,Pakistan,507.98,1,Unknown,,19/01/2024
2740,Usman Ali,17/01/2024,Headphones,Electronics,251.28,,,Pakistan,251.28,1,Usman Ali,,17/01/2024
2741,Ayesha Noor,07/01/2024,Laptop,Electronics, ,,,Pakistan,507.98,1,Ayesha Noor,,07/01/2024
2742,Hina Khan,27/01/2024,Monitor,Electronics,,-1,,Pakistan,507.98,1,Hina Khan,,27/01/2024
2743,Hina Khan,29/01/2024,Monitor,Electronics, ,,,Pakistan,507.98,1,Hina Khan,,29/01/2024
2744,Bilal Ahmed,02/01/2024,Laptop,Electronics,,-1,,Pakistan,507.98,1,Bilal Ahmed,,02/01/2024
2746,Sara Ahmed,14/01/2024,Keyboard,Electronics,,3,,Pakistan,507.98,3,Sara Ahmed,,14/01/2024
2747,Ali Khan,18/01/2024,Phone,Electronics,361.09,,,Pakistan,361.09,1,Ali Khan,,18/01/2024
2749,Bilal Ahmed,11/01/2024,Table,Furniture,281.44,4,1125.76,Pakistan,281.44,4,Bilal Ahmed,1125.76,11/01/2024
2753,Sara Ahmed,06/01/2024,Table,Furniture,523.80,,,Pakistan,523.80,1,Sara Ahmed,,06/01/2024
2754,Ayesha Noor,10/01/2024,Chair,Furniture, ,1,,Pakistan,507.98,1,Ayesha Noor,,10/01/2024
2755,Ahmed Raza,30/01/2024,Phone,Electronics,,,,Pakistan,507.98,1,Ahmed Raza,,30/01/2024
2757,Ahmed Raza,06/01/2024,Table,Furniture,,-1,,Pakistan,507.98,1,Ahmed Raza,,06/01/2024
2759,Usman Ali,05/01/2024,Mouse,Electronics, ,,,Pakistan,507.98,1,Usman Ali,,05/01/2024
2760,Bilal Ahmed,10/01/2024,Headphones,Electronics,,1,,Pakistan,507.98,1,Bilal Ahmed,,10/01/2024
2761,Usman Ali,29/01/2024,Laptop,Electronics, ,1,,Pakistan,507.98,1,Usman Ali,,29/01/2024
2762,Ayesha Noor,24/01/2024,Headphones,Electronics, ,4,,Pakistan,507.98,4,Ayesha Noor,,24/01/2024
2764,Sara Ahmed,10/01/2024,Table,Furniture, ,-1,,Pakistan,507.98,1,Sara Ahmed,,10/01/2024
2765,Ayesha Noor,24/01/2024,Headphones,Electronics, ,-1,,Pakistan,507.98,1,Ayesha Noor,,24/01/2024
2766,Sara Ahmed,03/01/2024,Phone,Electronics,,-1,,Pakistan,507.98,1,Sara Ahmed,,03/01/2024
2767,Ayesha Noor,22/01/2024,Mouse,Electronics,515.81,,,Pakistan,515.81,1,Ayesha Noor,,22/01/2024
2768,Usman Ali,04/01/2024,Table,Furniture,847.97,-1,,Pakistan,847.97,1,Usman Ali,,04/01/2024
2770,Bilal Ahmed,09/01/2024,Laptop,Electronics,,4,,Pakistan,507.98,4,Bilal Ahmed,,09/01/2024
2772,Bilal Ahmed,22/01/2024,Table,Furniture,815.39,3,2446.17,Pakistan,815.39,3,Bilal Ahmed,2446.17,22/01/2024
2773,Sara Ahmed,28/01/2024,Monitor,Electronics,732.48,4,2929.92,Pakistan,732.48,4,Sara Ahmed,2929.92,28/01/2024
2774,Bilal Ahmed,07/01/2024,Laptop,Electronics, ,1,,Pakistan,507.98,1,Bilal Ahmed,,07/01/2024
2775,Sara Ahmed,13/01/2024,Monitor,Electronics, ,1,,Pakistan,507.98,1,Sara Ahmed,,13/01/2024
2777,Sara Ahmed,24/01/2024,Headphones,Electronics,,,,Pakistan,507.98,1,Sara Ahmed,,24/01/2024
2778,,07/01/2024,Headphones,Electronics,577.92,,,Pakistan,577.92,1,Unknown,,07/01/2024
2779,Usman Ali,03/01/2024,Table,Furniture, ,,,Pakistan,507.98,1,Usman Ali,,03/01/2024
2780,Ali Khan,13/01/2024,Mouse,Electronics,,1,,Pakistan,507.98,1,Ali Khan,,13/01/2024
2781,Bilal Ahmed,25/01/2024,Chair,Furniture, ,1,,Pakistan,507.98,1,Bilal Ahmed,,25/01/2024
2782,,07/01/2024,Table,Furniture,929.19,3,2787.57,Pakistan,929.19,3,Unknown,2787.57,07/01/2024
2783,Sara Ahmed,06/01/2024,Monitor,Electronics,124.09,2,248.18,Pakistan,124.09,2,Sara Ahmed,248.18,06/01/2024
2784,Usman Ali,06/01/2024,Laptop,Electronics,,3,,Pakistan,507.98,3,Usman Ali,,06/01/2024
2785,Bilal Ahmed,28/01/2024,Table,Furniture,509.56,-1,,Pakistan,509.56,1,Bilal Ahmed,,28/01/2024
2786,Sara Ahmed,01/01/2024,Chair,Furniture, ,,,Pakistan,507.98,1,Sara Ahmed,,01/01/2024
2788,,10/01/2024,Table,Furniture,279.81,3,839.43,Pakistan,279.81,3,Unknown,839.43,10/01/2024
2789,Ahmed Raza,16/01/2024,Monitor,Electronics, ,4,,Pakistan,507.98,4,Ahmed Raza,,16/01/2024
2790,Hina Khan,03/01/2024,Phone,Electronics,498.77,2,997.54,Pakistan,498.77,2,Hina Khan,997.54,03/01/2024
2791,Sara Ahmed,30/01/2024,Monitor,Electronics,,,,Pakistan,507.98,1,Sara Ahmed,,30/01/2024
2793,Bilal Ahmed,24/01/2024,Phone,Electronics, ,1,,Pakistan,507.98,1,Bilal Ahmed,,24/01/2024
2794,Usman Ali,27/01/2024,Table,Furniture,,-1,,Pakistan,507.98,1,Usman Ali,,27/01/2024
2795,Ayesha Noor,05/01/2024,Keyboard,Electronics, ,-1,,Pakistan,507.98,1,Ayesha Noor,,05/01/2024
2796,Hina Khan,26/01/2024,Table,Furniture, ,,,Pakistan,507.98,1,Hina Khan,,26/01/2024
2797,Hina Khan,29/01/2024,Laptop,Electronics,646.33,-1,,Pakistan,646.33,1,Hina Khan,,29/01/2024
2798,Ali Khan,30/01/2024,Phone,Electronics, ,4,,Pakistan,507.98,4,Ali Khan,,30/01/2024
2799,Hina Khan,11/01/2024,Laptop,Electronics,,2,,Pakistan,507.98,2,Hina Khan,,11/01/2024
2800,Ayesha Noor,01/01/2024,Headphones,Electronics,,3,,Pakistan,507.98,3,Ayesha Noor,,01/01/2024
2801,Usman Ali,14/01/2024,Table,Furniture,,3,,Pakistan,507.98,3,Usman Ali,,14/01/2024
2802,Ayesha Noor,27/01/2024,Laptop,Electronics,,-1,,Pakistan,507.98,1,Ayesha Noor,,27/01/2024
2804,Hina Khan,20/01/2024,Headphones,Electronics,228.41,-1,,Pakistan,228.41,1,Hina Khan,,20/01/2024
2805,Ayesha Noor,12/01/2024,Table,Furniture,,-1,,Pakistan,507.98,1,Ayesha Noor,,12/01/2024
2806,Ahmed Raza,02/01/2024,Table,Furniture, ,,,Pakistan,507.98,1,Ahmed Raza,,02/01/2024
2808,Hina Khan,21/01/2024,Mouse,Electronics,,,,Pakistan,507.98,1,Hina Khan,,21/01/2024
2809,Usman Ali,05/01/2024,Mouse,Electronics,,-1,,Pakistan,507.98,1,Usman Ali,,05/01/2024
2810,Ali Khan,13/01/2024,Keyboard,Electronics,,4,,Pakistan,507.98,4,Ali Khan,,13/01/2024
2812,Bilal Ahmed,16/01/2024,Mouse,Electronics,,,,Pakistan,507.98,1,Bilal Ahmed,,16/01/2024
2813,Usman Ali,24/01/2024,Chair,Furniture,983.40,3,2950.2,Pakistan,983.40,3,Usman Ali,2950.2,24/01/2024
2814,Sara Ahmed,21/01/2024,Laptop,Electronics, ,-1,,Pakistan,507.98,1,Sara Ahmed,,21/01/2024
2815,Sara Ahmed,30/01/2024,Table,Furniture, ,1,,Pakistan,507.98,1,Sara Ahmed,,30/01/2024
2816,Usman Ali,08/01/2024,Chair,Furniture,457.23,3,1371.69,Pakistan,457.23,3,Usman Ali,1371.69,08/01/2024
2817,Ayesha Noor,08/01/2024,Monitor,Electronics,912.90,,,Pakistan,912.90,1,Ayesha Noor,,08/01/2024
2818,Ali Khan,21/01/2024,Chair,Furniture,523.74,2,1047.48,Pakistan,523.74,2,Ali Khan,1047.48,21/01/2024
2819,Ayesha Noor,18/01/2024,Laptop,Electronics,,3,,Pakistan,507.98,3,Ayesha Noor,,18/01/2024
2820,,26/01/2024,Monitor,Electronics,590.79,4,2363.16,Pakistan,590.79,4,Unknown,2363.16,26/01/2024
2821,Ali Khan,13/01/2024,Monitor,Electronics,200.56,,,Pakistan,200.56,1,Ali Khan,,13/01/2024
2822,Sara Ahmed,09/01/2024,Table,Furniture,,4,,Pakistan,507.98,4,Sara Ahmed,,09/01/2024
2823,Sara Ahmed,06/01/2024,Chair,Furniture, ,-1,,Pakistan,507.98,1,Sara Ahmed,,06/01/2024
2826,Ahmed Raza,11/01/2024,Laptop,Electronics,589.14,3,1767.42,Pakistan,589.14,3,Ahmed Raza,1767.42,11/01/2024
2827,Ayesha Noor,05/01/2024,Phone,Electronics,,,,Pakistan,507.98,1,Ayesha Noor,,05/01/2024
2828,Usman Ali,27/01/2024,Phone,Electronics,,-1,,Pakistan,507.98,1,Usman Ali,,27/01/2024
2829,Ayesha Noor,09/01/2024,Mouse,Electronics, ,2,,Pakistan,507.98,2,Ayesha Noor,,09/01/2024
2830,Usman Ali,25/01/2024,Mouse,Electronics,,-1,,Pakistan,507.98,1,Usman Ali,,25/01/2024
2831,Ali Khan,06/01/2024,Chair,Furniture,625.92,2,1251.84,Pakistan,625.92,2,Ali Khan,1251.84,06/01/2024
2832,Usman Ali,26/01/2024,Chair,Furniture,837.77,4,3351.08,Pakistan,837.77,4,Usman Ali,3351.08,26/01/2024
2833,Ali Khan,22/01/2024,Monitor,Electronics, ,,,Pakistan,507.98,1,Ali Khan,,22/01/2024
2834,Ali Khan,20/01/2024,Keyboard,Electronics,327.88,1,327.88,Pakistan,327.88,1,Ali Khan,327.88,20/01/2024
2835,Ahmed Raza,21/01/2024,Table,Furniture, ,,,Pakistan,507.98,1,Ahmed Raza,,21/01/2024
2836,Sara Ahmed,14/01/2024,Table,Furniture,,-1,,Pakistan,507.98,1,Sara Ahmed,,14/01/2024
2838,Ayesha Noor,03/01/2024,Chair,Furniture, ,,,Pakistan,507.98,1,Ayesha Noor,,03/01/2024
2839,Usman Ali,08/01/2024,Laptop,Electronics, ,2,,Pakistan,507.98,2,Usman Ali,,08/01/2024
2840,Sara Ahmed,15/01/2024,Monitor,Electronics, ,3,,Pakistan,507.98,3,Sara Ahmed,,15/01/2024
2841,Bilal Ahmed,26/01/2024,Headphones,Electronics,323.27,,,Pakistan,323.27,1,Bilal Ahmed,,26/01/2024
2842,Sara Ahmed,03/01/2024,Mouse,Electronics,984.41,-1,,Pakistan,984.41,1,Sara Ahmed,,03/01/2024
2844,Usman Ali,07/01/2024,Table,Furniture,916.98,,,Pakistan,916.98,1,Usman Ali,,07/01/2024
2845,Ayesha Noor,26/01/2024,Keyboard,Electronics, ,-1,,Pakistan,507.98,1,Ayesha Noor,,26/01/2024
2846,Usman Ali,09/01/2024,Phone,Electronics,238.62,-1,,Pakistan,238.62,1,Usman Ali,,09/01/2024
2847,,21/01/2024,Chair,Furniture, ,,,Pakistan,507.98,1,Unknown,,21/01/2024
2848,Ayesha Noor,24/01/2024,Table,Furniture, ,-1,,Pakistan,507.98,1,Ayesha Noor,,24/01/2024
2850,Ahmed Raza,19/01/2024,Mouse,Electronics,125.08,-1,,Pakistan,125.08,1,Ahmed Raza,,19/01/2024
2851,Bilal Ahmed,11/01/2024,Monitor,Electronics, ,-1,,Pakistan,507.98,1,Bilal Ahmed,,11/01/2024
2852,Usman Ali,04/01/2024,Chair,Furniture,105.05,,,Pakistan,105.05,1,Usman Ali,,04/01/2024
2855,,15/01/2024,Keyboard,Electronics,120.71,,,Pakistan,120.71,1,Unknown,,15/01/2024
2858,Ayesha Noor,14/01/2024,Laptop,Electronics, ,-1,,Pakistan,507.98,1,Ayesha Noor,,14/01/2024
2859,Ali Khan,26/01/2024,Keyboard,Electronics, ,,,Pakistan,507.98,1,Ali Khan,,26/01/2024
2860,Bilal Ahmed,09/01/2024,Headphones,Electronics, ,1,,Pakistan,507.98,1,Bilal Ahmed,,09/01/2024
2861,Hina Khan,16/01/2024,Headphones,Electronics, ,3,,Pakistan,507.98,3,Hina Khan,,16/01/2024
2863,Sara Ahmed,10/01/2024,Headphones,Electronics, ,1,,Pakistan,507.98,1,Sara Ahmed,,10/01/2024
2864,,10/01/2024,Mouse,Electronics,,,,Pakistan,507.98,1,Unknown,,10/01/2024
2866,Ali Khan,29/01/2024,Chair,Furniture, ,-1,,Pakistan,507.98,1,Ali Khan,,29/01/2024
2867,Hina Khan,24/01/2024,Phone,Electronics,686.95,4,2747.8,Pakistan,686.95,4,Hina Khan,2747.8,24/01/2024
2868,Usman Ali,18/01/2024,Headphones,Electronics,,-1,,Pakistan,507.98,1,Usman Ali,,18/01/2024
2869,Bilal Ahmed,14/01/2024,Phone,Electronics,980.21,-1,,Pakistan,980.21,1,Bilal Ahmed,,14/01/2024
2870,Usman Ali,10/01/2024,Monitor,Electronics, ,-1,,Pakistan,507.98,1,Usman Ali,,10/01/2024
2871,Ahmed Raza,20/01/2024,Keyboard,Electronics, ,-1,,Pakistan,507.98,1,Ahmed Raza,,20/01/2024
2872,,13/01/2024,Headphones,Electronics,425.43,-1,,Pakistan,425.43,1,Unknown,,13/01/2024
2873,Usman Ali,05/01/2024,Headphones,Electronics,102.28,2,204.56,Pakistan,102.28,2,Usman Ali,204.56,05/01/2024
2874,Ahmed Raza,12/01/2024,Headphones,Electronics, ,-1,,Pakistan,507.98,1,Ahmed Raza,,12/01/2024
2876,Bilal Ahmed,18/01/2024,Phone,Electronics, ,1,,Pakistan,507.98,1,Bilal Ahmed,,18/01/2024
2877,Usman Ali,30/01/2024,Laptop,Electronics, ,2,,Pakistan,507.98,2,Usman Ali,,30/01/2024
2878,Sara Ahmed,03/01/2024,Chair,Furniture,,-1,,Pakistan,507.98,1,Sara Ahmed,,03/01/2024
2879,Ali Khan,03/01/2024,Laptop,Electronics,,,,Pakistan,507.98,1,Ali Khan,,03/01/2024
2880,Sara Ahmed,22/01/2024,Mouse,Electronics,75.49,,,Pakistan,75.49,1,Sara Ahmed,,22/01/2024
2883,Bilal Ahmed,24/01/2024,Chair,Furniture,,-1,,Pakistan,507.98,1,Bilal Ahmed,,24/01/2024
2884,Sara Ahmed,07/01/2024,Laptop,Electronics,,,,Pakistan,507.98,1,Sara Ahmed,,07/01/2024
2885,Ahmed Raza,03/01/2024,Keyboard,Electronics,819.74,-1,,Pakistan,819.74,1,Ahmed Raza,,03/01/2024
2887,,04/01/2024,Keyboard,Electronics,612.22,,,Pakistan,612.22,1,Unknown,,04/01/2024
2888,Usman Ali,18/01/2024,Table,Furniture,,,,Pakistan,507.98,1,Usman Ali,,18/01/2024
2889,Ayesha Noor,12/01/2024,Headphones,Electronics,876.06,,,Pakistan,876.06,1,Ayesha Noor,,12/01/2024
2890,Hina Khan,18/01/2024,Headphones,Electronics,741.31,,,Pakistan,741.31,1,Hina Khan,,18/01/2024
2891,Usman Ali,02/01/2024,Phone,Electronics,,-1,,Pakistan,507.98,1,Usman Ali,,02/01/2024
2893,Ahmed Raza,08/01/2024,Monitor,Electronics, ,3,,Pakistan,507.98,3,Ahmed Raza,,08/01/2024
2894,Usman Ali,08/01/2024,Monitor,Electronics,466.29,-1,,Pakistan,466.29,1,Usman Ali,,08/01/2024
2895,Ahmed Raza,29/01/2024,Mouse,Electronics,,1,,Pakistan,507.98,1,Ahmed Raza,,29/01/2024
2897,Bilal Ahmed,07/01/2024,Chair,Furniture, ,4,,Pakistan,507.98,4,Bilal Ahmed,,07/01/2024
2898,Bilal Ahmed,10/01/2024,Phone,Electronics, ,1,,Pakistan,507.98,1,Bilal Ahmed,,10/01/2024
2899,,17/01/2024,Chair,Furniture,,1,,Pakistan,507.98,1,Unknown,,17/01/2024
2900,Ayesha Noor,01/01/2024,Table,Furniture, ,3,,Pakistan,507.98,3,Ayesha Noor,,01/01/2024
2901,Bilal Ahmed,18/01/2024,Phone,Electronics, ,4,,Pakistan,507.98,4,Bilal Ahmed,,18/01/2024
2902,,01/01/2024,Headphones,Electronics, ,,,Pakistan,507.98,1,Unknown,,01/01/2024
2903,Ahmed Raza,06/01/2024,Monitor,Electronics,,2,,Pakistan,507.98,2,Ahmed Raza,,06/01/2024
2904,,06/01/2024,Keyboard,Electronics, ,3,,Pakistan,507.98,3,Unknown,,06/01/2024
2905,,08/01/2024,Keyboard,Electronics, ,,,Pakistan,507.98,1,Unknown,,08/01/2024
2906,Bilal Ahmed,30/01/2024,Chair,Furniture,916.55,,,Pakistan,916.55,1,Bilal Ahmed,,30/01/2024
2907,Sara Ahmed,22/01/2024,Headphones,Electronics, ,,,Pakistan,507.98,1,Sara Ahmed,,22/01/2024
2911,Ali Khan,25/01/2024,Mouse,Electronics,,,,Pakistan,507.98,1,Ali Khan,,25/01/2024
2912,Sara Ahmed,03/01/2024,Headphones,Electronics,,,,Pakistan,507.98,1,Sara Ahmed,,03/01/2024
2913,Sara Ahmed,24/01/2024,Chair,Furniture,,4,,Pakistan,507.98,4,Sara Ahmed,,24/01/2024
2914,Ali Khan,19/01/2024,Monitor,Electronics, ,,,Pakistan,507.98,1,Ali Khan,,19/01/2024
2915,,05/01/2024,Mouse,Electronics,,1,,Pakistan,507.98,1,Unknown,,05/01/2024
2916,Ali Khan,30/01/2024,Headphones,Electronics,,,,Pakistan,507.98,1,Ali Khan,,30/01/2024
2917,Hina Khan,12/01/2024,Mouse,Electronics, ,2,,Pakistan,507.98,2,Hina Khan,,12/01/2024
2918,Ayesha Noor,13/01/2024,Mouse,Electronics,988.25,3,2964.75,Pakistan,988.25,3,Ayesha Noor,2964.75,13/01/2024
2923,Sara Ahmed,19/01/2024,Table,Furniture,980.66,-1,,Pakistan,980.66,1,Sara Ahmed,,19/01/2024
2924,Ayesha Noor,14/01/2024,Laptop,Electronics,,-1,,Pakistan,507.98,1,Ayesha Noor,,14/01/2024
2925,Usman Ali,26/01/2024,Laptop,Electronics, ,-1,,Pakistan,507.98,1,Usman Ali,,26/01/2024
2926,Ayesha Noor,01/01/2024,Headphones,Electronics,412.35,2,824.7,Pakistan,412.35,2,Ayesha Noor,824.7,01/01/2024
2927,Ayesha Noor,27/01/2024,Keyboard,Electronics,776.40,,,Pakistan,776.40,1,Ayesha Noor,,27/01/2024
2929,Ahmed Raza,03/01/2024,Chair,Furniture,829.02,,,Pakistan,829.02,1,Ahmed Raza,,03/01/2024
2930,Ahmed Raza,24/01/2024,Headphones,Electronics,,2,,Pakistan,507.98,2,Ahmed Raza,,24/01/2024
2931,Ahmed Raza,21/01/2024,Monitor,Electronics,,3,,Pakistan,507.98,3,Ahmed Raza,,21/01/2024
2932,,17/01/2024,Table,Furniture, ,-1,,Pakistan,507.98,1,Unknown,,17/01/2024
2933,,14/01/2024,Headphones,Electronics, ,,,Pakistan,507.98,1,Unknown,,14/01/2024
2935,Ahmed Raza,27/01/2024,Monitor,Electronics, ,-1,,Pakistan,507.98,1,Ahmed Raza,,27/01/2024
2937,,20/01/2024,Laptop,Electronics,,,,Pakistan,507.98,1,Unknown,,20/01/2024
2938,Bilal Ahmed,25/01/2024,Mouse,Electronics, ,2,,Pakistan,507.98,2,Bilal Ahmed,,25/01/2024
2939,Ali Khan,25/01/2024,Headphones,Electronics,,3,,Pakistan,507.98,3,Ali Khan,,25/01/2024
2940,Hina Khan,13/01/2024,Headphones,Electronics,620.85,,,Pakistan,620.85,1,Hina Khan,,13/01/2024
2941,Hina Khan,25/01/2024,Monitor,Electronics,528.00,,,Pakistan,528.00,1,Hina Khan,,25/01/2024
2943,Sara Ahmed,03/01/2024,Table,Furniture,979.37,-1,,Pakistan,979.37,1,Sara Ahmed,,03/01/2024
2945,Ayesha Noor,20/01/2024,Table,Furniture,555.32,-1,,Pakistan,555.32,1,Ayesha Noor,,20/01/2024
2946,Ayesha Noor,13/01/2024,Table,Furniture,,3,,Pakistan,507.98,3,Ayesha Noor,,13/01/2024
2947,Bilal Ahmed,14/01/2024,Laptop,Electronics,277.44,,,Pakistan,277.44,1,Bilal Ahmed,,14/01/2024
2951,Bilal Ahmed,09/01/2024,Monitor,Electronics,876.20,,,Pakistan,876.20,1,Bilal Ahmed,,09/01/2024
2952,,07/01/2024,Mouse,Electronics, ,-1,,Pakistan,507.98,1,Unknown,,07/01/2024
2954,Sara Ahmed,23/01/2024,Keyboard,Electronics, ,-1,,Pakistan,507.98,1,Sara Ahmed,,23/01/2024
2955,Usman Ali,21/01/2024,Phone,Electronics, ,,,Pakistan,507.98,1,Usman Ali,,21/01/2024
2956,,11/01/2024,Headphones,Electronics,,-1,,Pakistan,507.98,1,Unknown,,11/01/2024
2957,Ayesha Noor,19/01/2024,Laptop,Electronics, ,-1,,Pakistan,507.98,1,Ayesha Noor,,19/01/2024
2958,Ayesha Noor,18/01/2024,Headphones,Electronics, ,3,,Pakistan,507.98,3,Ayesha Noor,,18/01/2024
2959,Bilal Ahmed,18/01/2024,Mouse,Electronics,,1,,Pakistan,507.98,1,Bilal Ahmed,,18/01/2024
2960,Sara Ahmed,17/01/2024,Keyboard,Electronics,,3,,Pakistan,507.98,3,Sara Ahmed,,17/01/2024
2961,Sara Ahmed,02/01/2024,Laptop,Electronics,347.36,4,1389.44,Pakistan,347.36,4,Sara Ahmed,1389.44,02/01/2024
2962,,24/01/2024,Keyboard,Electronics, ,-1,,Pakistan,507.98,1,Unknown,,24/01/2024
2963,Ali Khan,26/01/2024,Monitor,Electronics, ,,,Pakistan,507.98,1,Ali Khan,,26/01/2024
2964,Sara Ahmed,16/01/2024,Phone,Electronics,336.68,-1,,Pakistan,336.68,1,Sara Ahmed,,16/01/2024
2965,Ahmed Raza,16/01/2024,Table,Furniture,,,,Pakistan,507.98,1,Ahmed Raza,,16/01/2024
2966,Ayesha Noor,21/01/2024,Laptop,Electronics,389.80,1,389.8,Pakistan,389.80,1,Ayesha Noor,389.8,21/01/2024
2967,Sara Ahmed,06/01/2024,Laptop,Electronics,,,,Pakistan,507.98,1,Sara Ahmed,,06/01/2024
2969,Usman Ali,20/01/2024,Chair,Furniture, ,,,Pakistan,507.98,1,Usman Ali,,20/01/2024
2971,Usman Ali,26/01/2024,Phone,Electronics,821.93,,,Pakistan,821.93,1,Usman Ali,,26/01/2024
2972,Ahmed Raza,07/01/2024,Keyboard,Electronics,,-1,,Pakistan,507.98,1,Ahmed Raza,,07/01/2024
2973,Usman Ali,27/01/2024,Monitor,Electronics,,1,,Pakistan,507.98,1,Usman Ali,,27/01/2024
2975,Usman Ali,24/01/2024,Mouse,Electronics,,3,,Pakistan,507.98,3,Usman Ali,,24/01/2024
2977,Ali Khan,09/01/2024,Monitor,Electronics,989.34,-1,,Pakistan,989.34,1,Ali Khan,,09/01/2024
2979,Ali Khan,28/01/2024,Keyboard,Electronics,,,,Pakistan,507.98,1,Ali Khan,,28/01/2024
2980,Ahmed Raza,07/01/2024,Headphones,Electronics,519.53,,,Pakistan,519.53,1,Ahmed Raza,,07/01/2024
2981,Hina Khan,19/01/2024,Keyboard,Electronics,,,,Pakistan,507.98,1,Hina Khan,,19/01/2024
2982,Usman Ali,05/01/2024,Laptop,Electronics, ,-1,,Pakistan,507.98,1,Usman Ali,,05/01/2024
2983,Usman Ali,02/01/2024,Chair,Furniture,120.29,-1,,Pakistan,120.29,1,Usman Ali,,02/01/2024
2984,,06/01/2024,Monitor,Electronics,,,,Pakistan,507.98,1,Unknown,,06/01/2024
2985,,28/01/2024,Monitor,Electronics,,,,Pakistan,507.98,1,Unknown,,28/01/2024
2986,Ali Khan,29/01/2024,Phone,Electronics,,3,,Pakistan,507.98,3,Ali Khan,,29/01/2024
2987,Bilal Ahmed,18/01/2024,Keyboard,Electronics, ,-1,,Pakistan,507.98,1,Bilal Ahmed,,18/01/2024
2988,Ali Khan,09/01/2024,Chair,Furniture, ,4,,Pakistan,507.98,4,Ali Khan,,09/01/2024
2989,Bilal Ahmed,03/01/2024,Chair,Furniture,81.65,4,326.6,Pakistan,81.65,4,Bilal Ahmed,326.6,03/01/2024
2991,Ayesha Noor,15/01/2024,Laptop,Electronics, ,,,Pakistan,507.98,1,Ayesha Noor,,15/01/2024
2992,Ahmed Raza,20/01/2024,Laptop,Electronics,735.33,1,735.33,Pakistan,735.33,1,Ahmed Raza,735.33,20/01/2024
2993,,28/01/2024,Monitor,Electronics,,,,Pakistan,507.98,1,Unknown,,28/01/2024
2995,Sara Ahmed,01/01/2024,Laptop,Electronics, ,,,Pakistan,507.98,1,Sara Ahmed,,01/01/2024
2996,Ahmed Raza,11/01/2024,Monitor,Electronics,536.47,-1,,Pakistan,536.47,1,Ahmed Raza,,11/01/2024
2997,Ahmed Raza,12/01/2024,Table,Furniture, ,-1,,Pakistan,507.98,1,Ahmed Raza,,12/01/2024
2998,Usman Ali,23/01/2024,Headphones,Electronics, ,,,Pakistan,507.98,1,Usman Ali,,23/01/2024
2999,Ahmed Raza,30/01/2024,Phone,Electronics,,,,Pakistan,507.98,1,Ahmed Raza,,30/01/2024
3001,,18/01/2024,Chair,Furniture,118.92,,,Pakistan,118.92,1,Unknown,,18/01/2024
3002,Ahmed Raza,08/01/2024,Headphones,Electronics, ,,,Pakistan,507.98,1,Ahmed Raza,,08/01/2024
3004,Ahmed Raza,11/01/2024,Chair,Furniture,,-1,,Pakistan,507.98,1,Ahmed Raza,,11/01/2024
3005,Ayesha Noor,23/01/2024,Table,Furniture,,-1,,Pakistan,507.98,1,Ayesha Noor,,23/01/2024
3006,Bilal Ahmed,03/01/2024,Laptop,Electronics,,,,Pakistan,507.98,1,Bilal Ahmed,,03/01/2024
3007,Usman Ali,14/01/2024,Chair,Furniture,793.17,4,3172.68,Pakistan,793.17,4,Usman Ali,3172.68,14/01/2024
3009,Hina Khan,05/01/2024,Headphones,Electronics, ,,,Pakistan,507.98,1,Hina Khan,,05/01/2024
3010,Ahmed Raza,07/01/2024,Headphones,Electronics,,,,Pakistan,507.98,1,Ahmed Raza,,07/01/2024
3011,,25/01/2024,Monitor,Electronics,374.38,4,1497.52,Pakistan,374.38,4,Unknown,1497.52,25/01/2024
3012,Sara Ahmed,30/01/2024,Chair,Furniture,,,,Pakistan,507.98,1,Sara Ahmed,,30/01/2024
3013,Ahmed Raza,18/01/2024,Keyboard,Electronics,956.79,2,1913.58,Pakistan,956.79,2,Ahmed Raza,1913.58,18/01/2024
3014,Sara Ahmed,18/01/2024,Headphones,Electronics,513.12,2,1026.24,Pakistan,513.12,2,Sara Ahmed,1026.24,18/01/2024
3015,Bilal Ahmed,05/01/2024,Mouse,Electronics, ,3,,Pakistan,507.98,3,Bilal Ahmed,,05/01/2024
3018,Bilal Ahmed,07/01/2024,Phone,Electronics, ,,,Pakistan,507.98,1,Bilal Ahmed,,07/01/2024
3019,Sara Ahmed,09/01/2024,Monitor,Electronics, ,-1,,Pakistan,507.98,1,Sara Ahmed,,09/01/2024
3020,Ahmed Raza,10/01/2024,Phone,Electronics, ,,,Pakistan,507.98,1,Ahmed Raza,,10/01/2024
3021,,12/01/2024,Headphones,Electronics,894.04,3,2682.12,Pakistan,894.04,3,Unknown,2682.12,12/01/2024
3024,Bilal Ahmed,16/01/2024,Headphones,Electronics, ,,,Pakistan,507.98,1,Bilal Ahmed,,16/01/2024
3026,Ahmed Raza,16/01/2024,Headphones,Electronics,,3,,Pakistan,507.98,3,Ahmed Raza,,16/01/2024
3027,Usman Ali,08/01/2024,Phone,Electronics,645.46,-1,,Pakistan,645.46,1,Usman Ali,,08/01/2024
3028,Sara Ahmed,02/01/2024,Monitor,Electronics,,,,Pakistan,507.98,1,Sara Ahmed,,02/01/2024
3029,Ali Khan,02/01/2024,Table,Furniture, ,1,,Pakistan,507.98,1,Ali Khan,,02/01/2024
3030,Ayesha Noor,01/01/2024,Phone,Electronics,846.81,-1,,Pakistan,846.81,1,Ayesha Noor,,01/01/2024
3031,Usman Ali,19/01/2024,Table,Furniture, ,,,Pakistan,507.98,1,Usman Ali,,19/01/2024
3032,Ali Khan,20/01/2024,Monitor,Electronics,455.55,4,1822.2,Pakistan,455.55,4,Ali Khan,1822.2,20/01/2024
3034,Sara Ahmed,02/01/2024,Table,Furniture,,-1,,Pakistan,507.98,1,Sara Ahmed,,02/01/2024
3035,,21/01/2024,Chair,Furniture,,,,Pakistan,507.98,1,Unknown,,21/01/2024
3036,,28/01/2024,Headphones,Electronics,,2,,Pakistan,507.98,2,Unknown,,28/01/2024
3037,Sara Ahmed,14/01/2024,Headphones,Electronics,,-1,,Pakistan,507.98,1,Sara Ahmed,,14/01/2024
3039,,08/01/2024,Keyboard,Electronics, ,4,,Pakistan,507.98,4,Unknown,,08/01/2024
3040,,02/01/2024,Chair,Furniture, ,,,Pakistan,507.98,1,Unknown,,02/01/2024
3041,Ayesha Noor,15/01/2024,Table,Furniture,,,,Pakistan,507.98,1,Ayesha Noor,,15/01/2024
3042,Usman Ali,29/01/2024,Laptop,Electronics,934.74,-1,,Pakistan,934.74,1,Usman Ali,,29/01/2024
3043,Ayesha Noor,21/01/2024,Keyboard,Electronics, ,,,Pakistan,507.98,1,Ayesha Noor,,21/01/2024
3044,Sara Ahmed,24/01/2024,Monitor,Electronics, ,1,,Pakistan,507.98,1,Sara Ahmed,,24/01/2024
3045,Sara Ahmed,15/01/2024,Chair,Furniture,,-1,,Pakistan,507.98,1,Sara Ahmed,,15/01/2024
3046,Ayesha Noor,17/01/2024,Phone,Electronics,,4,,Pakistan,507.98,4,Ayesha Noor,,17/01/2024
3048,Ahmed Raza,04/01/2024,Keyboard,Electronics,,-1,,Pakistan,507.98,1,Ahmed Raza,,04/01/2024
3049,Hina Khan,07/01/2024,Chair,Furniture,184.87,4,739.48,Pakistan,184.87,4,Hina Khan,739.48,07/01/2024
3051,Hina Khan,13/01/2024,Headphones,Electronics,657.95,-1,,Pakistan,657.95,1,Hina Khan,,13/01/2024
3052,Ayesha Noor,23/01/2024,Headphones,Electronics,,2,,Pakistan,507.98,2,Ayesha Noor,,23/01/2024
3053,Ayesha Noor,24/01/2024,Laptop,Electronics,,1,,Pakistan,507.98,1,Ayesha Noor,,24/01/2024
3054,Ayesha Noor,07/01/2024,Monitor,Electronics, ,3,,Pakistan,507.98,3,Ayesha Noor,,07/01/2024
3055,Sara Ahmed,23/01/2024,Table,Furniture, ,2,,Pakistan,507.98,2,Sara Ahmed,,23/01/2024
3056,Usman Ali,09/01/2024,Table,Furniture,921.24,-1,,Pakistan,921.24,1,Usman Ali,,09/01/2024
3058,Ahmed Raza,13/01/2024,Laptop,Electronics,,-1,,Pakistan,507.98,1,Ahmed Raza,,13/01/2024
3059,Ali Khan,27/01/2024,Monitor,Electronics,,4,,Pakistan,507.98,4,Ali Khan,,27/01/2024
3060,,15/01/2024,Keyboard,Electronics,917.62,-1,,Pakistan,917.62,1,Unknown,,15/01/2024
3061,Ahmed Raza,09/01/2024,Phone,Electronics, ,,,Pakistan,507.98,1,Ahmed Raza,,09/01/2024
3062,Usman Ali,13/01/2024,Headphones,Electronics, ,-1,,Pakistan,507.98,1,Usman Ali,,13/01/2024
3063,Sara Ahmed,16/01/2024,Headphones,Electronics,,,,Pakistan,507.98,1,Sara Ahmed,,16/01/2024
3064,Ayesha Noor,11/01/2024,Chair,Furniture, ,,,Pakistan,507.98,1,Ayesha Noor,,11/01/2024
3066,Ali Khan,30/01/2024,Keyboard,Electronics,294.17,,,Pakistan,294.17,1,Ali Khan,,30/01/2024
3067,Hina Khan,22/01/2024,Keyboard,Electronics, ,-1,,Pakistan,507.98,1,Hina Khan,,22/01/2024
3068,Bilal Ahmed,17/01/2024,Phone,Electronics,,-1,,Pakistan,507.98,1,Bilal Ahmed,,17/01/2024
3069,Ali Khan,30/01/2024,Phone,Electronics,342.94,,,Pakistan,342.94,1,Ali Khan,,30/01/2024
3070,Usman Ali,29/01/2024,Laptop,Electronics,,3,,Pakistan,507.98,3,Usman Ali,,29/01/2024
3071,Ayesha Noor,18/01/2024,Laptop,Electronics, ,-1,,Pakistan,507.98,1,Ayesha Noor,,18/01/2024
3072,Usman Ali,19/01/2024,Phone,Electronics,342.49,2,684.98,Pakistan,342.49,2,Usman Ali,684.98,19/01/2024
3075,Sara Ahmed,10/01/2024,Chair,Furniture,888.20,-1,,Pakistan,888.20,1,Sara Ahmed,,10/01/2024
3076,Usman Ali,18/01/2024,Monitor,Electronics,,,,Pakistan,507.98,1,Usman Ali,,18/01/2024
3077,Ayesha Noor,26/01/2024,Laptop,Electronics,154.56,,,Pakistan,154.56,1,Ayesha Noor,,26/01/2024
3078,Ayesha Noor,24/01/2024,Keyboard,Electronics,,-1,,Pakistan,507.98,1,Ayesha Noor,,24/01/2024
3079,Ali Khan,18/01/2024,Mouse,Electronics,788.72,,,Pakistan,788.72,1,Ali Khan,,18/01/2024
3081,Ahmed Raza,12/01/2024,Chair,Furniture,,-1,,Pakistan,507.98,1,Ahmed Raza,,12/01/2024
3082,Usman Ali,27/01/2024,Monitor,Electronics,,,,Pakistan,507.98,1,Usman Ali,,27/01/2024
3083,Bilal Ahmed,29/01/2024,Monitor,Electronics,,2,,Pakistan,507.98,2,Bilal Ahmed,,29/01/2024
3085,Sara Ahmed,02/01/2024,Table,Furniture,969.44,4,3877.76,Pakistan,969.44,4,Sara Ahmed,3877.76,02/01/2024
3086,Ali Khan,27/01/2024,Keyboard,Electronics, ,,,Pakistan,507.98,1,Ali Khan,,27/01/2024
3087,Bilal Ahmed,07/01/2024,Monitor,Electronics, ,,,Pakistan,507.98,1,Bilal Ahmed,,07/01/2024
3088,,14/01/2024,Table,Furniture,,1,,Pakistan,507.98,1,Unknown,,14/01/2024
3089,Bilal Ahmed,27/01/2024,Laptop,Electronics,691.50,,,Pakistan,691.50,1,Bilal Ahmed,,27/01/2024
3090,Sara Ahmed,12/01/2024,Keyboard,Electronics,,-1,,Pakistan,507.98,1,Sara Ahmed,,12/01/2024
3092,Ayesha Noor,30/01/2024,Mouse,Electronics,,3,,Pakistan,507.98,3,Ayesha Noor,,30/01/2024
3093,Usman Ali,23/01/2024,Table,Furniture,,,,Pakistan,507.98,1,Usman Ali,,23/01/2024
3094,Hina Khan,09/01/2024,Chair,Furniture,,,,Pakistan,507.98,1,Hina Khan,,09/01/2024
3098,,20/01/2024,Laptop,Electronics,,-1,,Pakistan,507.98,1,Unknown,,20/01/2024
3099,Ali Khan,12/01/2024,Laptop,Electronics,84.48,3,253.44,Pakistan,84.48,3,Ali Khan,253.44,12/01/2024
3101,,05/01/2024,Monitor,Electronics,,3,,Pakistan,507.98,3,Unknown,,05/01/2024
3102,Ahmed Raza,17/01/2024,Headphones,Electronics,,,,Pakistan,507.98,1,Ahmed Raza,,17/01/2024
3103,Usman Ali,26/01/2024,Table,Furniture,,,,Pakistan,507.98,1,Usman Ali,,26/01/2024
3105,Bilal Ahmed,23/01/2024,Laptop,Electronics,,,,Pakistan,507.98,1,Bilal Ahmed,,23/01/2024
3106,Bilal Ahmed,12/01/2024,Mouse,Electronics,,-1,,Pakistan,507.98,1,Bilal Ahmed,,12/01/2024
3107,Ahmed Raza,29/01/2024,Headphones,Electronics,,,,Pakistan,507.98,1,Ahmed Raza,,29/01/2024
3108,Ahmed Raza,15/01/2024,Mouse,Electronics,742.47,4,2969.88,Pakistan,742.47,4,Ahmed Raza,2969.88,15/01/2024
3109,Bilal Ahmed,11/01/2024,Chair,Furniture,960.59,-1,,Pakistan,960.59,1,Bilal Ahmed,,11/01/2024
3111,Usman Ali,19/01/2024,Mouse,Electronics,372.28,,,Pakistan,372.28,1,Usman Ali,,19/01/2024
3113,Usman Ali,26/01/2024,Mouse,Electronics,926.78,3,2780.34,Pakistan,926.78,3,Usman Ali,2780.34,26/01/2024
3114,Ali Khan,11/01/2024,Headphones,Electronics,80.12,,,Pakistan,80.12,1,Ali Khan,,11/01/2024
3115,,26/01/2024,Phone,Electronics,971.14,,,Pakistan,971.14,1,Unknown,,26/01/2024
3118,Ayesha Noor,28/01/2024,Chair,Furniture,347.42,,,Pakistan,347.42,1,Ayesha Noor,,28/01/2024
3119,Sara Ahmed,05/01/2024,Monitor,Electronics,28.33,,,Pakistan,28.33,1,Sara Ahmed,,05/01/2024
3120,Ayesha Noor,09/01/2024,Mouse,Electronics,562.89,,,Pakistan,562.89,1,Ayesha Noor,,09/01/2024
3121,Ayesha Noor,05/01/2024,Phone,Electronics,883.78,,,Pakistan,883.78,1,Ayesha Noor,,05/01/2024
3124,Hina Khan,22/01/2024,Mouse,Electronics,354.33,2,708.66,Pakistan,354.33,2,Hina Khan,708.66,22/01/2024
3125,Sara Ahmed,23/01/2024,Headphones,Electronics,,,,Pakistan,507.98,1,Sara Ahmed,,23/01/2024
3126,Hina Khan,17/01/2024,Chair,Furniture,,,,Pakistan,507.98,1,Hina Khan,,17/01/2024
3128,Ali Khan,03/01/2024,Mouse,Electronics, ,,,Pakistan,507.98,1,Ali Khan,,03/01/2024
3129,Ayesha Noor,28/01/2024,Keyboard,Electronics,511.78,-1,,Pakistan,511.78,1,Ayesha Noor,,28/01/2024
3130,Ahmed Raza,14/01/2024,Keyboard,Electronics,724.64,-1,,Pakistan,724.64,1,Ahmed Raza,,14/01/2024
3132,Hina Khan,24/01/2024,Keyboard,Electronics,623.92,-1,,Pakistan,623.92,1,Hina Khan,,24/01/2024
3133,Ali Khan,03/01/2024,Keyboard,Electronics,910.88,-1,,Pakistan,910.88,1,Ali Khan,,03/01/2024
3135,Ahmed Raza,17/01/2024,Headphones,Electronics,,,,Pakistan,507.98,1,Ahmed Raza,,17/01/2024
3137,Hina Khan,11/01/2024,Monitor,Electronics,,-1,,Pakistan,507.98,1,Hina Khan,,11/01/2024
3138,Bilal Ahmed,11/01/2024,Monitor,Electronics, ,-1,,Pakistan,507.98,1,Bilal Ahmed,,11/01/2024
3139,Sara Ahmed,13/01/2024,Keyboard,Electronics,679.37,2,1358.74,Pakistan,679.37,2,Sara Ahmed,1358.74,13/01/2024
3140,Usman Ali,24/01/2024,Table,Furniture, ,,,Pakistan,507.98,1,Usman Ali,,24/01/2024
3142,Usman Ali,29/01/2024,Headphones,Electronics,783.89,,,Pakistan,783.89,1,Usman Ali,,29/01/2024
3143,,28/01/2024,Mouse,Electronics,,,,Pakistan,507.98,1,Unknown,,28/01/2024
3144,Hina Khan,11/01/2024,Keyboard,Electronics, ,3,,Pakistan,507.98,3,Hina Khan,,11/01/2024
3145,Hina Khan,11/01/2024,Phone,Electronics,558.34,,,Pakistan,558.34,1,Hina Khan,,11/01/2024
3146,Ali Khan,26/01/2024,Monitor,Electronics,,,,Pakistan,507.98,1,Ali Khan,,26/01/2024
3148,Hina Khan,15/01/2024,Table,Furniture,609.94,-1,,Pakistan,609.94,1,Hina Khan,,15/01/2024
3149,Bilal Ahmed,03/01/2024,Phone,Electronics,,,,Pakistan,507.98,1,Bilal Ahmed,,03/01/2024
3150,,10/01/2024,Table,Furniture, ,,,Pakistan,507.98,1,Unknown,,10/01/2024
3151,Ahmed Raza,18/01/2024,Table,Furniture,867.70,4,3470.8,Pakistan,867.70,4,Ahmed Raza,3470.8,18/01/2024
3152,,02/01/2024,Keyboard,Electronics,254.58,2,509.16,Pakistan,254.58,2,Unknown,509.16,02/01/2024
3154,Sara Ahmed,05/01/2024,Keyboard,Electronics, ,,,Pakistan,507.98,1,Sara Ahmed,,05/01/2024
3155,Hina Khan,21/01/2024,Keyboard,Electronics,,3,,Pakistan,507.98,3,Hina Khan,,21/01/2024
3156,Sara Ahmed,21/01/2024,Monitor,Electronics,345.36,,,Pakistan,345.36,1,Sara Ahmed,,21/01/2024
3157,Ahmed Raza,20/01/2024,Monitor,Electronics, ,,,Pakistan,507.98,1,Ahmed Raza,,20/01/2024
3159,Ahmed Raza,23/01/2024,Keyboard,Electronics,,-1,,Pakistan,507.98,1,Ahmed Raza,,23/01/2024
3160,,26/01/2024,Laptop,Electronics, ,,,Pakistan,507.98,1,Unknown,,26/01/2024
3161,Ahmed Raza,17/01/2024,Mouse,Electronics, ,3,,Pakistan,507.98,3,Ahmed Raza,,17/01/2024
3163,,07/01/2024,Keyboard,Electronics, ,,,Pakistan,507.98,1,Unknown,,07/01/2024
3167,Sara Ahmed,17/01/2024,Chair,Furniture, ,3,,Pakistan,507.98,3,Sara Ahmed,,17/01/2024
3168,Ahmed Raza,20/01/2024,Table,Furniture, ,-1,,Pakistan,507.98,1,Ahmed Raza,,20/01/2024
3169,Bilal Ahmed,17/01/2024,Phone,Electronics,931.32,,,Pakistan,931.32,1,Bilal Ahmed,,17/01/2024
3171,Bilal Ahmed,09/01/2024,Chair,Furniture,,-1,,Pakistan,507.98,1,Bilal Ahmed,,09/01/2024
3172,Ayesha Noor,11/01/2024,Monitor,Electronics, ,-1,,Pakistan,507.98,1,Ayesha Noor,,11/01/2024
3175,Ayesha Noor,05/01/2024,Table,Furniture,583.57,-1,,Pakistan,583.57,1,Ayesha Noor,,05/01/2024
3176,Usman Ali,30/01/2024,Mouse,Electronics,558.69,-1,,Pakistan,558.69,1,Usman Ali,,30/01/2024
3177,,20/01/2024,Table,Furniture,24.02,3,72.06,Pakistan,24.02,3,Unknown,72.06,20/01/2024
3178,,24/01/2024,Chair,Furniture,171.91,,,Pakistan,171.91,1,Unknown,,24/01/2024
3179,Bilal Ahmed,04/01/2024,Monitor,Electronics,194.32,-1,,Pakistan,194.32,1,Bilal Ahmed,,04/01/2024
3181,,28/01/2024,Laptop,Electronics,646.51,3,1939.53,Pakistan,646.51,3,Unknown,1939.53,28/01/2024
3182,Hina Khan,10/01/2024,Table,Furniture, ,-1,,Pakistan,507.98,1,Hina Khan,,10/01/2024
3183,Ayesha Noor,28/01/2024,Table,Furniture,,,,Pakistan,507.98,1,Ayesha Noor,,28/01/2024
3184,Ahmed Raza,22/01/2024,Table,Furniture,,-1,,Pakistan,507.98,1,Ahmed Raza,,22/01/2024
3186,Bilal Ahmed,06/01/2024,Keyboard,Electronics, ,1,,Pakistan,507.98,1,Bilal Ahmed,,06/01/2024
3189,Ali Khan,26/01/2024,Headphones,Electronics,,3,,Pakistan,507.98,3,Ali Khan,,26/01/2024
3190,Bilal Ahmed,26/01/2024,Table,Furniture,,-1,,Pakistan,507.98,1,Bilal Ahmed,,26/01/2024
3191,Usman Ali,04/01/2024,Phone,Electronics,,4,,Pakistan,507.98,4,Usman Ali,,04/01/2024
3193,Sara Ahmed,10/01/2024,Headphones,Electronics,,,,Pakistan,507.98,1,Sara Ahmed,,10/01/2024
3196,Ayesha Noor,14/01/2024,Phone,Electronics,,-1,,Pakistan,507.98,1,Ayesha Noor,,14/01/2024
3197,Sara Ahmed,29/01/2024,Phone,Electronics,142.46,1,142.46,Pakistan,142.46,1,Sara Ahmed,142.46,29/01/2024
3199,Sara Ahmed,23/01/2024,Chair,Furniture,116.08,1,116.08,Pakistan,116.08,1,Sara Ahmed,116.08,23/01/2024
3200,Sara Ahmed,13/01/2024,Phone,Electronics, ,,,Pakistan,507.98,1,Sara Ahmed,,13/01/2024
3201,,29/01/2024,Keyboard,Electronics,,-1,,Pakistan,507.98,1,Unknown,,29/01/2024
3202,,15/01/2024,Table,Furniture,827.78,-1,,Pakistan,827.78,1,Unknown,,15/01/2024
3203,Ahmed Raza,27/01/2024,Mouse,Electronics, ,3,,Pakistan,507.98,3,Ahmed Raza,,27/01/2024
3204,Ali Khan,11/01/2024,Monitor,Electronics,,-1,,Pakistan,507.98,1,Ali Khan,,11/01/2024
3206,Hina Khan,09/01/2024,Table,Furniture, ,4,,Pakistan,507.98,4,Hina Khan,,09/01/2024
3207,Ayesha Noor,11/01/2024,Phone,Electronics,,-1,,Pakistan,507.98,1,Ayesha Noor,,11/01/2024
3208,Ayesha Noor,06/01/2024,Keyboard,Electronics,78.73,-1,,Pakistan,78.73,1,Ayesha Noor,,06/01/2024
3211,Usman Ali,08/01/2024,Chair,Furniture,,3,,Pakistan,507.98,3,Usman Ali,,08/01/2024
3212,Usman Ali,27/01/2024,Monitor,Electronics,,,,Pakistan,507.98,1,Usman Ali,,27/01/2024
3213,Usman Ali,20/01/2024,Headphones,Electronics,599.52,-1,,Pakistan,599.52,1,Usman Ali,,20/01/2024
3214,Hina Khan,02/01/2024,Monitor,Electronics, ,,,Pakistan,507.98,1,Hina Khan,,02/01/2024
3215,Ali Khan,23/01/2024,Phone,Electronics, ,1,,Pakistan,507.98,1,Ali Khan,,23/01/2024
3216,Ali Khan,06/01/2024,Phone,Electronics,242.22,,,Pakistan,242.22,1,Ali Khan,,06/01/2024
3217,Ahmed Raza,19/01/2024,Mouse,Electronics, ,,,Pakistan,507.98,1,Ahmed Raza,,19/01/2024
3218,Hina Khan,11/01/2024,Keyboard,Electronics, ,1,,Pakistan,507.98,1,Hina Khan,,11/01/2024
3219,Bilal Ahmed,11/01/2024,Table,Furniture, ,,,Pakistan,507.98,1,Bilal Ahmed,,11/01/2024
3220,Ali Khan,25/01/2024,Table,Furniture, ,,,Pakistan,507.98,1,Ali Khan,,25/01/2024
3221,Ali Khan,23/01/2024,Table,Furniture, ,2,,Pakistan,507.98,2,Ali Khan,,23/01/2024
3222,Bilal Ahmed,16/01/2024,Monitor,Electronics,278.70,1,278.7,Pakistan,278.70,1,Bilal Ahmed,278.7,16/01/2024
3224,Ahmed Raza,02/01/2024,Table,Furniture,197.02,2,394.04,Pakistan,197.02,2,Ahmed Raza,394.04,02/01/2024
3225,Ali Khan,08/01/2024,Laptop,Electronics, ,1,,Pakistan,507.98,1,Ali Khan,,08/01/2024
3226,Hina Khan,10/01/2024,Phone,Electronics,,-1,,Pakistan,507.98,1,Hina Khan,,10/01/2024
3230,Ali Khan,14/01/2024,Keyboard,Electronics, ,,,Pakistan,507.98,1,Ali Khan,,14/01/2024
3231,Ahmed Raza,10/01/2024,Keyboard,Electronics,805.51,-1,,Pakistan,805.51,1,Ahmed Raza,,10/01/2024
3233,Sara Ahmed,03/01/2024,Keyboard,Electronics,769.97,-1,,Pakistan,769.97,1,Sara Ahmed,,03/01/2024
3234,Ayesha Noor,17/01/2024,Phone,Electronics,,1,,Pakistan,507.98,1,Ayesha Noor,,17/01/2024
3235,,30/01/2024,Table,Furniture,,4,,Pakistan,507.98,4,Unknown,,30/01/2024
3237,Bilal Ahmed,11/01/2024,Chair,Furniture, ,-1,,Pakistan,507.98,1,Bilal Ahmed,,11/01/2024
3238,,15/01/2024,Phone,Electronics,815.94,4,3263.76,Pakistan,815.94,4,Unknown,3263.76,15/01/2024
3239,Usman Ali,21/01/2024,Chair,Furniture,853.50,-1,,Pakistan,853.50,1,Usman Ali,,21/01/2024
3240,Ali Khan,11/01/2024,Table,Furniture,,-1,,Pakistan,507.98,1,Ali Khan,,11/01/2024
3242,,13/01/2024,Chair,Furniture,,,,Pakistan,507.98,1,Unknown,,13/01/2024
3243,Ali Khan,24/01/2024,Phone,Electronics, ,-1,,Pakistan,507.98,1,Ali Khan,,24/01/2024
3244,Bilal Ahmed,26/01/2024,Chair,Furniture,395.07,2,790.14,Pakistan,395.07,2,Bilal Ahmed,790.14,26/01/2024
3245,Bilal Ahmed,22/01/2024,Monitor,Electronics, ,-1,,Pakistan,507.98,1,Bilal Ahmed,,22/01/2024
3246,Sara Ahmed,20/01/2024,Phone,Electronics,90.94,1,90.94,Pakistan,90.94,1,Sara Ahmed,90.94,20/01/2024
3247,Ayesha Noor,30/01/2024,Table,Furniture,164.07,-1,,Pakistan,164.07,1,Ayesha Noor,,30/01/2024
3248,,15/01/2024,Mouse,Electronics, ,,,Pakistan,507.98,1,Unknown,,15/01/2024
3249,Hina Khan,11/01/2024,Table,Furniture,,4,,Pakistan,507.98,4,Hina Khan,,11/01/2024
3250,Bilal Ahmed,14/01/2024,Laptop,Electronics, ,-1,,Pakistan,507.98,1,Bilal Ahmed,,14/01/2024
3252,Ayesha Noor,01/01/2024,Chair,Furniture, ,,,Pakistan,507.98,1,Ayesha Noor,,01/01/2024
3253,Usman Ali,28/01/2024,Headphones,Electronics,845.70,,,Pakistan,845.70,1,Usman Ali,,28/01/2024
3254,Bilal Ahmed,15/01/2024,Headphones,Electronics,481.40,4,1925.6,Pakistan,481.40,4,Bilal Ahmed,1925.6,15/01/2024
3255,,10/01/2024,Monitor,Electronics,649.78,-1,,Pakistan,649.78,1,Unknown,,10/01/2024
3256,Bilal Ahmed,12/01/2024,Headphones,Electronics,184.12,-1,,Pakistan,184.12,1,Bilal Ahmed,,12/01/2024
3257,Ahmed Raza,20/01/2024,Headphones,Electronics, ,-1,,Pakistan,507.98,1,Ahmed Raza,,20/01/2024
3259,Ahmed Raza,14/01/2024,Keyboard,Electronics,,,,Pakistan,507.98,1,Ahmed Raza,,14/01/2024
3260,,25/01/2024,Laptop,Electronics, ,-1,,Pakistan,507.98,1,Unknown,,25/01/2024
3262,Usman Ali,22/01/2024,Headphones,Electronics,176.44,,,Pakistan,176.44,1,Usman Ali,,22/01/2024
3265,Ali Khan,11/01/2024,Keyboard,Electronics, ,3,,Pakistan,507.98,3,Ali Khan,,11/01/2024
3266,Ahmed Raza,29/01/2024,Keyboard,Electronics,359.19,3,1077.57,Pakistan,359.19,3,Ahmed Raza,1077.57,29/01/2024
3269,Hina Khan,02/01/2024,Table,Furniture,40.64,,,Pakistan,40.64,1,Hina Khan,,02/01/2024
3271,Ali Khan,20/01/2024,Mouse,Electronics, ,-1,,Pakistan,507.98,1,Ali Khan,,20/01/2024
3272,Hina Khan,09/01/2024,Mouse,Electronics, ,,,Pakistan,507.98,1,Hina Khan,,09/01/2024
3274,Ahmed Raza,04/01/2024,Monitor,Electronics,,2,,Pakistan,507.98,2,Ahmed Raza,,04/01/2024
3275,Ahmed Raza,30/01/2024,Keyboard,Electronics,,-1,,Pakistan,507.98,1,Ahmed Raza,,30/01/2024
3276,Bilal Ahmed,12/01/2024,Table,Furniture,279.67,,,Pakistan,279.67,1,Bilal Ahmed,,12/01/2024
3277,Hina Khan,16/01/2024,Laptop,Electronics,280.70,-1,,Pakistan,280.70,1,Hina Khan,,16/01/2024
3278,,09/01/2024,Chair,Furniture,,-1,,Pakistan,507.98,1,Unknown,,09/01/2024
3279,Ali Khan,03/01/2024,Mouse,Electronics, ,2,,Pakistan,507.98,2,Ali Khan,,03/01/2024
3280,Hina Khan,25/01/2024,Headphones,Electronics, ,1,,Pakistan,507.98,1,Hina Khan,,25/01/2024
3281,Ahmed Raza,03/01/2024,Mouse,Electronics, ,1,,Pakistan,507.98,1,Ahmed Raza,,03/01/2024
3282,Hina Khan,22/01/2024,Headphones,Electronics,890.08,,,Pakistan,890.08,1,Hina Khan,,22/01/2024
3284,Sara Ahmed,15/01/2024,Phone,Electronics, ,,,Pakistan,507.98,1,Sara Ahmed,,15/01/2024
3285,Ayesha Noor,29/01/2024,Monitor,Electronics,,-1,,Pakistan,507.98,1,Ayesha Noor,,29/01/2024
3286,Sara Ahmed,08/01/2024,Phone,Electronics,,-1,,Pakistan,507.98,1,Sara Ahmed,,08/01/2024
3287,Hina Khan,03/01/2024,Laptop,Electronics,33.14,3,99.42,Pakistan,33.14,3,Hina Khan,99.42,03/01/2024
3289,Hina Khan,17/01/2024,Phone,Electronics,579.67,-1,,Pakistan,579.67,1,Hina Khan,,17/01/2024
3291,Sara Ahmed,24/01/2024,Headphones,Electronics,,,,Pakistan,507.98,1,Sara Ahmed,,24/01/2024
3293,Ali Khan,28/01/2024,Keyboard,Electronics,760.88,1,760.88,Pakistan,760.88,1,Ali Khan,760.88,28/01/2024
3294,Sara Ahmed,10/01/2024,Laptop,Electronics, ,-1,,Pakistan,507.98,1,Sara Ahmed,,10/01/2024
3295,Ahmed Raza,18/01/2024,Chair,Furniture,,-1,,Pakistan,507.98,1,Ahmed Raza,,18/01/2024
3296,Ahmed Raza,12/01/2024,Monitor,Electronics,217.37,4,869.48,Pakistan,217.37,4,Ahmed Raza,869.48,12/01/2024
3298,Sara Ahmed,26/01/2024,Headphones,Electronics,,4,,Pakistan,507.98,4,Sara Ahmed,,26/01/2024
3299,Ali Khan,28/01/2024,Monitor,Electronics,725.93,-1,,Pakistan,725.93,1,Ali Khan,,28/01/2024
3300,Ali Khan,03/01/2024,Keyboard,Electronics,,,,Pakistan,507.98,1,Ali Khan,,03/01/2024
3302,Usman Ali,07/01/2024,Laptop,Electronics,580.46,3,1741.38,Pakistan,580.46,3,Usman Ali,1741.38,07/01/2024
3303,Ahmed Raza,29/01/2024,Mouse,Electronics,,4,,Pakistan,507.98,4,Ahmed Raza,,29/01/2024
3304,Ayesha Noor,26/01/2024,Table,Furniture,,-1,,Pakistan,507.98,1,Ayesha Noor,,26/01/2024
3306,Ayesha Noor,18/01/2024,Mouse,Electronics, ,,,Pakistan,507.98,1,Ayesha Noor,,18/01/2024
3307,Usman Ali,23/01/2024,Mouse,Electronics,,-1,,Pakistan,507.98,1,Usman Ali,,23/01/2024
3308,Ayesha Noor,25/01/2024,Monitor,Electronics,,,,Pakistan,507.98,1,Ayesha Noor,,25/01/2024
3309,Hina Khan,26/01/2024,Headphones,Electronics,946.86,1,946.86,Pakistan,946.86,1,Hina Khan,946.86,26/01/2024
3310,Ayesha Noor,20/01/2024,Headphones,Electronics,,3,,Pakistan,507.98,3,Ayesha Noor,,20/01/2024
3312,Ayesha Noor,20/01/2024,Table,Furniture, ,-1,,Pakistan,507.98,1,Ayesha Noor,,20/01/2024
3313,Ali Khan,02/01/2024,Laptop,Electronics, ,2,,Pakistan,507.98,2,Ali Khan,,02/01/2024
3314,Usman Ali,19/01/2024,Headphones,Electronics,472.57,-1,,Pakistan,472.57,1,Usman Ali,,19/01/2024
3316,Hina Khan,28/01/2024,Laptop,Electronics,,1,,Pakistan,507.98,1,Hina Khan,,28/01/2024
3318,Bilal Ahmed,24/01/2024,Headphones,Electronics,906.86,3,2720.58,Pakistan,906.86,3,Bilal Ahmed,2720.58,24/01/2024
3319,,19/01/2024,Table,Furniture,811.58,-1,,Pakistan,811.58,1,Unknown,,19/01/2024
3320,Sara Ahmed,19/01/2024,Table,Furniture,962.65,-1,,Pakistan,962.65,1,Sara Ahmed,,19/01/2024
3321,Ali Khan,24/01/2024,Monitor,Electronics,,-1,,Pakistan,507.98,1,Ali Khan,,24/01/2024
3324,Ali Khan,25/01/2024,Mouse,Electronics,162.03,,,Pakistan,162.03,1,Ali Khan,,25/01/2024
3325,,26/01/2024,Laptop,Electronics, ,2,,Pakistan,507.98,2,Unknown,,26/01/2024
3326,Usman Ali,22/01/2024,Chair,Furniture,,,,Pakistan,507.98,1,Usman Ali,,22/01/2024
3328,Ayesha Noor,06/01/2024,Laptop,Electronics,739.62,,,Pakistan,739.62,1,Ayesha Noor,,06/01/2024
3329,Bilal Ahmed,10/01/2024,Headphones,Electronics,,-1,,Pakistan,507.98,1,Bilal Ahmed,,10/01/2024
3332,Hina Khan,02/01/2024,Laptop,Electronics,,4,,Pakistan,507.98,4,Hina Khan,,02/01/2024
3333,Ayesha Noor,09/01/2024,Table,Furniture, ,,,Pakistan,507.98,1,Ayesha Noor,,09/01/2024
3334,,25/01/2024,Headphones,Electronics,938.95,,,Pakistan,938.95,1,Unknown,,25/01/2024
3335,,25/01/2024,Keyboard,Electronics,259.82,-1,,Pakistan,259.82,1,Unknown,,25/01/2024
3336,Sara Ahmed,13/01/2024,Headphones,Electronics,,4,,Pakistan,507.98,4,Sara Ahmed,,13/01/2024
3338,Ali Khan,11/01/2024,Table,Furniture, ,,,Pakistan,507.98,1,Ali Khan,,11/01/2024
3340,Sara Ahmed,28/01/2024,Phone,Electronics, ,3,,Pakistan,507.98,3,Sara Ahmed,,28/01/2024
3341,Ahmed Raza,25/01/2024,Table,Furniture, ,-1,,Pakistan,507.98,1,Ahmed Raza,,25/01/2024
3342,Usman Ali,14/01/2024,Laptop,Electronics, ,-1,,Pakistan,507.98,1,Usman Ali,,14/01/2024
3344,Bilal Ahmed,26/01/2024,Table,Furniture,816.17,-1,,Pakistan,816.17,1,Bilal Ahmed,,26/01/2024
3345,Usman Ali,01/01/2024,Keyboard,Electronics,,2,,Pakistan,507.98,2,Usman Ali,,01/01/2024
3346,Ahmed Raza,10/01/2024,Laptop,Electronics,,-1,,Pakistan,507.98,1,Ahmed Raza,,10/01/2024
3348,Ahmed Raza,09/01/2024,Table,Furniture,,-1,,Pakistan,507.98,1,Ahmed Raza,,09/01/2024
3350,Sara Ahmed,27/01/2024,Monitor,Electronics, ,,,Pakistan,507.98,1,Sara Ahmed,,27/01/2024
3351,Ali Khan,26/01/2024,Chair,Furniture, ,,,Pakistan,507.98,1,Ali Khan,,26/01/2024
3353,Hina Khan,30/01/2024,Laptop,Electronics,,1,,Pakistan,507.98,1,Hina Khan,,30/01/2024
3354,Ali Khan,15/01/2024,Phone,Electronics,578.91,-1,,Pakistan,578.91,1,Ali Khan,,15/01/2024
3355,Hina Khan,13/01/2024,Mouse,Electronics,,,,Pakistan,507.98,1,Hina Khan,,13/01/2024
3356,Hina Khan,25/01/2024,Headphones,Electronics, ,4,,Pakistan,507.98,4,Hina Khan,,25/01/2024
3357,Ahmed Raza,17/01/2024,Phone,Electronics,,,,Pakistan,507.98,1,Ahmed Raza,,17/01/2024
3359,Hina Khan,10/01/2024,Chair,Furniture,175.35,-1,,Pakistan,175.35,1,Hina Khan,,10/01/2024
3360,Usman Ali,11/01/2024,Mouse,Electronics,,4,,Pakistan,507.98,4,Usman Ali,,11/01/2024
3361,Ayesha Noor,14/01/2024,Headphones,Electronics, ,,,Pakistan,507.98,1,Ayesha Noor,,14/01/2024
3362,Sara Ahmed,12/01/2024,Phone,Electronics,,,,Pakistan,507.98,1,Sara Ahmed,,12/01/2024
3364,Ahmed Raza,14/01/2024,Headphones,Electronics,,4,,Pakistan,507.98,4,Ahmed Raza,,14/01/2024
3365,,11/01/2024,Headphones,Electronics,85.08,1,85.08,Pakistan,85.08,1,Unknown,85.08,11/01/2024
3366,Sara Ahmed,16/01/2024,Mouse,Electronics, ,-1,,Pakistan,507.98,1,Sara Ahmed,,16/01/2024
3367,,09/01/2024,Monitor,Electronics,,,,Pakistan,507.98,1,Unknown,,09/01/2024
3368,Ahmed Raza,29/01/2024,Laptop,Electronics,,3,,Pakistan,507.98,3,Ahmed Raza,,29/01/2024
3369,Bilal Ahmed,22/01/2024,Phone,Electronics, ,-1,,Pakistan,507.98,1,Bilal Ahmed,,22/01/2024
3370,Sara Ahmed,14/01/2024,Phone,Electronics,584.64,,,Pakistan,584.64,1,Sara Ahmed,,14/01/2024
3371,Ali Khan,13/01/2024,Headphones,Electronics, ,,,Pakistan,507.98,1,Ali Khan,,13/01/2024
3372,Sara Ahmed,10/01/2024,Phone,Electronics, ,4,,Pakistan,507.98,4,Sara Ahmed,,10/01/2024
3374,Hina Khan,20/01/2024,Laptop,Electronics, ,-1,,Pakistan,507.98,1,Hina Khan,,20/01/2024
3375,Sara Ahmed,17/01/2024,Headphones,Electronics,282.42,,,Pakistan,282.42,1,Sara Ahmed,,17/01/2024
3376,Sara Ahmed,21/01/2024,Laptop,Electronics, ,3,,Pakistan,507.98,3,Sara Ahmed,,21/01/2024
3378,Ayesha Noor,16/01/2024,Laptop,Electronics, ,-1,,Pakistan,507.98,1,Ayesha Noor,,16/01/2024
3379,Ali Khan,17/01/2024,Phone,Electronics,,,,Pakistan,507.98,1,Ali Khan,,17/01/2024
3380,Ahmed Raza,23/01/2024,Table,Furniture,,,,Pakistan,507.98,1,Ahmed Raza,,23/01/2024
3382,Ahmed Raza,29/01/2024,Monitor,Electronics, ,,,Pakistan,507.98,1,Ahmed Raza,,29/01/2024
3384,Hina Khan,08/01/2024,Headphones,Electronics,434.09,,,Pakistan,434.09,1,Hina Khan,,08/01/2024
3385,Bilal Ahmed,25/01/2024,Mouse,Electronics, ,,,Pakistan,507.98,1,Bilal Ahmed,,25/01/2024
3386,Ayesha Noor,13/01/2024,Mouse,Electronics,,,,Pakistan,507.98,1,Ayesha Noor,,13/01/2024
3387,Usman Ali,22/01/2024,Laptop,Electronics, ,1,,Pakistan,507.98,1,Usman Ali,,22/01/2024
3388,Ali Khan,18/01/2024,Mouse,Electronics,,-1,,Pakistan,507.98,1,Ali Khan,,18/01/2024
3389,Sara Ahmed,14/01/2024,Table,Furniture,,2,,Pakistan,507.98,2,Sara Ahmed,,14/01/2024
3390,Ali Khan,07/01/2024,Headphones,Electronics, ,3,,Pakistan,507.98,3,Ali Khan,,07/01/2024
3391,Bilal Ahmed,28/01/2024,Mouse,Electronics,,,,Pakistan,507.98,1,Bilal Ahmed,,28/01/2024
3392,,17/01/2024,Table,Furniture, ,,,Pakistan,507.98,1,Unknown,,17/01/2024
3394,Ahmed Raza,22/01/2024,Phone,Electronics, ,-1,,Pakistan,507.98,1,Ahmed Raza,,22/01/2024
3395,Ahmed Raza,03/01/2024,Chair,Furniture,,,,Pakistan,507.98,1,Ahmed Raza,,03/01/2024
3396,,07/01/2024,Keyboard,Electronics, ,-1,,Pakistan,507.98,1,Unknown,,07/01/2024
3397,,01/01/2024,Chair,Furniture,,-1,,Pakistan,507.98,1,Unknown,,01/01/2024
3398,Ahmed Raza,20/01/2024,Keyboard,Electronics, ,1,,Pakistan,507.98,1,Ahmed Raza,,20/01/2024
3399,Ali Khan,17/01/2024,Headphones,Electronics,,,,Pakistan,507.98,1,Ali Khan,,17/01/2024
3400,Ayesha Noor,26/01/2024,Keyboard,Electronics,,,,Pakistan,507.98,1,Ayesha Noor,,26/01/2024
3401,Usman Ali,19/01/2024,Chair,Furniture,536.61,,,Pakistan,536.61,1,Usman Ali,,19/01/2024
3402,Sara Ahmed,03/01/2024,Keyboard,Electronics, ,3,,Pakistan,507.98,3,Sara Ahmed,,03/01/2024
3403,Ahmed Raza,03/01/2024,Chair,Furniture,,2,,Pakistan,507.98,2,Ahmed Raza,,03/01/2024
3404,Bilal Ahmed,01/01/2024,Headphones,Electronics,,1,,Pakistan,507.98,1,Bilal Ahmed,,01/01/2024
3405,Ahmed Raza,25/01/2024,Table,Furniture,294.01,1,294.01,Pakistan,294.01,1,Ahmed Raza,294.01,25/01/2024
3406,,29/01/2024,Chair,Furniture,93.64,-1,,Pakistan,93.64,1,Unknown,,29/01/2024
3407,Ahmed Raza,27/01/2024,Phone,Electronics,,-1,,Pakistan,507.98,1,Ahmed Raza,,27/01/2024
3408,,23/01/2024,Keyboard,Electronics, ,1,,Pakistan,507.98,1,Unknown,,23/01/2024
3409,Usman Ali,21/01/2024,Phone,Electronics,894.76,-1,,Pakistan,894.76,1,Usman Ali,,21/01/2024
3411,,23/01/2024,Keyboard,Electronics,984.06,4,3936.24,Pakistan,984.06,4,Unknown,3936.24,23/01/2024
3412,Ayesha Noor,22/01/2024,Table,Furniture,,,,Pakistan,507.98,1,Ayesha Noor,,22/01/2024
3413,Usman Ali,14/01/2024,Keyboard,Electronics,59.32,,,Pakistan,59.32,1,Usman Ali,,14/01/2024
3414,Hina Khan,01/01/2024,Monitor,Electronics,871.11,,,Pakistan,871.11,1,Hina Khan,,01/01/2024
3416,Ayesha Noor,06/01/2024,Mouse,Electronics,,3,,Pakistan,507.98,3,Ayesha Noor,,06/01/2024
3417,,25/01/2024,Laptop,Electronics,,,,Pakistan,507.98,1,Unknown,,25/01/2024
3418,Bilal Ahmed,10/01/2024,Mouse,Electronics,553.30,-1,,Pakistan,553.30,1,Bilal Ahmed,,10/01/2024
3421,Ali Khan,01/01/2024,Mouse,Electronics,,,,Pakistan,507.98,1,Ali Khan,,01/01/2024
3423,Ahmed Raza,22/01/2024,Phone,Electronics,,-1,,Pakistan,507.98,1,Ahmed Raza,,22/01/2024
3425,Ayesha Noor,29/01/2024,Chair,Furniture,675.38,,,Pakistan,675.38,1,Ayesha Noor,,29/01/2024
3426,,04/01/2024,Mouse,Electronics,142.59,1,142.59,Pakistan,142.59,1,Unknown,142.59,04/01/2024
3427,,06/01/2024,Laptop,Electronics,947.45,-1,,Pakistan,947.45,1,Unknown,,06/01/2024
3430,Ayesha Noor,26/01/2024,Phone,Electronics,,4,,Pakistan,507.98,4,Ayesha Noor,,26/01/2024
3431,Ayesha Noor,10/01/2024,Keyboard,Electronics,,,,Pakistan,507.98,1,Ayesha Noor,,10/01/2024
3433,Usman Ali,24/01/2024,Laptop,Electronics,,-1,,Pakistan,507.98,1,Usman Ali,,24/01/2024
3434,Hina Khan,01/01/2024,Monitor,Electronics, ,1,,Pakistan,507.98,1,Hina Khan,,01/01/2024
3435,,02/01/2024,Table,Furniture,102.96,,,Pakistan,102.96,1,Unknown,,02/01/2024
3436,Usman Ali,25/01/2024,Phone,Electronics, ,,,Pakistan,507.98,1,Usman Ali,,25/01/2024
3437,Ahmed Raza,07/01/2024,Mouse,Electronics, ,,,Pakistan,507.98,1,Ahmed Raza,,07/01/2024
3438,Ahmed Raza,25/01/2024,Chair,Furniture,877.40,3,2632.2,Pakistan,877.40,3,Ahmed Raza,2632.2,25/01/2024
3440,Ayesha Noor,28/01/2024,Headphones,Electronics, ,4,,Pakistan,507.98,4,Ayesha Noor,,28/01/2024
3441,Bilal Ahmed,30/01/2024,Monitor,Electronics, ,,,Pakistan,507.98,1,Bilal Ahmed,,30/01/2024
3442,Bilal Ahmed,26/01/2024,Keyboard,Electronics, ,1,,Pakistan,507.98,1,Bilal Ahmed,,26/01/2024
3443,,13/01/2024,Laptop,Electronics, ,-1,,Pakistan,507.98,1,Unknown,,13/01/2024
3444,Usman Ali,22/01/2024,Keyboard,Electronics,825.10,-1,,Pakistan,825.10,1,Usman Ali,,22/01/2024
3445,Usman Ali,07/01/2024,Mouse,Electronics,,3,,Pakistan,507.98,3,Usman Ali,,07/01/2024
3446,Bilal Ahmed,11/01/2024,Mouse,Electronics,,-1,,Pakistan,507.98,1,Bilal Ahmed,,11/01/2024
3447,Ayesha Noor,06/01/2024,Headphones,Electronics,,-1,,Pakistan,507.98,1,Ayesha Noor,,06/01/2024
3448,Usman Ali,20/01/2024,Chair,Furniture,165.14,,,Pakistan,165.14,1,Usman Ali,,20/01/2024
3449,Hina Khan,16/01/2024,Table,Furniture, ,-1,,Pakistan,507.98,1,Hina Khan,,16/01/2024
3450,Sara Ahmed,11/01/2024,Phone,Electronics,,4,,Pakistan,507.98,4,Sara Ahmed,,11/01/2024
3452,Hina Khan,27/01/2024,Monitor,Electronics,,,,Pakistan,507.98,1,Hina Khan,,27/01/2024
3453,Hina Khan,16/01/2024,Phone,Electronics, ,1,,Pakistan,507.98,1,Hina Khan,,16/01/2024
3454,Usman Ali,06/01/2024,Laptop,Electronics, ,,,Pakistan,507.98,1,Usman Ali,,06/01/2024
3455,Sara Ahmed,17/01/2024,Chair,Furniture, ,-1,,Pakistan,507.98,1,Sara Ahmed,,17/01/2024
3456,Usman Ali,29/01/2024,Mouse,Electronics,,1,,Pakistan,507.98,1,Usman Ali,,29/01/2024
3457,Sara Ahmed,23/01/2024,Laptop,Electronics, ,2,,Pakistan,507.98,2,Sara Ahmed,,23/01/2024
3458,Hina Khan,18/01/2024,Mouse,Electronics,,-1,,Pakistan,507.98,1,Hina Khan,,18/01/2024
3459,Usman Ali,07/01/2024,Keyboard,Electronics, ,,,Pakistan,507.98,1,Usman Ali,,07/01/2024
3460,Ahmed Raza,07/01/2024,Headphones,Electronics,,,,Pakistan,507.98,1,Ahmed Raza,,07/01/2024
3462,Usman Ali,16/01/2024,Table,Furniture, ,,,Pakistan,507.98,1,Usman Ali,,16/01/2024
3464,Sara Ahmed,03/01/2024,Mouse,Electronics,,1,,Pakistan,507.98,1,Sara Ahmed,,03/01/2024
3466,Usman Ali,18/01/2024,Keyboard,Electronics,,-1,,Pakistan,507.98,1,Usman Ali,,18/01/2024
3467,Ayesha Noor,13/01/2024,Keyboard,Electronics,,,,Pakistan,507.98,1,Ayesha Noor,,13/01/2024
3470,Ayesha Noor,10/01/2024,Mouse,Electronics, ,,,Pakistan,507.98,1,Ayesha Noor,,10/01/2024
3472,,04/01/2024,Mouse,Electronics,,4,,Pakistan,507.98,4,Unknown,,04/01/2024
3473,,24/01/2024,Monitor,Electronics, ,2,,Pakistan,507.98,2,Unknown,,24/01/2024
3476,Sara Ahmed,30/01/2024,Monitor,Electronics,57.59,-1,,Pakistan,57.59,1,Sara Ahmed,,30/01/2024
3477,,05/01/2024,Keyboard,Electronics, ,2,,Pakistan,507.98,2,Unknown,,05/01/2024
3478,,16/01/2024,Phone,Electronics, ,-1,,Pakistan,507.98,1,Unknown,,16/01/2024
3480,Ayesha Noor,14/01/2024,Mouse,Electronics,974.82,2,1949.64,Pakistan,974.82,2,Ayesha Noor,1949.64,14/01/2024
3481,Ahmed Raza,24/01/2024,Mouse,Electronics,,-1,,Pakistan,507.98,1,Ahmed Raza,,24/01/2024
3482,Sara Ahmed,13/01/2024,Monitor,Electronics,281.56,,,Pakistan,281.56,1,Sara Ahmed,,13/01/2024
3486,,29/01/2024,Keyboard,Electronics,,3,,Pakistan,507.98,3,Unknown,,29/01/2024
3487,Ahmed Raza,19/01/2024,Table,Furniture, ,1,,Pakistan,507.98,1,Ahmed Raza,,19/01/2024
3488,Ahmed Raza,11/01/2024,Chair,Furniture,847.90,,,Pakistan,847.90,1,Ahmed Raza,,11/01/2024
3490,Bilal Ahmed,27/01/2024,Mouse,Electronics,569.19,4,2276.76,Pakistan,569.19,4,Bilal Ahmed,2276.76,27/01/2024
3491,Sara Ahmed,04/01/2024,Keyboard,Electronics,353.41,2,706.82,Pakistan,353.41,2,Sara Ahmed,706.82,04/01/2024
3492,,19/01/2024,Headphones,Electronics,,1,,Pakistan,507.98,1,Unknown,,19/01/2024
3493,Hina Khan,21/01/2024,Table,Furniture, ,-1,,Pakistan,507.98,1,Hina Khan,,21/01/2024
3495,Sara Ahmed,27/01/2024,Chair,Furniture,,-1,,Pakistan,507.98,1,Sara Ahmed,,27/01/2024
3496,Usman Ali,19/01/2024,Laptop,Electronics, ,1,,Pakistan,507.98,1,Usman Ali,,19/01/2024
3499,Usman Ali,19/01/2024,Monitor,Electronics,,,,Pakistan,507.98,1,Usman Ali,,19/01/2024
3500,Usman Ali,08/01/2024,Laptop,Electronics, ,4,,Pakistan,507.98,4,Usman Ali,,08/01/2024
3501,,21/01/2024,Phone,Electronics,,3,,Pakistan,507.98,3,Unknown,,21/01/2024
3502,Ali Khan,08/01/2024,Laptop,Electronics,179.27,4,717.08,Pakistan,179.27,4,Ali Khan,717.08,08/01/2024
3503,,26/01/2024,Mouse,Electronics, ,-1,,Pakistan,507.98,1,Unknown,,26/01/2024
3504,Ali Khan,02/01/2024,Chair,Furniture, ,,,Pakistan,507.98,1,Ali Khan,,02/01/2024
3507,Ahmed Raza,01/01/2024,Phone,Electronics, ,,,Pakistan,507.98,1,Ahmed Raza,,01/01/2024
3509,Sara Ahmed,16/01/2024,Monitor,Electronics,,,,Pakistan,507.98,1,Sara Ahmed,,16/01/2024
3511,Sara Ahmed,18/01/2024,Chair,Furniture,,,,Pakistan,507.98,1,Sara Ahmed,,18/01/2024
3512,Hina Khan,23/01/2024,Headphones,Electronics,,2,,Pakistan,507.98,2,Hina Khan,,23/01/2024
3513,Sara Ahmed,29/01/2024,Monitor,Electronics, ,3,,Pakistan,507.98,3,Sara Ahmed,,29/01/2024
3514,,19/01/2024,Mouse,Electronics,637.95,,,Pakistan,637.95,1,Unknown,,19/01/2024
3516,Usman Ali,04/01/2024,Mouse,Electronics,645.69,3,1937.07,Pakistan,645.69,3,Usman Ali,1937.07,04/01/2024
3517,Sara Ahmed,08/01/2024,Headphones,Electronics,,-1,,Pakistan,507.98,1,Sara Ahmed,,08/01/2024
3520,Bilal Ahmed,03/01/2024,Table,Furniture,219.34,-1,,Pakistan,219.34,1,Bilal Ahmed,,03/01/2024
3521,Ayesha Noor,23/01/2024,Headphones,Electronics,687.30,,,Pakistan,687.30,1,Ayesha Noor,,23/01/2024
3522,Hina Khan,16/01/2024,Phone,Electronics,,1,,Pakistan,507.98,1,Hina Khan,,16/01/2024
3523,Hina Khan,09/01/2024,Phone,Electronics, ,,,Pakistan,507.98,1,Hina Khan,,09/01/2024
3524,Bilal Ahmed,28/01/2024,Headphones,Electronics,,-1,,Pakistan,507.98,1,Bilal Ahmed,,28/01/2024
3526,,28/01/2024,Laptop,Electronics,442.88,-1,,Pakistan,442.88,1,Unknown,,28/01/2024
3527,Ahmed Raza,27/01/2024,Mouse,Electronics,,-1,,Pakistan,507.98,1,Ahmed Raza,,27/01/2024
3529,Bilal Ahmed,07/01/2024,Headphones,Electronics,,2,,Pakistan,507.98,2,Bilal Ahmed,,07/01/2024
3531,Hina Khan,29/01/2024,Laptop,Electronics,404.53,,,Pakistan,404.53,1,Hina Khan,,29/01/2024
3532,Ali Khan,18/01/2024,Mouse,Electronics, ,1,,Pakistan,507.98,1,Ali Khan,,18/01/2024
3533,Hina Khan,15/01/2024,Keyboard,Electronics, ,-1,,Pakistan,507.98,1,Hina Khan,,15/01/2024
3534,Ayesha Noor,14/01/2024,Chair,Furniture,422.93,-1,,Pakistan,422.93,1,Ayesha Noor,,14/01/2024
3535,Bilal Ahmed,26/01/2024,Chair,Furniture, ,4,,Pakistan,507.98,4,Bilal Ahmed,,26/01/2024
3536,Usman Ali,15/01/2024,Monitor,Electronics, ,,,Pakistan,507.98,1,Usman Ali,,15/01/2024
3538,,07/01/2024,Headphones,Electronics, ,3,,Pakistan,507.98,3,Unknown,,07/01/2024
3539,Usman Ali,02/01/2024,Chair,Furniture,,-1,,Pakistan,507.98,1,Usman Ali,,02/01/2024
3540,Hina Khan,08/01/2024,Table,Furniture, ,,,Pakistan,507.98,1,Hina Khan,,08/01/2024
3541,Ahmed Raza,10/01/2024,Mouse,Electronics,29.02,,,Pakistan,29.02,1,Ahmed Raza,,10/01/2024
3542,,28/01/2024,Phone,Electronics,973.68,-1,,Pakistan,973.68,1,Unknown,,28/01/2024
3543,,18/01/2024,Phone,Electronics,370.68,,,Pakistan,370.68,1,Unknown,,18/01/2024
3544,Ahmed Raza,11/01/2024,Laptop,Electronics,754.17,-1,,Pakistan,754.17,1,Ahmed Raza,,11/01/2024
3545,Sara Ahmed,02/01/2024,Table,Furniture,873.84,-1,,Pakistan,873.84,1,Sara Ahmed,,02/01/2024
3546,Usman Ali,20/01/2024,Table,Furniture,,1,,Pakistan,507.98,1,Usman Ali,,20/01/2024
3547,Ayesha Noor,20/01/2024,Table,Furniture, ,2,,Pakistan,507.98,2,Ayesha Noor,,20/01/2024
3548,Sara Ahmed,17/01/2024,Chair,Furniture, ,,,Pakistan,507.98,1,Sara Ahmed,,17/01/2024
3549,Ali Khan,16/01/2024,Chair,Furniture, ,,,Pakistan,507.98,1,Ali Khan,,16/01/2024
3551,Ali Khan,27/01/2024,Chair,Furniture,,,,Pakistan,507.98,1,Ali Khan,,27/01/2024
3553,Ali Khan,09/01/2024,Laptop,Electronics,427.13,-1,,Pakistan,427.13,1,Ali Khan,,09/01/2024
3554,Ahmed Raza,19/01/2024,Monitor,Electronics,,-1,,Pakistan,507.98,1,Ahmed Raza,,19/01/2024
3555,Ali Khan,01/01/2024,Table,Furniture, ,4,,Pakistan,507.98,4,Ali Khan,,01/01/2024
3556,Hina Khan,25/01/2024,Mouse,Electronics, ,3,,Pakistan,507.98,3,Hina Khan,,25/01/2024
3557,Usman Ali,24/01/2024,Phone,Electronics,,3,,Pakistan,507.98,3,Usman Ali,,24/01/2024
3558,Usman Ali,07/01/2024,Headphones,Electronics, ,-1,,Pakistan,507.98,1,Usman Ali,,07/01/2024
3559,Hina Khan,26/01/2024,Chair,Furniture,138.84,,,Pakistan,138.84,1,Hina Khan,,26/01/2024
3560,Ali Khan,06/01/2024,Table,Furniture,654.88,-1,,Pakistan,654.88,1,Ali Khan,,06/01/2024
3561,,22/01/2024,Phone,Electronics,941.59,,,Pakistan,941.59,1,Unknown,,22/01/2024
3562,Hina Khan,03/01/2024,Table,Furniture,,-1,,Pakistan,507.98,1,Hina Khan,,03/01/2024
3563,Ayesha Noor,20/01/2024,Monitor,Electronics,,,,Pakistan,507.98,1,Ayesha Noor,,20/01/2024
3565,Hina Khan,01/01/2024,Mouse,Electronics,,-1,,Pakistan,507.98,1,Hina Khan,,01/01/2024
3566,,29/01/2024,Phone,Electronics,485.85,,,Pakistan,485.85,1,Unknown,,29/01/2024
3567,Ayesha Noor,10/01/2024,Keyboard,Electronics,,,,Pakistan,507.98,1,Ayesha Noor,,10/01/2024
3568,Sara Ahmed,17/01/2024,Monitor,Electronics,,-1,,Pakistan,507.98,1,Sara Ahmed,,17/01/2024
3569,Ali Khan,12/01/2024,Laptop,Electronics,,,,Pakistan,507.98,1,Ali Khan,,12/01/2024
3570,Ahmed Raza,19/01/2024,Mouse,Electronics,82.00,-1,,Pakistan,82.00,1,Ahmed Raza,,19/01/2024
3572,,16/01/2024,Keyboard,Electronics,999.75,-1,,Pakistan,999.75,1,Unknown,,16/01/2024
3573,Ayesha Noor,26/01/2024,Monitor,Electronics,594.73,,,Pakistan,594.73,1,Ayesha Noor,,26/01/2024
3575,Sara Ahmed,05/01/2024,Headphones,Electronics, ,1,,Pakistan,507.98,1,Sara Ahmed,,05/01/2024
3576,,26/01/2024,Chair,Furniture,249.33,-1,,Pakistan,249.33,1,Unknown,,26/01/2024
3577,,19/01/2024,Chair,Furniture,,2,,Pakistan,507.98,2,Unknown,,19/01/2024
3578,Bilal Ahmed,07/01/2024,Monitor,Electronics,,,,Pakistan,507.98,1,Bilal Ahmed,,07/01/2024
3581,Hina Khan,20/01/2024,Keyboard,Electronics,788.27,3,2364.81,Pakistan,788.27,3,Hina Khan,2364.81,20/01/2024
3583,Bilal Ahmed,22/01/2024,Keyboard,Electronics,288.53,,,Pakistan,288.53,1,Bilal Ahmed,,22/01/2024
3585,Usman Ali,19/01/2024,Monitor,Electronics, ,,,Pakistan,507.98,1,Usman Ali,,19/01/2024
3586,Hina Khan,18/01/2024,Mouse,Electronics,693.54,-1,,Pakistan,693.54,1,Hina Khan,,18/01/2024
3589,Ahmed Raza,02/01/2024,Chair,Furniture,,,,Pakistan,507.98,1,Ahmed Raza,,02/01/2024
3590,Ali Khan,03/01/2024,Table,Furniture,531.68,-1,,Pakistan,531.68,1,Ali Khan,,03/01/2024
3591,Ali Khan,08/01/2024,Laptop,Electronics,807.20,-1,,Pakistan,807.20,1,Ali Khan,,08/01/2024
3592,,10/01/2024,Mouse,Electronics,222.07,,,Pakistan,222.07,1,Unknown,,10/01/2024
3593,Bilal Ahmed,03/01/2024,Laptop,Electronics, ,,,Pakistan,507.98,1,Bilal Ahmed,,03/01/2024
3594,Usman Ali,19/01/2024,Headphones,Electronics,,-1,,Pakistan,507.98,1,Usman Ali,,19/01/2024
3595,Sara Ahmed,29/01/2024,Phone,Electronics, ,,,Pakistan,507.98,1,Sara Ahmed,,29/01/2024
3596,,12/01/2024,Monitor,Electronics, ,,,Pakistan,507.98,1,Unknown,,12/01/2024
3597,Sara Ahmed,21/01/2024,Laptop,Electronics,781.66,,,Pakistan,781.66,1,Sara Ahmed,,21/01/2024
3598,Ahmed Raza,15/01/2024,Mouse,Electronics, ,,,Pakistan,507.98,1,Ahmed Raza,,15/01/2024
3599,Ali Khan,01/01/2024,Phone,Electronics, ,-1,,Pakistan,507.98,1,Ali Khan,,01/01/2024
3600,Ayesha Noor,28/01/2024,Laptop,Electronics,118.74,,,Pakistan,118.74,1,Ayesha Noor,,28/01/2024
3601,Ali Khan,03/01/2024,Mouse,Electronics,716.77,,,Pakistan,716.77,1,Ali Khan,,03/01/2024
3602,Ayesha Noor,25/01/2024,Keyboard,Electronics,,,,Pakistan,507.98,1,Ayesha Noor,,25/01/2024
3604,Usman Ali,05/01/2024,Headphones,Electronics, ,4,,Pakistan,507.98,4,Usman Ali,,05/01/2024
3605,Ahmed Raza,07/01/2024,Table,Furniture,,2,,Pakistan,507.98,2,Ahmed Raza,,07/01/2024
3606,Usman Ali,27/01/2024,Laptop,Electronics,,1,,Pakistan,507.98,1,Usman Ali,,27/01/2024
3608,Hina Khan,23/01/2024,Chair,Furniture, ,2,,Pakistan,507.98,2,Hina Khan,,23/01/2024
3609,Ali Khan,02/01/2024,Chair,Furniture, ,,,Pakistan,507.98,1,Ali Khan,,02/01/2024
3610,Hina Khan,26/01/2024,Table,Furniture,617.34,-1,,Pakistan,617.34,1,Hina Khan,,26/01/2024
3611,,15/01/2024,Laptop,Electronics,,-1,,Pakistan,507.98,1,Unknown,,15/01/2024
3612,Bilal Ahmed,27/01/2024,Monitor,Electronics, ,,,Pakistan,507.98,1,Bilal Ahmed,,27/01/2024
3615,Ali Khan,22/01/2024,Mouse,Electronics,245.74,1,245.74,Pakistan,245.74,1,Ali Khan,245.74,22/01/2024
3616,Sara Ahmed,11/01/2024,Chair,Furniture, ,3,,Pakistan,507.98,3,Sara Ahmed,,11/01/2024
3619,Usman Ali,25/01/2024,Laptop,Electronics,,,,Pakistan,507.98,1,Usman Ali,,25/01/2024
3620,,07/01/2024,Table,Furniture, ,4,,Pakistan,507.98,4,Unknown,,07/01/2024
3621,Bilal Ahmed,26/01/2024,Table,Furniture,,2,,Pakistan,507.98,2,Bilal Ahmed,,26/01/2024
3622,Hina Khan,22/01/2024,Laptop,Electronics, ,-1,,Pakistan,507.98,1,Hina Khan,,22/01/2024
3623,Bilal Ahmed,19/01/2024,Table,Furniture,,,,Pakistan,507.98,1,Bilal Ahmed,,19/01/2024
3624,Ali Khan,16/01/2024,Mouse,Electronics, ,4,,Pakistan,507.98,4,Ali Khan,,16/01/2024
3625,Ahmed Raza,18/01/2024,Table,Furniture,685.58,-1,,Pakistan,685.58,1,Ahmed Raza,,18/01/2024
3626,Hina Khan,09/01/2024,Headphones,Electronics,351.38,2,702.76,Pakistan,351.38,2,Hina Khan,702.76,09/01/2024
3627,Sara Ahmed,13/01/2024,Phone,Electronics,,-1,,Pakistan,507.98,1,Sara Ahmed,,13/01/2024
3628,Ayesha Noor,09/01/2024,Monitor,Electronics, ,-1,,Pakistan,507.98,1,Ayesha Noor,,09/01/2024
3629,Hina Khan,05/01/2024,Phone,Electronics, ,-1,,Pakistan,507.98,1,Hina Khan,,05/01/2024
3630,Sara Ahmed,05/01/2024,Headphones,Electronics, ,,,Pakistan,507.98,1,Sara Ahmed,,05/01/2024
3631,Ahmed Raza,10/01/2024,Mouse,Electronics,,-1,,Pakistan,507.98,1,Ahmed Raza,,10/01/2024
3632,Sara Ahmed,19/01/2024,Monitor,Electronics,,2,,Pakistan,507.98,2,Sara Ahmed,,19/01/2024
3636,Ahmed Raza,19/01/2024,Laptop,Electronics,509.56,2,1019.12,Pakistan,509.56,2,Ahmed Raza,1019.12,19/01/2024
3638,Ali Khan,19/01/2024,Mouse,Electronics,,-1,,Pakistan,507.98,1,Ali Khan,,19/01/2024
3639,Sara Ahmed,15/01/2024,Table,Furniture, ,2,,Pakistan,507.98,2,Sara Ahmed,,15/01/2024
3640,Hina Khan,30/01/2024,Mouse,Electronics, ,,,Pakistan,507.98,1,Hina Khan,,30/01/2024
3641,Usman Ali,04/01/2024,Keyboard,Electronics,,4,,Pakistan,507.98,4,Usman Ali,,04/01/2024
3642,Usman Ali,23/01/2024,Headphones,Electronics, ,-1,,Pakistan,507.98,1,Usman Ali,,23/01/2024
3643,Sara Ahmed,08/01/2024,Mouse,Electronics,735.90,,,Pakistan,735.90,1,Sara Ahmed,,08/01/2024
3644,Bilal Ahmed,25/01/2024,Keyboard,Electronics, ,1,,Pakistan,507.98,1,Bilal Ahmed,,25/01/2024
3645,Ayesha Noor,11/01/2024,Mouse,Electronics,,4,,Pakistan,507.98,4,Ayesha Noor,,11/01/2024
3646,Sara Ahmed,12/01/2024,Headphones,Electronics, ,1,,Pakistan,507.98,1,Sara Ahmed,,12/01/2024
3647,Hina Khan,29/01/2024,Mouse,Electronics,377.52,,,Pakistan,377.52,1,Hina Khan,,29/01/2024
3648,Ayesha Noor,06/01/2024,Headphones,Electronics,,,,Pakistan,507.98,1,Ayesha Noor,,06/01/2024
3650,,29/01/2024,Keyboard,Electronics, ,-1,,Pakistan,507.98,1,Unknown,,29/01/2024
3651,Ayesha Noor,03/01/2024,Chair,Furniture, ,1,,Pakistan,507.98,1,Ayesha Noor,,03/01/2024
3654,,07/01/2024,Headphones,Electronics,,,,Pakistan,507.98,1,Unknown,,07/01/2024
3656,Ayesha Noor,26/01/2024,Monitor,Electronics,,-1,,Pakistan,507.98,1,Ayesha Noor,,26/01/2024
3657,Hina Khan,29/01/2024,Monitor,Electronics,808.22,2,1616.44,Pakistan,808.22,2,Hina Khan,1616.44,29/01/2024
3658,Ali Khan,07/01/2024,Phone,Electronics,355.03,,,Pakistan,355.03,1,Ali Khan,,07/01/2024
3659,Hina Khan,25/01/2024,Phone,Electronics, ,3,,Pakistan,507.98,3,Hina Khan,,25/01/2024
3661,Ayesha Noor,07/01/2024,Monitor,Electronics,337.77,4,1351.08,Pakistan,337.77,4,Ayesha Noor,1351.08,07/01/2024
3662,Ahmed Raza,30/01/2024,Table,Furniture,,,,Pakistan,507.98,1,Ahmed Raza,,30/01/2024
3663,Bilal Ahmed,04/01/2024,Phone,Electronics,25.21,2,50.42,Pakistan,25.21,2,Bilal Ahmed,50.42,04/01/2024
3665,Sara Ahmed,05/01/2024,Chair,Furniture, ,1,,Pakistan,507.98,1,Sara Ahmed,,05/01/2024
3667,,28/01/2024,Keyboard,Electronics,30.46,-1,,Pakistan,30.46,1,Unknown,,28/01/2024
3668,Ali Khan,04/01/2024,Keyboard,Electronics, ,,,Pakistan,507.98,1,Ali Khan,,04/01/2024
3669,Hina Khan,25/01/2024,Mouse,Electronics,,1,,Pakistan,507.98,1,Hina Khan,,25/01/2024
3670,Bilal Ahmed,30/01/2024,Keyboard,Electronics,763.24,4,3052.96,Pakistan,763.24,4,Bilal Ahmed,3052.96,30/01/2024
3671,Hina Khan,10/01/2024,Mouse,Electronics,663.98,4,2655.92,Pakistan,663.98,4,Hina Khan,2655.92,10/01/2024
3672,Bilal Ahmed,05/01/2024,Laptop,Electronics, ,2,,Pakistan,507.98,2,Bilal Ahmed,,05/01/2024
3673,Ali Khan,11/01/2024,Monitor,Electronics,88.25,2,176.5,Pakistan,88.25,2,Ali Khan,176.5,11/01/2024
3674,Ali Khan,09/01/2024,Laptop,Electronics,,-1,,Pakistan,507.98,1,Ali Khan,,09/01/2024
3675,Bilal Ahmed,09/01/2024,Chair,Furniture,616.62,,,Pakistan,616.62,1,Bilal Ahmed,,09/01/2024
3677,Ayesha Noor,18/01/2024,Table,Furniture,800.91,,,Pakistan,800.91,1,Ayesha Noor,,18/01/2024
3680,Hina Khan,24/01/2024,Headphones,Electronics,,-1,,Pakistan,507.98,1,Hina Khan,,24/01/2024
3681,,03/01/2024,Table,Furniture, ,2,,Pakistan,507.98,2,Unknown,,03/01/2024
3682,Sara Ahmed,18/01/2024,Phone,Electronics,792.51,1,792.51,Pakistan,792.51,1,Sara Ahmed,792.51,18/01/2024
3684,Hina Khan,12/01/2024,Chair,Furniture, ,4,,Pakistan,507.98,4,Hina Khan,,12/01/2024
3686,Usman Ali,26/01/2024,Monitor,Electronics, ,-1,,Pakistan,507.98,1,Usman Ali,,26/01/2024
3687,,28/01/2024,Mouse,Electronics,,-1,,Pakistan,507.98,1,Unknown,,28/01/2024
3688,Hina Khan,26/01/2024,Chair,Furniture,,1,,Pakistan,507.98,1,Hina Khan,,26/01/2024
3689,Ali Khan,24/01/2024,Headphones,Electronics, ,1,,Pakistan,507.98,1,Ali Khan,,24/01/2024
3690,Ahmed Raza,30/01/2024,Laptop,Electronics,679.07,4,2716.28,Pakistan,679.07,4,Ahmed Raza,2716.28,30/01/2024
3691,Ayesha Noor,12/01/2024,Mouse,Electronics,905.55,3,2716.65,Pakistan,905.55,3,Ayesha Noor,2716.65,12/01/2024
3693,Ali Khan,10/01/2024,Table,Furniture,,-1,,Pakistan,507.98,1,Ali Khan,,10/01/2024
3696,Ali Khan,27/01/2024,Table,Furniture,32.18,,,Pakistan,32.18,1,Ali Khan,,27/01/2024
3697,Ahmed Raza,16/01/2024,Keyboard,Electronics, ,-1,,Pakistan,507.98,1,Ahmed Raza,,16/01/2024
3698,Ahmed Raza,02/01/2024,Table,Furniture,,,,Pakistan,507.98,1,Ahmed Raza,,02/01/2024
3699,Ali Khan,20/01/2024,Headphones,Electronics,557.43,-1,,Pakistan,557.43,1,Ali Khan,,20/01/2024
3700,,06/01/2024,Phone,Electronics, ,1,,Pakistan,507.98,1,Unknown,,06/01/2024
3701,Ayesha Noor,27/01/2024,Table,Furniture,,4,,Pakistan,507.98,4,Ayesha Noor,,27/01/2024
3702,Hina Khan,20/01/2024,Monitor,Electronics,,-1,,Pakistan,507.98,1,Hina Khan,,20/01/2024
3703,Ahmed Raza,04/01/2024,Monitor,Electronics,657.79,1,657.79,Pakistan,657.79,1,Ahmed Raza,657.79,04/01/2024
3707,Bilal Ahmed,10/01/2024,Mouse,Electronics,510.23,-1,,Pakistan,510.23,1,Bilal Ahmed,,10/01/2024
3708,Ali Khan,18/01/2024,Monitor,Electronics, ,4,,Pakistan,507.98,4,Ali Khan,,18/01/2024
3709,Ayesha Noor,12/01/2024,Keyboard,Electronics,,3,,Pakistan,507.98,3,Ayesha Noor,,12/01/2024
3710,Usman Ali,12/01/2024,Mouse,Electronics,,-1,,Pakistan,507.98,1,Usman Ali,,12/01/2024
3711,,19/01/2024,Headphones,Electronics, ,1,,Pakistan,507.98,1,Unknown,,19/01/2024
3713,Bilal Ahmed,09/01/2024,Table,Furniture,,,,Pakistan,507.98,1,Bilal Ahmed,,09/01/2024
3715,Usman Ali,22/01/2024,Table,Furniture,,-1,,Pakistan,507.98,1,Usman Ali,,22/01/2024
3716,Ali Khan,26/01/2024,Phone,Electronics,,,,Pakistan,507.98,1,Ali Khan,,26/01/2024
3717,Ayesha Noor,07/01/2024,Keyboard,Electronics,,-1,,Pakistan,507.98,1,Ayesha Noor,,07/01/2024
3718,Hina Khan,01/01/2024,Headphones,Electronics,,-1,,Pakistan,507.98,1,Hina Khan,,01/01/2024
3719,Ali Khan,23/01/2024,Phone,Electronics,,-1,,Pakistan,507.98,1,Ali Khan,,23/01/2024
3722,,15/01/2024,Table,Furniture,,4,,Pakistan,507.98,4,Unknown,,15/01/2024
3726,Ali Khan,28/01/2024,Table,Furniture,,4,,Pakistan,507.98,4,Ali Khan,,28/01/2024
3727,Usman Ali,20/01/2024,Table,Furniture, ,3,,Pakistan,507.98,3,Usman Ali,,20/01/2024
3728,Ahmed Raza,09/01/2024,Monitor,Electronics, ,-1,,Pakistan,507.98,1,Ahmed Raza,,09/01/2024
3729,Hina Khan,12/01/2024,Keyboard,Electronics,276.10,-1,,Pakistan,276.10,1,Hina Khan,,12/01/2024
3730,Ayesha Noor,08/01/2024,Keyboard,Electronics,257.12,,,Pakistan,257.12,1,Ayesha Noor,,08/01/2024
3732,,09/01/2024,Monitor,Electronics,913.64,,,Pakistan,913.64,1,Unknown,,09/01/2024
3733,Sara Ahmed,26/01/2024,Headphones,Electronics, ,,,Pakistan,507.98,1,Sara Ahmed,,26/01/2024
3734,Ali Khan,08/01/2024,Chair,Furniture,691.89,4,2767.56,Pakistan,691.89,4,Ali Khan,2767.56,08/01/2024
3736,Ahmed Raza,07/01/2024,Keyboard,Electronics,322.67,-1,,Pakistan,322.67,1,Ahmed Raza,,07/01/2024
3737,Bilal Ahmed,19/01/2024,Monitor,Electronics,113.66,,,Pakistan,113.66,1,Bilal Ahmed,,19/01/2024
3739,Ayesha Noor,27/01/2024,Laptop,Electronics, ,-1,,Pakistan,507.98,1,Ayesha Noor,,27/01/2024
3740,Hina Khan,21/01/2024,Mouse,Electronics,172.54,,,Pakistan,172.54,1,Hina Khan,,21/01/2024
3741,Ali Khan,13/01/2024,Phone,Electronics,128.20,,,Pakistan,128.20,1,Ali Khan,,13/01/2024
3742,Sara Ahmed,15/01/2024,Mouse,Electronics,,-1,,Pakistan,507.98,1,Sara Ahmed,,15/01/2024
3745,Usman Ali,29/01/2024,Table,Furniture,870.13,1,870.13,Pakistan,870.13,1,Usman Ali,870.13,29/01/2024
3746,Usman Ali,02/01/2024,Chair,Furniture,,1,,Pakistan,507.98,1,Usman Ali,,02/01/2024
3747,Hina Khan,01/01/2024,Chair,Furniture,,3,,Pakistan,507.98,3,Hina Khan,,01/01/2024
3748,,16/01/2024,Laptop,Electronics,,1,,Pakistan,507.98,1,Unknown,,16/01/2024
3750,Sara Ahmed,28/01/2024,Mouse,Electronics,302.18,-1,,Pakistan,302.18,1,Sara Ahmed,,28/01/2024
3752,,12/01/2024,Mouse,Electronics,,1,,Pakistan,507.98,1,Unknown,,12/01/2024
3753,Ayesha Noor,03/01/2024,Laptop,Electronics,468.17,,,Pakistan,468.17,1,Ayesha Noor,,03/01/2024
3754,Sara Ahmed,13/01/2024,Table,Furniture,435.90,,,Pakistan,435.90,1,Sara Ahmed,,13/01/2024
3755,Sara Ahmed,07/01/2024,Monitor,Electronics,,4,,Pakistan,507.98,4,Sara Ahmed,,07/01/2024
3756,Hina Khan,08/01/2024,Monitor,Electronics, ,-1,,Pakistan,507.98,1,Hina Khan,,08/01/2024
3757,Hina Khan,21/01/2024,Chair,Furniture, ,1,,Pakistan,507.98,1,Hina Khan,,21/01/2024
3759,Ali Khan,28/01/2024,Laptop,Electronics, ,4,,Pakistan,507.98,4,Ali Khan,,28/01/2024
3760,Ali Khan,21/01/2024,Laptop,Electronics,,,,Pakistan,507.98,1,Ali Khan,,21/01/2024
3761,Ali Khan,06/01/2024,Table,Furniture,,-1,,Pakistan,507.98,1,Ali Khan,,06/01/2024
3762,Hina Khan,04/01/2024,Monitor,Electronics,523.36,-1,,Pakistan,523.36,1,Hina Khan,,04/01/2024
3763,,23/01/2024,Mouse,Electronics, ,-1,,Pakistan,507.98,1,Unknown,,23/01/2024
3764,Usman Ali,16/01/2024,Monitor,Electronics, ,-1,,Pakistan,507.98,1,Usman Ali,,16/01/2024
3765,Bilal Ahmed,21/01/2024,Mouse,Electronics,,,,Pakistan,507.98,1,Bilal Ahmed,,21/01/2024
3770,Ali Khan,05/01/2024,Chair,Furniture, ,,,Pakistan,507.98,1,Ali Khan,,05/01/2024
3774,Ayesha Noor,18/01/2024,Chair,Furniture, ,,,Pakistan,507.98,1,Ayesha Noor,,18/01/2024
3775,Sara Ahmed,17/01/2024,Mouse,Electronics, ,-1,,Pakistan,507.98,1,Sara Ahmed,,17/01/2024
3776,,15/01/2024,Mouse,Electronics,677.33,,,Pakistan,677.33,1,Unknown,,15/01/2024
3777,Ahmed Raza,28/01/2024,Keyboard,Electronics, ,-1,,Pakistan,507.98,1,Ahmed Raza,,28/01/2024
3778,Sara Ahmed,13/01/2024,Monitor,Electronics, ,1,,Pakistan,507.98,1,Sara Ahmed,,13/01/2024
3779,,09/01/2024,Chair,Furniture, ,-1,,Pakistan,507.98,1,Unknown,,09/01/2024
3780,,26/01/2024,Table,Furniture, ,,,Pakistan,507.98,1,Unknown,,26/01/2024
3781,Bilal Ahmed,30/01/2024,Table,Furniture,,-1,,Pakistan,507.98,1,Bilal Ahmed,,30/01/2024
3782,Ahmed Raza,27/01/2024,Mouse,Electronics,,1,,Pakistan,507.98,1,Ahmed Raza,,27/01/2024
3783,Bilal Ahmed,09/01/2024,Headphones,Electronics,429.77,-1,,Pakistan,429.77,1,Bilal Ahmed,,09/01/2024
3784,Ayesha Noor,21/01/2024,Keyboard,Electronics, ,-1,,Pakistan,507.98,1,Ayesha Noor,,21/01/2024
3785,Hina Khan,14/01/2024,Mouse,Electronics,959.16,-1,,Pakistan,959.16,1,Hina Khan,,14/01/2024
3786,Ahmed Raza,15/01/2024,Headphones,Electronics,177.88,1,177.88,Pakistan,177.88,1,Ahmed Raza,177.88,15/01/2024
3787,Ayesha Noor,28/01/2024,Table,Furniture, ,-1,,Pakistan,507.98,1,Ayesha Noor,,28/01/2024
3788,Ayesha Noor,28/01/2024,Chair,Furniture,612.40,-1,,Pakistan,612.40,1,Ayesha Noor,,28/01/2024
3789,Ali Khan,25/01/2024,Phone,Electronics,,-1,,Pakistan,507.98,1,Ali Khan,,25/01/2024
3791,Hina Khan,13/01/2024,Phone,Electronics,813.82,4,3255.28,Pakistan,813.82,4,Hina Khan,3255.28,13/01/2024
3792,Sara Ahmed,19/01/2024,Headphones,Electronics,,3,,Pakistan,507.98,3,Sara Ahmed,,19/01/2024
3793,,27/01/2024,Chair,Furniture,391.07,-1,,Pakistan,391.07,1,Unknown,,27/01/2024
3794,Hina Khan,13/01/2024,Monitor,Electronics, ,-1,,Pakistan,507.98,1,Hina Khan,,13/01/2024
3795,Usman Ali,02/01/2024,Phone,Electronics,,1,,Pakistan,507.98,1,Usman Ali,,02/01/2024
3796,,28/01/2024,Laptop,Electronics,658.15,,,Pakistan,658.15,1,Unknown,,28/01/2024
3800,Sara Ahmed,03/01/2024,Laptop,Electronics, ,1,,Pakistan,507.98,1,Sara Ahmed,,03/01/2024
3801,Bilal Ahmed,08/01/2024,Headphones,Electronics,,3,,Pakistan,507.98,3,Bilal Ahmed,,08/01/2024
3802,Hina Khan,29/01/2024,Mouse,Electronics,,2,,Pakistan,507.98,2,Hina Khan,,29/01/2024
3803,,19/01/2024,Phone,Electronics,,-1,,Pakistan,507.98,1,Unknown,,19/01/2024
3805,Ahmed Raza,19/01/2024,Monitor,Electronics,715.73,4,2862.92,Pakistan,715.73,4,Ahmed Raza,2862.92,19/01/2024
3807,Hina Khan,11/01/2024,Table,Furniture,,,,Pakistan,507.98,1,Hina Khan,,11/01/2024
3809,Ayesha Noor,07/01/2024,Monitor,Electronics,204.30,-1,,Pakistan,204.30,1,Ayesha Noor,,07/01/2024
3810,,08/01/2024,Keyboard,Electronics,278.53,-1,,Pakistan,278.53,1,Unknown,,08/01/2024
3813,,28/01/2024,Laptop,Electronics, ,4,,Pakistan,507.98,4,Unknown,,28/01/2024
3814,Ali Khan,06/01/2024,Phone,Electronics,,-1,,Pakistan,507.98,1,Ali Khan,,06/01/2024
3815,Ahmed Raza,27/01/2024,Laptop,Electronics,,-1,,Pakistan,507.98,1,Ahmed Raza,,27/01/2024
3816,Hina Khan,02/01/2024,Monitor,Electronics, ,,,Pakistan,507.98,1,Hina Khan,,02/01/2024
3818,Sara Ahmed,01/01/2024,Laptop,Electronics,50.99,,,Pakistan,50.99,1,Sara Ahmed,,01/01/2024
3819,Bilal Ahmed,16/01/2024,Table,Furniture,,4,,Pakistan,507.98,4,Bilal Ahmed,,16/01/2024
3821,,12/01/2024,Headphones,Electronics, ,,,Pakistan,507.98,1,Unknown,,12/01/2024
3822,Sara Ahmed,24/01/2024,Table,Furniture,,1,,Pakistan,507.98,1,Sara Ahmed,,24/01/2024
3823,Bilal Ahmed,08/01/2024,Monitor,Electronics,,-1,,Pakistan,507.98,1,Bilal Ahmed,,08/01/2024
3824,,08/01/2024,Mouse,Electronics,982.44,4,3929.76,Pakistan,982.44,4,Unknown,3929.76,08/01/2024
3826,,15/01/2024,Phone,Electronics,,2,,Pakistan,507.98,2,Unknown,,15/01/2024
3828,Usman Ali,04/01/2024,Chair,Furniture,,,,Pakistan,507.98,1,Usman Ali,,04/01/2024
3829,Ahmed Raza,25/01/2024,Laptop,Electronics,617.51,,,Pakistan,617.51,1,Ahmed Raza,,25/01/2024
3833,,30/01/2024,Table,Furniture,,-1,,Pakistan,507.98,1,Unknown,,30/01/2024
3834,Sara Ahmed,11/01/2024,Laptop,Electronics,88.72,1,88.72,Pakistan,88.72,1,Sara Ahmed,88.72,11/01/2024
3835,Ahmed Raza,21/01/2024,Phone,Electronics,547.31,3,1641.93,Pakistan,547.31,3,Ahmed Raza,1641.93,21/01/2024
3836,Ali Khan,27/01/2024,Phone,Electronics,565.11,4,2260.44,Pakistan,565.11,4,Ali Khan,2260.44,27/01/2024
3837,Sara Ahmed,21/01/2024,Laptop,Electronics, ,1,,Pakistan,507.98,1,Sara Ahmed,,21/01/2024
3839,Ayesha Noor,30/01/2024,Mouse,Electronics, ,,,Pakistan,507.98,1,Ayesha Noor,,30/01/2024
3840,Ayesha Noor,13/01/2024,Monitor,Electronics,463.23,3,1389.69,Pakistan,463.23,3,Ayesha Noor,1389.69,13/01/2024
3842,Sara Ahmed,05/01/2024,Phone,Electronics, ,2,,Pakistan,507.98,2,Sara Ahmed,,05/01/2024
3843,Ahmed Raza,20/01/2024,Chair,Furniture,,-1,,Pakistan,507.98,1,Ahmed Raza,,20/01/2024
3844,Usman Ali,15/01/2024,Phone,Electronics,,-1,,Pakistan,507.98,1,Usman Ali,,15/01/2024
3845,Usman Ali,29/01/2024,Mouse,Electronics, ,4,,Pakistan,507.98,4,Usman Ali,,29/01/2024
3846,Usman Ali,07/01/2024,Phone,Electronics,692.92,4,2771.68,Pakistan,692.92,4,Usman Ali,2771.68,07/01/2024
3848,Ali Khan,16/01/2024,Headphones,Electronics, ,,,Pakistan,507.98,1,Ali Khan,,16/01/2024
3849,Hina Khan,07/01/2024,Headphones,Electronics, ,,,Pakistan,507.98,1,Hina Khan,,07/01/2024
3850,Usman Ali,12/01/2024,Monitor,Electronics,594.46,-1,,Pakistan,594.46,1,Usman Ali,,12/01/2024
3851,Sara Ahmed,16/01/2024,Keyboard,Electronics,,,,Pakistan,507.98,1,Sara Ahmed,,16/01/2024
3852,Ayesha Noor,22/01/2024,Mouse,Electronics, ,-1,,Pakistan,507.98,1,Ayesha Noor,,22/01/2024
3853,Usman Ali,06/01/2024,Phone,Electronics,,4,,Pakistan,507.98,4,Usman Ali,,06/01/2024
3854,Bilal Ahmed,13/01/2024,Mouse,Electronics,,,,Pakistan,507.98,1,Bilal Ahmed,,13/01/2024
3855,Ahmed Raza,19/01/2024,Headphones,Electronics,,-1,,Pakistan,507.98,1,Ahmed Raza,,19/01/2024
3856,Sara Ahmed,13/01/2024,Phone,Electronics,322.61,,,Pakistan,322.61,1,Sara Ahmed,,13/01/2024
3858,Sara Ahmed,20/01/2024,Mouse,Electronics, ,,,Pakistan,507.98,1,Sara Ahmed,,20/01/2024
3860,Usman Ali,30/01/2024,Keyboard,Electronics,450.25,-1,,Pakistan,450.25,1,Usman Ali,,30/01/2024
3861,Ahmed Raza,10/01/2024,Laptop,Electronics,480.89,-1,,Pakistan,480.89,1,Ahmed Raza,,10/01/2024
3862,Ahmed Raza,17/01/2024,Monitor,Electronics, ,2,,Pakistan,507.98,2,Ahmed Raza,,17/01/2024
3863,,05/01/2024,Keyboard,Electronics, ,-1,,Pakistan,507.98,1,Unknown,,05/01/2024
3865,Sara Ahmed,14/01/2024,Table,Furniture,623.31,2,1246.62,Pakistan,623.31,2,Sara Ahmed,1246.62,14/01/2024
3866,Usman Ali,14/01/2024,Mouse,Electronics,,,,Pakistan,507.98,1,Usman Ali,,14/01/2024
3867,,29/01/2024,Table,Furniture, ,-1,,Pakistan,507.98,1,Unknown,,29/01/2024
3868,Ali Khan,15/01/2024,Table,Furniture,,3,,Pakistan,507.98,3,Ali Khan,,15/01/2024
3870,Hina Khan,10/01/2024,Mouse,Electronics,821.06,-1,,Pakistan,821.06,1,Hina Khan,,10/01/2024
3872,Ayesha Noor,26/01/2024,Laptop,Electronics, ,-1,,Pakistan,507.98,1,Ayesha Noor,,26/01/2024
3875,Usman Ali,20/01/2024,Mouse,Electronics, ,1,,Pakistan,507.98,1,Usman Ali,,20/01/2024
3876,Ali Khan,08/01/2024,Table,Furniture,,-1,,Pakistan,507.98,1,Ali Khan,,08/01/2024
3879,Ayesha Noor,29/01/2024,Headphones,Electronics,,1,,Pakistan,507.98,1,Ayesha Noor,,29/01/2024
3880,Usman Ali,26/01/2024,Monitor,Electronics, ,,,Pakistan,507.98,1,Usman Ali,,26/01/2024
3882,Ahmed Raza,25/01/2024,Keyboard,Electronics, ,,,Pakistan,507.98,1,Ahmed Raza,,25/01/2024
3883,Sara Ahmed,17/01/2024,Headphones,Electronics, ,,,Pakistan,507.98,1,Sara Ahmed,,17/01/2024
3884,Bilal Ahmed,05/01/2024,Table,Furniture,,-1,,Pakistan,507.98,1,Bilal Ahmed,,05/01/2024
3885,Usman Ali,17/01/2024,Headphones,Electronics,,,,Pakistan,507.98,1,Usman Ali,,17/01/2024
3886,Ahmed Raza,23/01/2024,Chair,Furniture, ,4,,Pakistan,507.98,4,Ahmed Raza,,23/01/2024
3888,Ayesha Noor,18/01/2024,Monitor,Electronics,801.01,,,Pakistan,801.01,1,Ayesha Noor,,18/01/2024
3889,Ahmed Raza,29/01/2024,Chair,Furniture,379.13,4,1516.52,Pakistan,379.13,4,Ahmed Raza,1516.52,29/01/2024
3890,Sara Ahmed,28/01/2024,Mouse,Electronics, ,,,Pakistan,507.98,1,Sara Ahmed,,28/01/2024
3891,Ali Khan,23/01/2024,Phone,Electronics,280.84,3,842.52,Pakistan,280.84,3,Ali Khan,842.52,23/01/2024
3892,Bilal Ahmed,22/01/2024,Phone,Electronics,260.84,-1,,Pakistan,260.84,1,Bilal Ahmed,,22/01/2024
3893,Ahmed Raza,30/01/2024,Headphones,Electronics, ,-1,,Pakistan,507.98,1,Ahmed Raza,,30/01/2024
3894,Bilal Ahmed,07/01/2024,Laptop,Electronics,,-1,,Pakistan,507.98,1,Bilal Ahmed,,07/01/2024
3895,Ali Khan,02/01/2024,Chair,Furniture,854.45,,,Pakistan,854.45,1,Ali Khan,,02/01/2024
3896,Usman Ali,22/01/2024,Laptop,Electronics,,3,,Pakistan,507.98,3,Usman Ali,,22/01/2024
3897,Ayesha Noor,11/01/2024,Headphones,Electronics, ,1,,Pakistan,507.98,1,Ayesha Noor,,11/01/2024
3899,Ayesha Noor,16/01/2024,Mouse,Electronics,,,,Pakistan,507.98,1,Ayesha Noor,,16/01/2024
3900,Sara Ahmed,29/01/2024,Phone,Electronics, ,,,Pakistan,507.98,1,Sara Ahmed,,29/01/2024
3901,Ahmed Raza,01/01/2024,Headphones,Electronics, ,4,,Pakistan,507.98,4,Ahmed Raza,,01/01/2024
3902,Bilal Ahmed,13/01/2024,Keyboard,Electronics,650.90,4,2603.6,Pakistan,650.90,4,Bilal Ahmed,2603.6,13/01/2024
3903,Hina Khan,09/01/2024,Monitor,Electronics,655.72,-1,,Pakistan,655.72,1,Hina Khan,,09/01/2024
3904,Usman Ali,11/01/2024,Laptop,Electronics,,,,Pakistan,507.98,1,Usman Ali,,11/01/2024
3906,Ali Khan,29/01/2024,Laptop,Electronics,686.21,4,2744.84,Pakistan,686.21,4,Ali Khan,2744.84,29/01/2024
3907,Sara Ahmed,16/01/2024,Chair,Furniture,114.66,,,Pakistan,114.66,1,Sara Ahmed,,16/01/2024
3908,Ali Khan,17/01/2024,Table,Furniture,386.45,,,Pakistan,386.45,1,Ali Khan,,17/01/2024
3909,Usman Ali,18/01/2024,Laptop,Electronics,534.85,-1,,Pakistan,534.85,1,Usman Ali,,18/01/2024
3910,Bilal Ahmed,17/01/2024,Laptop,Electronics,,1,,Pakistan,507.98,1,Bilal Ahmed,,17/01/2024
3912,Hina Khan,23/01/2024,Table,Furniture,,,,Pakistan,507.98,1,Hina Khan,,23/01/2024
3913,Ahmed Raza,25/01/2024,Monitor,Electronics,,,,Pakistan,507.98,1,Ahmed Raza,,25/01/2024
3915,Usman Ali,30/01/2024,Monitor,Electronics, ,-1,,Pakistan,507.98,1,Usman Ali,,30/01/2024
3916,Bilal Ahmed,19/01/2024,Keyboard,Electronics, ,4,,Pakistan,507.98,4,Bilal Ahmed,,19/01/2024
3917,Ayesha Noor,27/01/2024,Table,Furniture, ,4,,Pakistan,507.98,4,Ayesha Noor,,27/01/2024
3919,Hina Khan,20/01/2024,Monitor,Electronics, ,,,Pakistan,507.98,1,Hina Khan,,20/01/2024
3920,Sara Ahmed,09/01/2024,Phone,Electronics,465.19,,,Pakistan,465.19,1,Sara Ahmed,,09/01/2024
3922,Ayesha Noor,01/01/2024,Table,Furniture,,,,Pakistan,507.98,1,Ayesha Noor,,01/01/2024
3924,Hina Khan,03/01/2024,Mouse,Electronics, ,-1,,Pakistan,507.98,1,Hina Khan,,03/01/2024
3925,Ali Khan,28/01/2024,Keyboard,Electronics,,,,Pakistan,507.98,1,Ali Khan,,28/01/2024
3926,Sara Ahmed,16/01/2024,Chair,Furniture,,2,,Pakistan,507.98,2,Sara Ahmed,,16/01/2024
3928,Ayesha Noor,06/01/2024,Mouse,Electronics,,,,Pakistan,507.98,1,Ayesha Noor,,06/01/2024
3929,Ayesha Noor,21/01/2024,Monitor,Electronics,,3,,Pakistan,507.98,3,Ayesha Noor,,21/01/2024
3930,Ayesha Noor,16/01/2024,Keyboard,Electronics,,2,,Pakistan,507.98,2,Ayesha Noor,,16/01/2024
3932,Ahmed Raza,02/01/2024,Keyboard,Electronics, ,,,Pakistan,507.98,1,Ahmed Raza,,02/01/2024
3933,Usman Ali,11/01/2024,Monitor,Electronics,382.60,3,1147.8,Pakistan,382.60,3,Usman Ali,1147.8,11/01/2024
3934,Ahmed Raza,12/01/2024,Phone,Electronics,,-1,,Pakistan,507.98,1,Ahmed Raza,,12/01/2024
3935,Ali Khan,13/01/2024,Keyboard,Electronics,,4,,Pakistan,507.98,4,Ali Khan,,13/01/2024
3936,Usman Ali,13/01/2024,Chair,Furniture, ,2,,Pakistan,507.98,2,Usman Ali,,13/01/2024
3938,Usman Ali,21/01/2024,Chair,Furniture, ,,,Pakistan,507.98,1,Usman Ali,,21/01/2024
3942,,03/01/2024,Keyboard,Electronics, ,-1,,Pakistan,507.98,1,Unknown,,03/01/2024
3943,,16/01/2024,Laptop,Electronics,931.92,1,931.92,Pakistan,931.92,1,Unknown,931.92,16/01/2024
3944,Ali Khan,06/01/2024,Chair,Furniture, ,4,,Pakistan,507.98,4,Ali Khan,,06/01/2024
3945,,29/01/2024,Table,Furniture,806.71,,,Pakistan,806.71,1,Unknown,,29/01/2024
3946,Bilal Ahmed,01/01/2024,Monitor,Electronics,,,,Pakistan,507.98,1,Bilal Ahmed,,01/01/2024
3947,Sara Ahmed,12/01/2024,Phone,Electronics, ,,,Pakistan,507.98,1,Sara Ahmed,,12/01/2024
3949,Ayesha Noor,17/01/2024,Mouse,Electronics,961.69,-1,,Pakistan,961.69,1,Ayesha Noor,,17/01/2024
3950,Usman Ali,13/01/2024,Headphones,Electronics,,,,Pakistan,507.98,1,Usman Ali,,13/01/2024
3951,Hina Khan,24/01/2024,Table,Furniture, ,4,,Pakistan,507.98,4,Hina Khan,,24/01/2024
3952,Usman Ali,28/01/2024,Phone,Electronics,685.66,,,Pakistan,685.66,1,Usman Ali,,28/01/2024
3953,Sara Ahmed,28/01/2024,Chair,Furniture, ,,,Pakistan,507.98,1,Sara Ahmed,,28/01/2024
3954,Usman Ali,18/01/2024,Headphones,Electronics,372.68,4,1490.72,Pakistan,372.68,4,Usman Ali,1490.72,18/01/2024
3955,Hina Khan,10/01/2024,Table,Furniture, ,2,,Pakistan,507.98,2,Hina Khan,,10/01/2024
3956,Usman Ali,18/01/2024,Phone,Electronics,640.28,-1,,Pakistan,640.28,1,Usman Ali,,18/01/2024
3958,Ayesha Noor,07/01/2024,Mouse,Electronics,,2,,Pakistan,507.98,2,Ayesha Noor,,07/01/2024
3959,Ayesha Noor,04/01/2024,Chair,Furniture,,3,,Pakistan,507.98,3,Ayesha Noor,,04/01/2024
3960,Bilal Ahmed,29/01/2024,Laptop,Electronics, ,1,,Pakistan,507.98,1,Bilal Ahmed,,29/01/2024
3961,Ahmed Raza,28/01/2024,Monitor,Electronics,,2,,Pakistan,507.98,2,Ahmed Raza,,28/01/2024
3963,Hina Khan,29/01/2024,Headphones,Electronics,856.87,,,Pakistan,856.87,1,Hina Khan,,29/01/2024
3964,Usman Ali,08/01/2024,Chair,Furniture,,3,,Pakistan,507.98,3,Usman Ali,,08/01/2024
3966,Ahmed Raza,20/01/2024,Table,Furniture, ,,,Pakistan,507.98,1,Ahmed Raza,,20/01/2024
3967,Ahmed Raza,15/01/2024,Keyboard,Electronics,,,,Pakistan,507.98,1,Ahmed Raza,,15/01/2024
3968,Ali Khan,09/01/2024,Monitor,Electronics,,2,,Pakistan,507.98,2,Ali Khan,,09/01/2024
3969,Ali Khan,24/01/2024,Laptop,Electronics, ,,,Pakistan,507.98,1,Ali Khan,,24/01/2024
3970,Ayesha Noor,24/01/2024,Phone,Electronics,20.05,,,Pakistan,20.05,1,Ayesha Noor,,24/01/2024
3971,,25/01/2024,Mouse,Electronics,,-1,,Pakistan,507.98,1,Unknown,,25/01/2024
3972,Ayesha Noor,10/01/2024,Table,Furniture,491.36,-1,,Pakistan,491.36,1,Ayesha Noor,,10/01/2024
3973,Ahmed Raza,12/01/2024,Table,Furniture,547.02,4,2188.08,Pakistan,547.02,4,Ahmed Raza,2188.08,12/01/2024
3977,Ahmed Raza,30/01/2024,Keyboard,Electronics,,-1,,Pakistan,507.98,1,Ahmed Raza,,30/01/2024
3978,Ali Khan,05/01/2024,Keyboard,Electronics,800.26,4,3201.04,Pakistan,800.26,4,Ali Khan,3201.04,05/01/2024
3979,Ali Khan,03/01/2024,Mouse,Electronics,342.83,4,1371.32,Pakistan,342.83,4,Ali Khan,1371.32,03/01/2024
3980,Ahmed Raza,06/01/2024,Keyboard,Electronics,,,,Pakistan,507.98,1,Ahmed Raza,,06/01/2024
3982,Ahmed Raza,04/01/2024,Headphones,Electronics,,,,Pakistan,507.98,1,Ahmed Raza,,04/01/2024
3984,Ahmed Raza,25/01/2024,Headphones,Electronics,,-1,,Pakistan,507.98,1,Ahmed Raza,,25/01/2024
3985,Hina Khan,28/01/2024,Laptop,Electronics, ,,,Pakistan,507.98,1,Hina Khan,,28/01/2024
3988,Bilal Ahmed,13/01/2024,Laptop,Electronics,,-1,,Pakistan,507.98,1,Bilal Ahmed,,13/01/2024
3989,Ahmed Raza,14/01/2024,Laptop,Electronics,,,,Pakistan,507.98,1,Ahmed Raza,,14/01/2024
3990,,14/01/2024,Table,Furniture, ,-1,,Pakistan,507.98,1,Unknown,,14/01/2024
3991,Bilal Ahmed,28/01/2024,Monitor,Electronics, ,-1,,Pakistan,507.98,1,Bilal Ahmed,,28/01/2024
3993,Ahmed Raza,06/01/2024,Mouse,Electronics,,-1,,Pakistan,507.98,1,Ahmed Raza,,06/01/2024
3994,Hina Khan,23/01/2024,Monitor,Electronics, ,3,,Pakistan,507.98,3,Hina Khan,,23/01/2024
3995,Ahmed Raza,03/01/2024,Chair,Furniture,,1,,Pakistan,507.98,1,Ahmed Raza,,03/01/2024
3996,Hina Khan,11/01/2024,Phone,Electronics,,,,Pakistan,507.98,1,Hina Khan,,11/01/2024
3997,Bilal Ahmed,26/01/2024,Chair,Furniture,,-1,,Pakistan,507.98,1,Bilal Ahmed,,26/01/2024
3998,Hina Khan,16/01/2024,Mouse,Electronics,,4,,Pakistan,507.98,4,Hina Khan,,16/01/2024
3999,Sara Ahmed,04/01/2024,Headphones,Electronics,,1,,Pakistan,507.98,1,Sara Ahmed,,04/01/2024
4000,,06/01/2024,Monitor,Electronics,,4,,Pakistan,507.98,4,Unknown,,06/01/2024
4002,Ahmed Raza,10/01/2024,Chair,Furniture, ,,,Pakistan,507.98,1,Ahmed Raza,,10/01/2024
4003,Sara Ahmed,10/01/2024,Keyboard,Electronics,633.96,2,1267.92,Pakistan,633.96,2,Sara Ahmed,1267.92,10/01/2024
4006,Usman Ali,29/01/2024,Keyboard,Electronics, ,-1,,Pakistan,507.98,1,Usman Ali,,29/01/2024
4007,Ayesha Noor,04/01/2024,Table,Furniture,795.37,,,Pakistan,795.37,1,Ayesha Noor,,04/01/2024
4009,Bilal Ahmed,02/01/2024,Monitor,Electronics, ,-1,,Pakistan,507.98,1,Bilal Ahmed,,02/01/2024
4011,Ahmed Raza,10/01/2024,Phone,Electronics,,1,,Pakistan,507.98,1,Ahmed Raza,,10/01/2024
4012,Ahmed Raza,17/01/2024,Laptop,Electronics,948.58,,,Pakistan,948.58,1,Ahmed Raza,,17/01/2024
4014,Ali Khan,02/01/2024,Table,Furniture,473.11,2,946.22,Pakistan,473.11,2,Ali Khan,946.22,02/01/2024
4016,Hina Khan,08/01/2024,Keyboard,Electronics,353.85,,,Pakistan,353.85,1,Hina Khan,,08/01/2024
4019,,02/01/2024,Keyboard,Electronics,701.37,,,Pakistan,701.37,1,Unknown,,02/01/2024
4020,Ali Khan,04/01/2024,Table,Furniture, ,,,Pakistan,507.98,1,Ali Khan,,04/01/2024
4021,Bilal Ahmed,26/01/2024,Keyboard,Electronics,,,,Pakistan,507.98,1,Bilal Ahmed,,26/01/2024
4022,Sara Ahmed,04/01/2024,Laptop,Electronics,658.17,-1,,Pakistan,658.17,1,Sara Ahmed,,04/01/2024
4023,Ali Khan,19/01/2024,Mouse,Electronics,360.78,-1,,Pakistan,360.78,1,Ali Khan,,19/01/2024
4024,,01/01/2024,Laptop,Electronics, ,2,,Pakistan,507.98,2,Unknown,,01/01/2024
4025,Usman Ali,09/01/2024,Laptop,Electronics, ,-1,,Pakistan,507.98,1,Usman Ali,,09/01/2024
4028,Sara Ahmed,18/01/2024,Headphones,Electronics, ,-1,,Pakistan,507.98,1,Sara Ahmed,,18/01/2024
4029,Ayesha Noor,21/01/2024,Chair,Furniture, ,-1,,Pakistan,507.98,1,Ayesha Noor,,21/01/2024
4030,,15/01/2024,Laptop,Electronics, ,-1,,Pakistan,507.98,1,Unknown,,15/01/2024
4031,Usman Ali,26/01/2024,Laptop,Electronics,,2,,Pakistan,507.98,2,Usman Ali,,26/01/2024
4032,,27/01/2024,Mouse,Electronics,,1,,Pakistan,507.98,1,Unknown,,27/01/2024
4033,Usman Ali,09/01/2024,Mouse,Electronics,,,,Pakistan,507.98,1,Usman Ali,,09/01/2024
4034,Usman Ali,07/01/2024,Table,Furniture,,,,Pakistan,507.98,1,Usman Ali,,07/01/2024
4035,Ayesha Noor,16/01/2024,Table,Furniture, ,,,Pakistan,507.98,1,Ayesha Noor,,16/01/2024
4036,Hina Khan,30/01/2024,Headphones,Electronics, ,-1,,Pakistan,507.98,1,Hina Khan,,30/01/2024
4037,Sara Ahmed,25/01/2024,Table,Furniture,,1,,Pakistan,507.98,1,Sara Ahmed,,25/01/2024
4038,Bilal Ahmed,22/01/2024,Keyboard,Electronics,,-1,,Pakistan,507.98,1,Bilal Ahmed,,22/01/2024
4039,Ahmed Raza,23/01/2024,Laptop,Electronics, ,3,,Pakistan,507.98,3,Ahmed Raza,,23/01/2024
4040,,17/01/2024,Chair,Furniture,,-1,,Pakistan,507.98,1,Unknown,,17/01/2024
4041,Bilal Ahmed,30/01/2024,Chair,Furniture,311.15,,,Pakistan,311.15,1,Bilal Ahmed,,30/01/2024
4044,Ahmed Raza,29/01/2024,Chair,Furniture, ,,,Pakistan,507.98,1,Ahmed Raza,,29/01/2024
4045,Ahmed Raza,06/01/2024,Chair,Furniture,837.44,-1,,Pakistan,837.44,1,Ahmed Raza,,06/01/2024
4049,Ahmed Raza,18/01/2024,Monitor,Electronics,926.17,3,2778.51,Pakistan,926.17,3,Ahmed Raza,2778.51,18/01/2024
4050,,11/01/2024,Monitor,Electronics,,,,Pakistan,507.98,1,Unknown,,11/01/2024
4051,Ali Khan,05/01/2024,Table,Furniture,702.51,,,Pakistan,702.51,1,Ali Khan,,05/01/2024
4053,Ahmed Raza,02/01/2024,Laptop,Electronics, ,,,Pakistan,507.98,1,Ahmed Raza,,02/01/2024
4054,Ayesha Noor,13/01/2024,Laptop,Electronics,,2,,Pakistan,507.98,2,Ayesha Noor,,13/01/2024
4056,Bilal Ahmed,22/01/2024,Laptop,Electronics,163.45,3,490.35,Pakistan,163.45,3,Bilal Ahmed,490.35,22/01/2024
4057,Bilal Ahmed,29/01/2024,Headphones,Electronics,,-1,,Pakistan,507.98,1,Bilal Ahmed,,29/01/2024
4058,Ayesha Noor,27/01/2024,Chair,Furniture,,,,Pakistan,507.98,1,Ayesha Noor,,27/01/2024
4059,,10/01/2024,Table,Furniture,,-1,,Pakistan,507.98,1,Unknown,,10/01/2024
4061,Ali Khan,19/01/2024,Chair,Furniture,296.75,1,296.75,Pakistan,296.75,1,Ali Khan,296.75,19/01/2024
4062,Ali Khan,22/01/2024,Laptop,Electronics, ,-1,,Pakistan,507.98,1,Ali Khan,,22/01/2024
4063,,23/01/2024,Table,Furniture,329.48,3,988.44,Pakistan,329.48,3,Unknown,988.44,23/01/2024
4065,Ali Khan,09/01/2024,Laptop,Electronics,,-1,,Pakistan,507.98,1,Ali Khan,,09/01/2024
4066,Hina Khan,24/01/2024,Monitor,Electronics,27.63,4,110.52,Pakistan,27.63,4,Hina Khan,110.52,24/01/2024
4067,Ali Khan,03/01/2024,Chair,Furniture,,,,Pakistan,507.98,1,Ali Khan,,03/01/2024
4068,Bilal Ahmed,20/01/2024,Laptop,Electronics,,-1,,Pakistan,507.98,1,Bilal Ahmed,,20/01/2024
4070,Ali Khan,28/01/2024,Laptop,Electronics, ,3,,Pakistan,507.98,3,Ali Khan,,28/01/2024
4071,Hina Khan,11/01/2024,Keyboard,Electronics,,-1,,Pakistan,507.98,1,Hina Khan,,11/01/2024
4072,Ayesha Noor,08/01/2024,Keyboard,Electronics, ,-1,,Pakistan,507.98,1,Ayesha Noor,,08/01/2024
4074,Ali Khan,07/01/2024,Mouse,Electronics,616.82,2,1233.64,Pakistan,616.82,2,Ali Khan,1233.64,07/01/2024
4075,Bilal Ahmed,05/01/2024,Laptop,Electronics,,-1,,Pakistan,507.98,1,Bilal Ahmed,,05/01/2024
4077,Ali Khan,10/01/2024,Chair,Furniture, ,1,,Pakistan,507.98,1,Ali Khan,,10/01/2024
4078,Ahmed Raza,22/01/2024,Mouse,Electronics,335.89,4,1343.56,Pakistan,335.89,4,Ahmed Raza,1343.56,22/01/2024
4079,Bilal Ahmed,15/01/2024,Monitor,Electronics, ,,,Pakistan,507.98,1,Bilal Ahmed,,15/01/2024
4081,Bilal Ahmed,25/01/2024,Keyboard,Electronics,,,,Pakistan,507.98,1,Bilal Ahmed,,25/01/2024
4082,Ali Khan,30/01/2024,Chair,Furniture,242.83,-1,,Pakistan,242.83,1,Ali Khan,,30/01/2024
4083,Ali Khan,19/01/2024,Monitor,Electronics,612.03,-1,,Pakistan,612.03,1,Ali Khan,,19/01/2024
4085,Hina Khan,07/01/2024,Table,Furniture,790.81,2,1581.62,Pakistan,790.81,2,Hina Khan,1581.62,07/01/2024
4086,,18/01/2024,Headphones,Electronics, ,,,Pakistan,507.98,1,Unknown,,18/01/2024
4087,Usman Ali,26/01/2024,Chair,Furniture, ,-1,,Pakistan,507.98,1,Usman Ali,,26/01/2024
4089,Hina Khan,30/01/2024,Monitor,Electronics, ,-1,,Pakistan,507.98,1,Hina Khan,,30/01/2024
4090,Ahmed Raza,30/01/2024,Table,Furniture, ,1,,Pakistan,507.98,1,Ahmed Raza,,30/01/2024
4091,Bilal Ahmed,15/01/2024,Table,Furniture,,-1,,Pakistan,507.98,1,Bilal Ahmed,,15/01/2024
4093,Hina Khan,26/01/2024,Monitor,Electronics,,4,,Pakistan,507.98,4,Hina Khan,,26/01/2024
4094,Ayesha Noor,15/01/2024,Phone,Electronics,,,,Pakistan,507.98,1,Ayesha Noor,,15/01/2024
4095,Ahmed Raza,23/01/2024,Mouse,Electronics, ,,,Pakistan,507.98,1,Ahmed Raza,,23/01/2024
4096,,10/01/2024,Phone,Electronics, ,,,Pakistan,507.98,1,Unknown,,10/01/2024
4098,,16/01/2024,Phone,Electronics, ,1,,Pakistan,507.98,1,Unknown,,16/01/2024
4099,Sara Ahmed,18/01/2024,Mouse,Electronics, ,4,,Pakistan,507.98,4,Sara Ahmed,,18/01/2024
4102,Usman Ali,17/01/2024,Headphones,Electronics,277.67,2,555.34,Pakistan,277.67,2,Usman Ali,555.34,17/01/2024
4104,Usman Ali,12/01/2024,Phone,Electronics, ,3,,Pakistan,507.98,3,Usman Ali,,12/01/2024
4105,Hina Khan,22/01/2024,Phone,Electronics,63.03,,,Pakistan,63.03,1,Hina Khan,,22/01/2024
4106,Hina Khan,09/01/2024,Keyboard,Electronics,817.55,3,2452.65,Pakistan,817.55,3,Hina Khan,2452.65,09/01/2024
4108,,21/01/2024,Monitor,Electronics,,,,Pakistan,507.98,1,Unknown,,21/01/2024
4109,Ayesha Noor,02/01/2024,Chair,Furniture, ,-1,,Pakistan,507.98,1,Ayesha Noor,,02/01/2024
4110,Ayesha Noor,26/01/2024,Monitor,Electronics,,-1,,Pakistan,507.98,1,Ayesha Noor,,26/01/2024
4111,Ahmed Raza,30/01/2024,Keyboard,Electronics,,,,Pakistan,507.98,1,Ahmed Raza,,30/01/2024
4112,Ali Khan,13/01/2024,Mouse,Electronics, ,3,,Pakistan,507.98,3,Ali Khan,,13/01/2024
4113,Ayesha Noor,14/01/2024,Chair,Furniture,,-1,,Pakistan,507.98,1,Ayesha Noor,,14/01/2024
4115,Ali Khan,02/01/2024,Laptop,Electronics,671.51,-1,,Pakistan,671.51,1,Ali Khan,,02/01/2024
4116,Sara Ahmed,03/01/2024,Headphones,Electronics,937.63,,,Pakistan,937.63,1,Sara Ahmed,,03/01/2024
4118,Sara Ahmed,24/01/2024,Headphones,Electronics,,4,,Pakistan,507.98,4,Sara Ahmed,,24/01/2024
4119,Ali Khan,06/01/2024,Mouse,Electronics,678.82,,,Pakistan,678.82,1,Ali Khan,,06/01/2024
4120,Ahmed Raza,17/01/2024,Table,Furniture,598.04,-1,,Pakistan,598.04,1,Ahmed Raza,,17/01/2024
4121,Usman Ali,05/01/2024,Mouse,Electronics,178.66,-1,,Pakistan,178.66,1,Usman Ali,,05/01/2024
4123,Ali Khan,10/01/2024,Table,Furniture, ,,,Pakistan,507.98,1,Ali Khan,,10/01/2024
4124,Usman Ali,03/01/2024,Headphones,Electronics, ,,,Pakistan,507.98,1,Usman Ali,,03/01/2024
4125,Ali Khan,27/01/2024,Laptop,Electronics,,,,Pakistan,507.98,1,Ali Khan,,27/01/2024
4126,Ahmed Raza,14/01/2024,Monitor,Electronics,,,,Pakistan,507.98,1,Ahmed Raza,,14/01/2024
4127,Hina Khan,01/01/2024,Chair,Furniture,,3,,Pakistan,507.98,3,Hina Khan,,01/01/2024
4128,Bilal Ahmed,06/01/2024,Headphones,Electronics, ,-1,,Pakistan,507.98,1,Bilal Ahmed,,06/01/2024
4129,Usman Ali,22/01/2024,Keyboard,Electronics,,3,,Pakistan,507.98,3,Usman Ali,,22/01/2024
4130,Ali Khan,30/01/2024,Headphones,Electronics, ,2,,Pakistan,507.98,2,Ali Khan,,30/01/2024
4131,Bilal Ahmed,17/01/2024,Monitor,Electronics, ,2,,Pakistan,507.98,2,Bilal Ahmed,,17/01/2024
4133,Usman Ali,18/01/2024,Headphones,Electronics,395.44,-1,,Pakistan,395.44,1,Usman Ali,,18/01/2024
4134,Bilal Ahmed,24/01/2024,Mouse,Electronics, ,-1,,Pakistan,507.98,1,Bilal Ahmed,,24/01/2024
4135,Sara Ahmed,14/01/2024,Mouse,Electronics, ,-1,,Pakistan,507.98,1,Sara Ahmed,,14/01/2024
4136,Ayesha Noor,19/01/2024,Chair,Furniture, ,-1,,Pakistan,507.98,1,Ayesha Noor,,19/01/2024
4137,Bilal Ahmed,15/01/2024,Phone,Electronics, ,,,Pakistan,507.98,1,Bilal Ahmed,,15/01/2024
4138,Ali Khan,24/01/2024,Table,Furniture, ,,,Pakistan,507.98,1,Ali Khan,,24/01/2024
4139,,14/01/2024,Mouse,Electronics,22.58,-1,,Pakistan,22.58,1,Unknown,,14/01/2024
4141,Ahmed Raza,09/01/2024,Laptop,Electronics,272.60,-1,,Pakistan,272.60,1,Ahmed Raza,,09/01/2024
4142,Usman Ali,26/01/2024,Chair,Furniture, ,-1,,Pakistan,507.98,1,Usman Ali,,26/01/2024
4144,Usman Ali,14/01/2024,Mouse,Electronics,473.08,2,946.16,Pakistan,473.08,2,Usman Ali,946.16,14/01/2024
4145,Ayesha Noor,16/01/2024,Laptop,Electronics,,,,Pakistan,507.98,1,Ayesha Noor,,16/01/2024
4146,Sara Ahmed,28/01/2024,Mouse,Electronics,220.39,,,Pakistan,220.39,1,Sara Ahmed,,28/01/2024
4147,Hina Khan,28/01/2024,Phone,Electronics, ,-1,,Pakistan,507.98,1,Hina Khan,,28/01/2024
4148,Ali Khan,05/01/2024,Phone,Electronics,751.33,-1,,Pakistan,751.33,1,Ali Khan,,05/01/2024
4149,Hina Khan,16/01/2024,Mouse,Electronics,37.99,-1,,Pakistan,37.99,1,Hina Khan,,16/01/2024
4150,Usman Ali,08/01/2024,Laptop,Electronics,,,,Pakistan,507.98,1,Usman Ali,,08/01/2024
4151,Usman Ali,21/01/2024,Chair,Furniture,280.06,2,560.12,Pakistan,280.06,2,Usman Ali,560.12,21/01/2024
4152,Bilal Ahmed,13/01/2024,Mouse,Electronics, ,4,,Pakistan,507.98,4,Bilal Ahmed,,13/01/2024
4153,Ayesha Noor,04/01/2024,Chair,Furniture,,-1,,Pakistan,507.98,1,Ayesha Noor,,04/01/2024
4154,Ahmed Raza,04/01/2024,Headphones,Electronics, ,-1,,Pakistan,507.98,1,Ahmed Raza,,04/01/2024
4155,,30/01/2024,Keyboard,Electronics,,1,,Pakistan,507.98,1,Unknown,,30/01/2024
4156,Ali Khan,09/01/2024,Monitor,Electronics,21.89,1,21.89,Pakistan,21.89,1,Ali Khan,21.89,09/01/2024
4157,Ahmed Raza,09/01/2024,Laptop,Electronics,737.66,3,2212.98,Pakistan,737.66,3,Ahmed Raza,2212.98,09/01/2024
4160,Hina Khan,11/01/2024,Chair,Furniture,201.50,,,Pakistan,201.50,1,Hina Khan,,11/01/2024
4162,Hina Khan,28/01/2024,Table,Furniture, ,-1,,Pakistan,507.98,1,Hina Khan,,28/01/2024
4163,Ayesha Noor,05/01/2024,Mouse,Electronics, ,,,Pakistan,507.98,1,Ayesha Noor,,05/01/2024
4164,,18/01/2024,Mouse,Electronics,,4,,Pakistan,507.98,4,Unknown,,18/01/2024
4165,Ahmed Raza,21/01/2024,Mouse,Electronics,512.09,1,512.09,Pakistan,512.09,1,Ahmed Raza,512.09,21/01/2024
4166,Ali Khan,20/01/2024,Mouse,Electronics, ,-1,,Pakistan,507.98,1,Ali Khan,,20/01/2024
4167,Hina Khan,09/01/2024,Phone,Electronics,,,,Pakistan,507.98,1,Hina Khan,,09/01/2024
4168,Bilal Ahmed,25/01/2024,Keyboard,Electronics,,-1,,Pakistan,507.98,1,Bilal Ahmed,,25/01/2024
4169,Sara Ahmed,14/01/2024,Chair,Furniture, ,,,Pakistan,507.98,1,Sara Ahmed,,14/01/2024
4170,Bilal Ahmed,14/01/2024,Chair,Furniture,319.25,,,Pakistan,319.25,1,Bilal Ahmed,,14/01/2024
4172,,18/01/2024,Keyboard,Electronics,274.36,-1,,Pakistan,274.36,1,Unknown,,18/01/2024
4173,,08/01/2024,Keyboard,Electronics,101.54,-1,,Pakistan,101.54,1,Unknown,,08/01/2024
4174,Hina Khan,05/01/2024,Chair,Furniture, ,-1,,Pakistan,507.98,1,Hina Khan,,05/01/2024
4175,Ahmed Raza,04/01/2024,Keyboard,Electronics,289.19,-1,,Pakistan,289.19,1,Ahmed Raza,,04/01/2024
4176,Usman Ali,29/01/2024,Table,Furniture,,4,,Pakistan,507.98,4,Usman Ali,,29/01/2024
4177,Usman Ali,29/01/2024,Phone,Electronics, ,,,Pakistan,507.98,1,Usman Ali,,29/01/2024
4180,Ahmed Raza,22/01/2024,Headphones,Electronics, ,,,Pakistan,507.98,1,Ahmed Raza,,22/01/2024
4181,Ali Khan,13/01/2024,Table,Furniture,260.05,2,520.1,Pakistan,260.05,2,Ali Khan,520.1,13/01/2024
4184,Ali Khan,09/01/2024,Phone,Electronics,,2,,Pakistan,507.98,2,Ali Khan,,09/01/2024
4185,Bilal Ahmed,07/01/2024,Laptop,Electronics, ,-1,,Pakistan,507.98,1,Bilal Ahmed,,07/01/2024
4186,Bilal Ahmed,14/01/2024,Keyboard,Electronics,865.77,2,1731.54,Pakistan,865.77,2,Bilal Ahmed,1731.54,14/01/2024
4187,,02/01/2024,Headphones,Electronics, ,,,Pakistan,507.98,1,Unknown,,02/01/2024
4188,Usman Ali,05/01/2024,Table,Furniture,852.05,1,852.05,Pakistan,852.05,1,Usman Ali,852.05,05/01/2024
4189,Ali Khan,09/01/2024,Headphones,Electronics, ,3,,Pakistan,507.98,3,Ali Khan,,09/01/2024
4191,Sara Ahmed,13/01/2024,Monitor,Electronics,773.08,2,1546.16,Pakistan,773.08,2,Sara Ahmed,1546.16,13/01/2024
4192,Usman Ali,19/01/2024,Chair,Furniture,,,,Pakistan,507.98,1,Usman Ali,,19/01/2024
4194,Bilal Ahmed,26/01/2024,Chair,Furniture, ,-1,,Pakistan,507.98,1,Bilal Ahmed,,26/01/2024
4196,Ahmed Raza,08/01/2024,Chair,Furniture, ,,,Pakistan,507.98,1,Ahmed Raza,,08/01/2024
4197,Ayesha Noor,20/01/2024,Chair,Furniture,200.36,-1,,Pakistan,200.36,1,Ayesha Noor,,20/01/2024
4199,Hina Khan,27/01/2024,Laptop,Electronics,,-1,,Pakistan,507.98,1,Hina Khan,,27/01/2024
4200,Ali Khan,26/01/2024,Chair,Furniture, ,-1,,Pakistan,507.98,1,Ali Khan,,26/01/2024
4201,,13/01/2024,Headphones,Electronics, ,-1,,Pakistan,507.98,1,Unknown,,13/01/2024
4203,,26/01/2024,Headphones,Electronics, ,4,,Pakistan,507.98,4,Unknown,,26/01/2024
4204,,20/01/2024,Headphones,Electronics,,,,Pakistan,507.98,1,Unknown,,20/01/2024
4205,Bilal Ahmed,17/01/2024,Mouse,Electronics, ,,,Pakistan,507.98,1,Bilal Ahmed,,17/01/2024
4206,Hina Khan,25/01/2024,Mouse,Electronics,278.68,,,Pakistan,278.68,1,Hina Khan,,25/01/2024
4207,Usman Ali,17/01/2024,Mouse,Electronics,909.53,,,Pakistan,909.53,1,Usman Ali,,17/01/2024
4208,Usman Ali,17/01/2024,Monitor,Electronics,,1,,Pakistan,507.98,1,Usman Ali,,17/01/2024
4209,Usman Ali,27/01/2024,Table,Furniture,110.01,4,440.04,Pakistan,110.01,4,Usman Ali,440.04,27/01/2024
4210,Bilal Ahmed,01/01/2024,Mouse,Electronics,,-1,,Pakistan,507.98,1,Bilal Ahmed,,01/01/2024
4212,Ali Khan,23/01/2024,Table,Furniture, ,,,Pakistan,507.98,1,Ali Khan,,23/01/2024
4213,Bilal Ahmed,26/01/2024,Monitor,Electronics,,,,Pakistan,507.98,1,Bilal Ahmed,,26/01/2024
4214,Ali Khan,13/01/2024,Laptop,Electronics,,1,,Pakistan,507.98,1,Ali Khan,,13/01/2024
4216,Sara Ahmed,15/01/2024,Mouse,Electronics,,,,Pakistan,507.98,1,Sara Ahmed,,15/01/2024
4217,Hina Khan,02/01/2024,Headphones,Electronics,577.77,-1,,Pakistan,577.77,1,Hina Khan,,02/01/2024
4219,Ayesha Noor,20/01/2024,Chair,Furniture, ,,,Pakistan,507.98,1,Ayesha Noor,,20/01/2024
4220,Bilal Ahmed,29/01/2024,Monitor,Electronics, ,-1,,Pakistan,507.98,1,Bilal Ahmed,,29/01/2024
4221,Bilal Ahmed,18/01/2024,Headphones,Electronics,774.53,-1,,Pakistan,774.53,1,Bilal Ahmed,,18/01/2024
4222,Ali Khan,24/01/2024,Laptop,Electronics,375.18,-1,,Pakistan,375.18,1,Ali Khan,,24/01/2024
4223,,07/01/2024,Table,Furniture,194.02,-1,,Pakistan,194.02,1,Unknown,,07/01/2024
4224,,05/01/2024,Headphones,Electronics,576.47,,,Pakistan,576.47,1,Unknown,,05/01/2024
4226,,02/01/2024,Monitor,Electronics,401.98,,,Pakistan,401.98,1,Unknown,,02/01/2024
4229,Sara Ahmed,03/01/2024,Mouse,Electronics,,,,Pakistan,507.98,1,Sara Ahmed,,03/01/2024
4230,,14/01/2024,Monitor,Electronics,,,,Pakistan,507.98,1,Unknown,,14/01/2024
4231,Ayesha Noor,10/01/2024,Chair,Furniture,,,,Pakistan,507.98,1,Ayesha Noor,,10/01/2024
4232,Ali Khan,24/01/2024,Mouse,Electronics,714.01,1,714.01,Pakistan,714.01,1,Ali Khan,714.01,24/01/2024
4233,Sara Ahmed,08/01/2024,Chair,Furniture, ,,,Pakistan,507.98,1,Sara Ahmed,,08/01/2024
4234,,05/01/2024,Headphones,Electronics, ,3,,Pakistan,507.98,3,Unknown,,05/01/2024
4235,,19/01/2024,Mouse,Electronics,51.47,,,Pakistan,51.47,1,Unknown,,19/01/2024
4237,Sara Ahmed,04/01/2024,Monitor,Electronics,,-1,,Pakistan,507.98,1,Sara Ahmed,,04/01/2024
4238,Usman Ali,02/01/2024,Chair,Furniture, ,4,,Pakistan,507.98,4,Usman Ali,,02/01/2024
4240,Usman Ali,08/01/2024,Headphones,Electronics, ,-1,,Pakistan,507.98,1,Usman Ali,,08/01/2024
4241,Sara Ahmed,23/01/2024,Phone,Electronics, ,4,,Pakistan,507.98,4,Sara Ahmed,,23/01/2024
4242,Ali Khan,23/01/2024,Mouse,Electronics,587.79,,,Pakistan,587.79,1,Ali Khan,,23/01/2024
4243,Hina Khan,22/01/2024,Laptop,Electronics,985.17,-1,,Pakistan,985.17,1,Hina Khan,,22/01/2024
4245,Ali Khan,01/01/2024,Monitor,Electronics, ,,,Pakistan,507.98,1,Ali Khan,,01/01/2024
4246,Sara Ahmed,29/01/2024,Keyboard,Electronics,,1,,Pakistan,507.98,1,Sara Ahmed,,29/01/2024
4248,Ali Khan,14/01/2024,Table,Furniture,,-1,,Pakistan,507.98,1,Ali Khan,,14/01/2024
4249,Bilal Ahmed,19/01/2024,Headphones,Electronics,894.89,-1,,Pakistan,894.89,1,Bilal Ahmed,,19/01/2024
4250,,05/01/2024,Mouse,Electronics, ,-1,,Pakistan,507.98,1,Unknown,,05/01/2024
4251,Ayesha Noor,04/01/2024,Laptop,Electronics,354.20,-1,,Pakistan,354.20,1,Ayesha Noor,,04/01/2024
4252,,02/01/2024,Phone,Electronics,,,,Pakistan,507.98,1,Unknown,,02/01/2024
4254,Bilal Ahmed,27/01/2024,Table,Furniture,463.71,4,1854.84,Pakistan,463.71,4,Bilal Ahmed,1854.84,27/01/2024
4255,Usman Ali,22/01/2024,Headphones,Electronics,748.05,-1,,Pakistan,748.05,1,Usman Ali,,22/01/2024
4257,,14/01/2024,Keyboard,Electronics,350.26,,,Pakistan,350.26,1,Unknown,,14/01/2024
4258,Usman Ali,04/01/2024,Mouse,Electronics, ,-1,,Pakistan,507.98,1,Usman Ali,,04/01/2024
4259,Ali Khan,01/01/2024,Table,Furniture,910.65,4,3642.6,Pakistan,910.65,4,Ali Khan,3642.6,01/01/2024
4262,Usman Ali,19/01/2024,Keyboard,Electronics, ,,,Pakistan,507.98,1,Usman Ali,,19/01/2024
4263,Bilal Ahmed,08/01/2024,Laptop,Electronics, ,-1,,Pakistan,507.98,1,Bilal Ahmed,,08/01/2024
4264,Bilal Ahmed,09/01/2024,Headphones,Electronics, ,,,Pakistan,507.98,1,Bilal Ahmed,,09/01/2024
4265,Sara Ahmed,10/01/2024,Table,Furniture, ,,,Pakistan,507.98,1,Sara Ahmed,,10/01/2024
4268,Usman Ali,20/01/2024,Headphones,Electronics,521.66,,,Pakistan,521.66,1,Usman Ali,,20/01/2024
4270,Ali Khan,15/01/2024,Keyboard,Electronics,502.27,2,1004.54,Pakistan,502.27,2,Ali Khan,1004.54,15/01/2024
4271,Bilal Ahmed,17/01/2024,Phone,Electronics, ,-1,,Pakistan,507.98,1,Bilal Ahmed,,17/01/2024
4272,,08/01/2024,Headphones,Electronics,,-1,,Pakistan,507.98,1,Unknown,,08/01/2024
4274,Ali Khan,30/01/2024,Keyboard,Electronics, ,2,,Pakistan,507.98,2,Ali Khan,,30/01/2024
4275,Ali Khan,09/01/2024,Phone,Electronics,688.20,3,2064.6,Pakistan,688.20,3,Ali Khan,2064.6,09/01/2024
4278,Ahmed Raza,24/01/2024,Laptop,Electronics,83.90,,,Pakistan,83.90,1,Ahmed Raza,,24/01/2024
4279,Ali Khan,22/01/2024,Monitor,Electronics, ,,,Pakistan,507.98,1,Ali Khan,,22/01/2024
4281,Hina Khan,28/01/2024,Mouse,Electronics, ,4,,Pakistan,507.98,4,Hina Khan,,28/01/2024
4282,Sara Ahmed,04/01/2024,Phone,Electronics, ,-1,,Pakistan,507.98,1,Sara Ahmed,,04/01/2024
4283,Usman Ali,16/01/2024,Phone,Electronics,,4,,Pakistan,507.98,4,Usman Ali,,16/01/2024
4285,Usman Ali,17/01/2024,Mouse,Electronics,,,,Pakistan,507.98,1,Usman Ali,,17/01/2024
4286,Hina Khan,07/01/2024,Laptop,Electronics, ,2,,Pakistan,507.98,2,Hina Khan,,07/01/2024
4288,Usman Ali,22/01/2024,Phone,Electronics, ,4,,Pakistan,507.98,4,Usman Ali,,22/01/2024
4289,Ahmed Raza,09/01/2024,Laptop,Electronics,486.11,,,Pakistan,486.11,1,Ahmed Raza,,09/01/2024
4290,Ali Khan,15/01/2024,Table,Furniture,551.29,-1,,Pakistan,551.29,1,Ali Khan,,15/01/2024
4292,Ayesha Noor,19/01/2024,Table,Furniture,,-1,,Pakistan,507.98,1,Ayesha Noor,,19/01/2024
4293,Hina Khan,22/01/2024,Phone,Electronics,346.42,-1,,Pakistan,346.42,1,Hina Khan,,22/01/2024
4298,Bilal Ahmed,23/01/2024,Monitor,Electronics,722.22,,,Pakistan,722.22,1,Bilal Ahmed,,23/01/2024
4299,Usman Ali,20/01/2024,Mouse,Electronics,,4,,Pakistan,507.98,4,Usman Ali,,20/01/2024
4300,Ayesha Noor,20/01/2024,Mouse,Electronics,728.44,-1,,Pakistan,728.44,1,Ayesha Noor,,20/01/2024
4301,Bilal Ahmed,07/01/2024,Monitor,Electronics,488.54,,,Pakistan,488.54,1,Bilal Ahmed,,07/01/2024
4303,Usman Ali,30/01/2024,Keyboard,Electronics, ,,,Pakistan,507.98,1,Usman Ali,,30/01/2024
4304,Ayesha Noor,29/01/2024,Monitor,Electronics,,,,Pakistan,507.98,1,Ayesha Noor,,29/01/2024
4305,Ali Khan,15/01/2024,Mouse,Electronics,,1,,Pakistan,507.98,1,Ali Khan,,15/01/2024
4308,Ali Khan,01/01/2024,Mouse,Electronics, ,-1,,Pakistan,507.98,1,Ali Khan,,01/01/2024
4309,Sara Ahmed,05/01/2024,Phone,Electronics,654.72,-1,,Pakistan,654.72,1,Sara Ahmed,,05/01/2024
4310,,28/01/2024,Mouse,Electronics,,,,Pakistan,507.98,1,Unknown,,28/01/2024
4311,Ahmed Raza,24/01/2024,Laptop,Electronics, ,,,Pakistan,507.98,1,Ahmed Raza,,24/01/2024
4314,Usman Ali,20/01/2024,Phone,Electronics, ,-1,,Pakistan,507.98,1,Usman Ali,,20/01/2024
4315,Hina Khan,18/01/2024,Chair,Furniture,,-1,,Pakistan,507.98,1,Hina Khan,,18/01/2024
4317,Ali Khan,30/01/2024,Mouse,Electronics, ,,,Pakistan,507.98,1,Ali Khan,,30/01/2024
4319,Ayesha Noor,16/01/2024,Table,Furniture,,-1,,Pakistan,507.98,1,Ayesha Noor,,16/01/2024
4320,Bilal Ahmed,03/01/2024,Laptop,Electronics,,1,,Pakistan,507.98,1,Bilal Ahmed,,03/01/2024
4322,Ali Khan,10/01/2024,Mouse,Electronics,,-1,,Pakistan,507.98,1,Ali Khan,,10/01/2024
4324,Ahmed Raza,21/01/2024,Phone,Electronics, ,-1,,Pakistan,507.98,1,Ahmed Raza,,21/01/2024
4325,Ali Khan,16/01/2024,Laptop,Electronics,,1,,Pakistan,507.98,1,Ali Khan,,16/01/2024
4326,Bilal Ahmed,26/01/2024,Chair,Furniture, ,,,Pakistan,507.98,1,Bilal Ahmed,,26/01/2024
4328,Sara Ahmed,22/01/2024,Phone,Electronics,,2,,Pakistan,507.98,2,Sara Ahmed,,22/01/2024
4329,Usman Ali,11/01/2024,Monitor,Electronics,,,,Pakistan,507.98,1,Usman Ali,,11/01/2024
4330,Ali Khan,03/01/2024,Laptop,Electronics,,,,Pakistan,507.98,1,Ali Khan,,03/01/2024
4331,Bilal Ahmed,06/01/2024,Monitor,Electronics, ,3,,Pakistan,507.98,3,Bilal Ahmed,,06/01/2024
4332,Ali Khan,03/01/2024,Headphones,Electronics,997.96,2,1995.92,Pakistan,997.96,2,Ali Khan,1995.92,03/01/2024
4333,Ahmed Raza,29/01/2024,Keyboard,Electronics,909.87,-1,,Pakistan,909.87,1,Ahmed Raza,,29/01/2024
4334,Ahmed Raza,12/01/2024,Table,Furniture,976.88,-1,,Pakistan,976.88,1,Ahmed Raza,,12/01/2024
4335,Ahmed Raza,21/01/2024,Chair,Furniture, ,-1,,Pakistan,507.98,1,Ahmed Raza,,21/01/2024
4336,Hina Khan,24/01/2024,Keyboard,Electronics, ,4,,Pakistan,507.98,4,Hina Khan,,24/01/2024
4337,Hina Khan,21/01/2024,Headphones,Electronics, ,1,,Pakistan,507.98,1,Hina Khan,,21/01/2024
4338,Sara Ahmed,17/01/2024,Mouse,Electronics,,,,Pakistan,507.98,1,Sara Ahmed,,17/01/2024
4339,Ahmed Raza,07/01/2024,Headphones,Electronics,78.43,,,Pakistan,78.43,1,Ahmed Raza,,07/01/2024
4340,Ahmed Raza,15/01/2024,Phone,Electronics,875.02,,,Pakistan,875.02,1,Ahmed Raza,,15/01/2024
4342,Sara Ahmed,19/01/2024,Chair,Furniture,790.64,-1,,Pakistan,790.64,1,Sara Ahmed,,19/01/2024
4344,Usman Ali,30/01/2024,Monitor,Electronics, ,2,,Pakistan,507.98,2,Usman Ali,,30/01/2024
4347,Bilal Ahmed,04/01/2024,Headphones,Electronics,,-1,,Pakistan,507.98,1,Bilal Ahmed,,04/01/2024
4348,Hina Khan,14/01/2024,Chair,Furniture,,,,Pakistan,507.98,1,Hina Khan,,14/01/2024
4349,Hina Khan,06/01/2024,Headphones,Electronics, ,-1,,Pakistan,507.98,1,Hina Khan,,06/01/2024
4350,Sara Ahmed,06/01/2024,Monitor,Electronics,,-1,,Pakistan,507.98,1,Sara Ahmed,,06/01/2024
4351,Hina Khan,19/01/2024,Mouse,Electronics, ,-1,,Pakistan,507.98,1,Hina Khan,,19/01/2024
4352,Usman Ali,01/01/2024,Phone,Electronics, ,-1,,Pakistan,507.98,1,Usman Ali,,01/01/2024
4355,Ayesha Noor,11/01/2024,Table,Furniture, ,-1,,Pakistan,507.98,1,Ayesha Noor,,11/01/2024
4358,Hina Khan,22/01/2024,Laptop,Electronics,895.57,-1,,Pakistan,895.57,1,Hina Khan,,22/01/2024
4360,Sara Ahmed,05/01/2024,Table,Furniture,507.20,,,Pakistan,507.20,1,Sara Ahmed,,05/01/2024
4361,Ahmed Raza,08/01/2024,Mouse,Electronics,950.00,,,Pakistan,950.00,1,Ahmed Raza,,08/01/2024
4362,Ahmed Raza,09/01/2024,Table,Furniture,411.96,,,Pakistan,411.96,1,Ahmed Raza,,09/01/2024
4363,Hina Khan,24/01/2024,Phone,Electronics,,,,Pakistan,507.98,1,Hina Khan,,24/01/2024
4364,Bilal Ahmed,19/01/2024,Laptop,Electronics, ,-1,,Pakistan,507.98,1,Bilal Ahmed,,19/01/2024
4365,Ahmed Raza,11/01/2024,Laptop,Electronics,,,,Pakistan,507.98,1,Ahmed Raza,,11/01/2024
4366,Ahmed Raza,15/01/2024,Mouse,Electronics, ,3,,Pakistan,507.98,3,Ahmed Raza,,15/01/2024
4367,Bilal Ahmed,13/01/2024,Monitor,Electronics,90.97,,,Pakistan,90.97,1,Bilal Ahmed,,13/01/2024
4369,Usman Ali,23/01/2024,Mouse,Electronics,649.90,-1,,Pakistan,649.90,1,Usman Ali,,23/01/2024
4370,Usman Ali,03/01/2024,Chair,Furniture,,,,Pakistan,507.98,1,Usman Ali,,03/01/2024
4371,,30/01/2024,Table,Furniture,307.05,,,Pakistan,307.05,1,Unknown,,30/01/2024
4372,Bilal Ahmed,27/01/2024,Chair,Furniture,849.98,-1,,Pakistan,849.98,1,Bilal Ahmed,,27/01/2024
4373,Bilal Ahmed,04/01/2024,Laptop,Electronics,891.66,,,Pakistan,891.66,1,Bilal Ahmed,,04/01/2024
4374,,14/01/2024,Monitor,Electronics,,2,,Pakistan,507.98,2,Unknown,,14/01/2024
4375,Bilal Ahmed,24/01/2024,Headphones,Electronics, ,-1,,Pakistan,507.98,1,Bilal Ahmed,,24/01/2024
4376,Hina Khan,04/01/2024,Mouse,Electronics,,,,Pakistan,507.98,1,Hina Khan,,04/01/2024
4377,Ayesha Noor,06/01/2024,Headphones,Electronics, ,4,,Pakistan,507.98,4,Ayesha Noor,,06/01/2024
4378,Ayesha Noor,27/01/2024,Mouse,Electronics, ,4,,Pakistan,507.98,4,Ayesha Noor,,27/01/2024
4380,Bilal Ahmed,23/01/2024,Table,Furniture,,-1,,Pakistan,507.98,1,Bilal Ahmed,,23/01/2024
4381,,10/01/2024,Mouse,Electronics, ,,,Pakistan,507.98,1,Unknown,,10/01/2024
4382,Bilal Ahmed,06/01/2024,Table,Furniture,,1,,Pakistan,507.98,1,Bilal Ahmed,,06/01/2024
4386,Usman Ali,14/01/2024,Headphones,Electronics,,2,,Pakistan,507.98,2,Usman Ali,,14/01/2024
4387,Bilal Ahmed,25/01/2024,Monitor,Electronics,,,,Pakistan,507.98,1,Bilal Ahmed,,25/01/2024
4388,Bilal Ahmed,17/01/2024,Headphones,Electronics, ,3,,Pakistan,507.98,3,Bilal Ahmed,,17/01/2024
4389,Hina Khan,27/01/2024,Table,Furniture, ,-1,,Pakistan,507.98,1,Hina Khan,,27/01/2024
4390,Bilal Ahmed,19/01/2024,Monitor,Electronics, ,,,Pakistan,507.98,1,Bilal Ahmed,,19/01/2024
4391,Sara Ahmed,17/01/2024,Keyboard,Electronics,121.66,4,486.64,Pakistan,121.66,4,Sara Ahmed,486.64,17/01/2024
4392,Hina Khan,12/01/2024,Headphones,Electronics, ,-1,,Pakistan,507.98,1,Hina Khan,,12/01/2024
4393,Ali Khan,10/01/2024,Monitor,Electronics, ,4,,Pakistan,507.98,4,Ali Khan,,10/01/2024
4395,Ahmed Raza,13/01/2024,Phone,Electronics,,-1,,Pakistan,507.98,1,Ahmed Raza,,13/01/2024
4397,,09/01/2024,Mouse,Electronics,800.37,,,Pakistan,800.37,1,Unknown,,09/01/2024
4398,Ali Khan,21/01/2024,Mouse,Electronics,522.62,-1,,Pakistan,522.62,1,Ali Khan,,21/01/2024
4399,,23/01/2024,Table,Furniture,564.94,,,Pakistan,564.94,1,Unknown,,23/01/2024
4400,Ahmed Raza,15/01/2024,Table,Furniture,,1,,Pakistan,507.98,1,Ahmed Raza,,15/01/2024
4401,Hina Khan,24/01/2024,Table,Furniture, ,,,Pakistan,507.98,1,Hina Khan,,24/01/2024
4402,Usman Ali,28/01/2024,Keyboard,Electronics,,,,Pakistan,507.98,1,Usman Ali,,28/01/2024
4403,,27/01/2024,Mouse,Electronics,,-1,,Pakistan,507.98,1,Unknown,,27/01/2024
4404,Usman Ali,30/01/2024,Table,Furniture, ,,,Pakistan,507.98,1,Usman Ali,,30/01/2024
4405,Ahmed Raza,21/01/2024,Keyboard,Electronics, ,-1,,Pakistan,507.98,1,Ahmed Raza,,21/01/2024
4408,Ali Khan,09/01/2024,Table,Furniture,571.40,-1,,Pakistan,571.40,1,Ali Khan,,09/01/2024
4409,Hina Khan,06/01/2024,Chair,Furniture,,4,,Pakistan,507.98,4,Hina Khan,,06/01/2024
4410,Bilal Ahmed,20/01/2024,Headphones,Electronics,,-1,,Pakistan,507.98,1,Bilal Ahmed,,20/01/2024
4411,Hina Khan,23/01/2024,Table,Furniture,,1,,Pakistan,507.98,1,Hina Khan,,23/01/2024
4413,Ahmed Raza,07/01/2024,Mouse,Electronics, ,3,,Pakistan,507.98,3,Ahmed Raza,,07/01/2024
4414,Bilal Ahmed,27/01/2024,Headphones,Electronics,39.62,,,Pakistan,39.62,1,Bilal Ahmed,,27/01/2024
4416,Ahmed Raza,22/01/2024,Phone,Electronics,,-1,,Pakistan,507.98,1,Ahmed Raza,,22/01/2024
4417,,13/01/2024,Headphones,Electronics,929.95,,,Pakistan,929.95,1,Unknown,,13/01/2024
4418,Usman Ali,14/01/2024,Keyboard,Electronics, ,2,,Pakistan,507.98,2,Usman Ali,,14/01/2024
4419,Ahmed Raza,21/01/2024,Keyboard,Electronics,286.11,3,858.33,Pakistan,286.11,3,Ahmed Raza,858.33,21/01/2024
4422,,20/01/2024,Keyboard,Electronics, ,2,,Pakistan,507.98,2,Unknown,,20/01/2024
4424,Sara Ahmed,07/01/2024,Chair,Furniture,,,,Pakistan,507.98,1,Sara Ahmed,,07/01/2024
4425,Usman Ali,03/01/2024,Laptop,Electronics,,-1,,Pakistan,507.98,1,Usman Ali,,03/01/2024
4427,Ali Khan,02/01/2024,Table,Furniture,,1,,Pakistan,507.98,1,Ali Khan,,02/01/2024
4428,Ali Khan,09/01/2024,Headphones,Electronics,668.08,-1,,Pakistan,668.08,1,Ali Khan,,09/01/2024
4429,Sara Ahmed,18/01/2024,Table,Furniture, ,-1,,Pakistan,507.98,1,Sara Ahmed,,18/01/2024
4433,,04/01/2024,Monitor,Electronics, ,,,Pakistan,507.98,1,Unknown,,04/01/2024
4434,Usman Ali,14/01/2024,Mouse,Electronics, ,4,,Pakistan,507.98,4,Usman Ali,,14/01/2024
4435,Ahmed Raza,24/01/2024,Keyboard,Electronics,,,,Pakistan,507.98,1,Ahmed Raza,,24/01/2024
4436,Usman Ali,22/01/2024,Monitor,Electronics,,4,,Pakistan,507.98,4,Usman Ali,,22/01/2024
4437,Hina Khan,24/01/2024,Keyboard,Electronics,624.95,,,Pakistan,624.95,1,Hina Khan,,24/01/2024
4438,Ayesha Noor,05/01/2024,Table,Furniture,,4,,Pakistan,507.98,4,Ayesha Noor,,05/01/2024
4439,Ahmed Raza,09/01/2024,Phone,Electronics, ,,,Pakistan,507.98,1,Ahmed Raza,,09/01/2024
4440,Ali Khan,15/01/2024,Chair,Furniture, ,,,Pakistan,507.98,1,Ali Khan,,15/01/2024
4441,Bilal Ahmed,08/01/2024,Laptop,Electronics, ,2,,Pakistan,507.98,2,Bilal Ahmed,,08/01/2024
4443,Usman Ali,18/01/2024,Monitor,Electronics,983.97,-1,,Pakistan,983.97,1,Usman Ali,,18/01/2024
4444,Usman Ali,07/01/2024,Phone,Electronics,,1,,Pakistan,507.98,1,Usman Ali,,07/01/2024
4445,,07/01/2024,Table,Furniture,,4,,Pakistan,507.98,4,Unknown,,07/01/2024
4446,Usman Ali,20/01/2024,Mouse,Electronics,,-1,,Pakistan,507.98,1,Usman Ali,,20/01/2024
4448,Bilal Ahmed,02/01/2024,Laptop,Electronics,,3,,Pakistan,507.98,3,Bilal Ahmed,,02/01/2024
4449,Ali Khan,07/01/2024,Phone,Electronics,,,,Pakistan,507.98,1,Ali Khan,,07/01/2024
4450,Hina Khan,09/01/2024,Table,Furniture,,,,Pakistan,507.98,1,Hina Khan,,09/01/2024
4451,Bilal Ahmed,27/01/2024,Keyboard,Electronics, ,,,Pakistan,507.98,1,Bilal Ahmed,,27/01/2024
4452,Ali Khan,11/01/2024,Mouse,Electronics,,3,,Pakistan,507.98,3,Ali Khan,,11/01/2024
4453,Sara Ahmed,12/01/2024,Chair,Furniture, ,-1,,Pakistan,507.98,1,Sara Ahmed,,12/01/2024
4454,Usman Ali,25/01/2024,Chair,Furniture, ,-1,,Pakistan,507.98,1,Usman Ali,,25/01/2024
4455,Ali Khan,22/01/2024,Chair,Furniture,121.93,-1,,Pakistan,121.93,1,Ali Khan,,22/01/2024
4456,Usman Ali,17/01/2024,Mouse,Electronics, ,,,Pakistan,507.98,1,Usman Ali,,17/01/2024
4457,Sara Ahmed,22/01/2024,Table,Furniture,86.98,,,Pakistan,86.98,1,Sara Ahmed,,22/01/2024
4458,Hina Khan,14/01/2024,Monitor,Electronics, ,,,Pakistan,507.98,1,Hina Khan,,14/01/2024
4463,Ali Khan,17/01/2024,Mouse,Electronics,666.19,,,Pakistan,666.19,1,Ali Khan,,17/01/2024
4464,Usman Ali,27/01/2024,Headphones,Electronics, ,,,Pakistan,507.98,1,Usman Ali,,27/01/2024
4465,Bilal Ahmed,24/01/2024,Table,Furniture,,1,,Pakistan,507.98,1,Bilal Ahmed,,24/01/2024
4467,Ayesha Noor,01/01/2024,Table,Furniture,112.97,,,Pakistan,112.97,1,Ayesha Noor,,01/01/2024
4468,Sara Ahmed,10/01/2024,Table,Furniture,,1,,Pakistan,507.98,1,Sara Ahmed,,10/01/2024
4469,Bilal Ahmed,27/01/2024,Laptop,Electronics, ,-1,,Pakistan,507.98,1,Bilal Ahmed,,27/01/2024
4470,Ahmed Raza,04/01/2024,Mouse,Electronics,,,,Pakistan,507.98,1,Ahmed Raza,,04/01/2024
4471,Sara Ahmed,11/01/2024,Mouse,Electronics, ,1,,Pakistan,507.98,1,Sara Ahmed,,11/01/2024
4472,Sara Ahmed,24/01/2024,Monitor,Electronics,496.68,3,1490.04,Pakistan,496.68,3,Sara Ahmed,1490.04,24/01/2024
4473,Usman Ali,17/01/2024,Keyboard,Electronics,182.09,-1,,Pakistan,182.09,1,Usman Ali,,17/01/2024
4475,Hina Khan,06/01/2024,Mouse,Electronics,835.25,-1,,Pakistan,835.25,1,Hina Khan,,06/01/2024
4476,Ali Khan,21/01/2024,Phone,Electronics,276.26,,,Pakistan,276.26,1,Ali Khan,,21/01/2024
4477,Ayesha Noor,20/01/2024,Table,Furniture,,,,Pakistan,507.98,1,Ayesha Noor,,20/01/2024
4478,Ahmed Raza,17/01/2024,Phone,Electronics,,2,,Pakistan,507.98,2,Ahmed Raza,,17/01/2024
4479,Ali Khan,21/01/2024,Keyboard,Electronics,,-1,,Pakistan,507.98,1,Ali Khan,,21/01/2024
4481,Hina Khan,28/01/2024,Monitor,Electronics,638.16,-1,,Pakistan,638.16,1,Hina Khan,,28/01/2024
4483,Ali Khan,22/01/2024,Keyboard,Electronics,,3,,Pakistan,507.98,3,Ali Khan,,22/01/2024
4484,Ahmed Raza,12/01/2024,Phone,Electronics,,3,,Pakistan,507.98,3,Ahmed Raza,,12/01/2024
4485,Bilal Ahmed,16/01/2024,Table,Furniture,180.86,4,723.44,Pakistan,180.86,4,Bilal Ahmed,723.44,16/01/2024
4487,Ayesha Noor,11/01/2024,Laptop,Electronics, ,2,,Pakistan,507.98,2,Ayesha Noor,,11/01/2024
4488,,09/01/2024,Mouse,Electronics, ,-1,,Pakistan,507.98,1,Unknown,,09/01/2024
4489,,10/01/2024,Headphones,Electronics, ,-1,,Pakistan,507.98,1,Unknown,,10/01/2024
4490,Ali Khan,05/01/2024,Keyboard,Electronics,,-1,,Pakistan,507.98,1,Ali Khan,,05/01/2024
4491,Ayesha Noor,26/01/2024,Chair,Furniture,,,,Pakistan,507.98,1,Ayesha Noor,,26/01/2024
4492,Sara Ahmed,14/01/2024,Chair,Furniture,651.90,,,Pakistan,651.90,1,Sara Ahmed,,14/01/2024
4493,Sara Ahmed,11/01/2024,Table,Furniture,943.50,3,2830.5,Pakistan,943.50,3,Sara Ahmed,2830.5,11/01/2024
4494,Usman Ali,02/01/2024,Headphones,Electronics,182.67,4,730.68,Pakistan,182.67,4,Usman Ali,730.68,02/01/2024
4497,Ali Khan,11/01/2024,Phone,Electronics,642.75,3,1928.25,Pakistan,642.75,3,Ali Khan,1928.25,11/01/2024
4500,Ali Khan,09/01/2024,Chair,Furniture, ,1,,Pakistan,507.98,1,Ali Khan,,09/01/2024
4502,Hina Khan,21/01/2024,Monitor,Electronics,215.66,,,Pakistan,215.66,1,Hina Khan,,21/01/2024
4503,Ali Khan,03/01/2024,Headphones,Electronics,557.97,-1,,Pakistan,557.97,1,Ali Khan,,03/01/2024
4504,,15/01/2024,Mouse,Electronics,,-1,,Pakistan,507.98,1,Unknown,,15/01/2024
4505,Sara Ahmed,15/01/2024,Laptop,Electronics,,,,Pakistan,507.98,1,Sara Ahmed,,15/01/2024
4506,Bilal Ahmed,01/01/2024,Headphones,Electronics,305.75,-1,,Pakistan,305.75,1,Bilal Ahmed,,01/01/2024
4507,Hina Khan,16/01/2024,Headphones,Electronics, ,-1,,Pakistan,507.98,1,Hina Khan,,16/01/2024
4508,,18/01/2024,Table,Furniture,,-1,,Pakistan,507.98,1,Unknown,,18/01/2024
4510,Hina Khan,05/01/2024,Keyboard,Electronics,122.55,,,Pakistan,122.55,1,Hina Khan,,05/01/2024
4512,Ayesha Noor,17/01/2024,Mouse,Electronics, ,-1,,Pakistan,507.98,1,Ayesha Noor,,17/01/2024
4514,Bilal Ahmed,24/01/2024,Chair,Furniture, ,2,,Pakistan,507.98,2,Bilal Ahmed,,24/01/2024
4515,Ahmed Raza,16/01/2024,Chair,Furniture,990.46,-1,,Pakistan,990.46,1,Ahmed Raza,,16/01/2024
4516,Bilal Ahmed,10/01/2024,Keyboard,Electronics, ,-1,,Pakistan,507.98,1,Bilal Ahmed,,10/01/2024
4518,Ali Khan,19/01/2024,Headphones,Electronics,564.72,-1,,Pakistan,564.72,1,Ali Khan,,19/01/2024
4522,Ahmed Raza,22/01/2024,Monitor,Electronics, ,,,Pakistan,507.98,1,Ahmed Raza,,22/01/2024
4523,Ayesha Noor,17/01/2024,Phone,Electronics, ,-1,,Pakistan,507.98,1,Ayesha Noor,,17/01/2024
4524,Bilal Ahmed,07/01/2024,Laptop,Electronics, ,3,,Pakistan,507.98,3,Bilal Ahmed,,07/01/2024
4525,Ali Khan,10/01/2024,Table,Furniture, ,4,,Pakistan,507.98,4,Ali Khan,,10/01/2024
4526,Ali Khan,06/01/2024,Chair,Furniture,177.17,3,531.51,Pakistan,177.17,3,Ali Khan,531.51,06/01/2024
4527,Ali Khan,21/01/2024,Monitor,Electronics,170.55,,,Pakistan,170.55,1,Ali Khan,,21/01/2024
4528,,13/01/2024,Phone,Electronics, ,,,Pakistan,507.98,1,Unknown,,13/01/2024
4530,Hina Khan,07/01/2024,Laptop,Electronics,,2,,Pakistan,507.98,2,Hina Khan,,07/01/2024
4531,Ali Khan,02/01/2024,Headphones,Electronics, ,-1,,Pakistan,507.98,1,Ali Khan,,02/01/2024
4532,Ayesha Noor,13/01/2024,Keyboard,Electronics, ,2,,Pakistan,507.98,2,Ayesha Noor,,13/01/2024
4533,Ahmed Raza,10/01/2024,Table,Furniture, ,,,Pakistan,507.98,1,Ahmed Raza,,10/01/2024
4534,Ahmed Raza,19/01/2024,Table,Furniture, ,-1,,Pakistan,507.98,1,Ahmed Raza,,19/01/2024
4535,Ahmed Raza,27/01/2024,Headphones,Electronics,432.43,1,432.43,Pakistan,432.43,1,Ahmed Raza,432.43,27/01/2024
4536,Sara Ahmed,07/01/2024,Phone,Electronics, ,4,,Pakistan,507.98,4,Sara Ahmed,,07/01/2024
4537,Hina Khan,04/01/2024,Monitor,Electronics,629.87,-1,,Pakistan,629.87,1,Hina Khan,,04/01/2024
4538,Usman Ali,09/01/2024,Chair,Furniture,,1,,Pakistan,507.98,1,Usman Ali,,09/01/2024
4539,Hina Khan,03/01/2024,Phone,Electronics, ,,,Pakistan,507.98,1,Hina Khan,,03/01/2024
4540,Ayesha Noor,15/01/2024,Phone,Electronics, ,-1,,Pakistan,507.98,1,Ayesha Noor,,15/01/2024
4544,Sara Ahmed,13/01/2024,Monitor,Electronics,749.29,2,1498.58,Pakistan,749.29,2,Sara Ahmed,1498.58,13/01/2024
4545,Bilal Ahmed,11/01/2024,Headphones,Electronics,182.56,-1,,Pakistan,182.56,1,Bilal Ahmed,,11/01/2024
4546,Ahmed Raza,18/01/2024,Mouse,Electronics,664.34,-1,,Pakistan,664.34,1,Ahmed Raza,,18/01/2024
4547,Bilal Ahmed,17/01/2024,Mouse,Electronics,,-1,,Pakistan,507.98,1,Bilal Ahmed,,17/01/2024
4548,Ali Khan,04/01/2024,Chair,Furniture, ,,,Pakistan,507.98,1,Ali Khan,,04/01/2024
4549,Bilal Ahmed,14/01/2024,Monitor,Electronics,,4,,Pakistan,507.98,4,Bilal Ahmed,,14/01/2024
4553,Sara Ahmed,25/01/2024,Phone,Electronics,,3,,Pakistan,507.98,3,Sara Ahmed,,25/01/2024
4556,,05/01/2024,Phone,Electronics, ,,,Pakistan,507.98,1,Unknown,,05/01/2024
4557,Bilal Ahmed,25/01/2024,Headphones,Electronics,,,,Pakistan,507.98,1,Bilal Ahmed,,25/01/2024
4558,Hina Khan,11/01/2024,Table,Furniture,,-1,,Pakistan,507.98,1,Hina Khan,,11/01/2024
4559,,03/01/2024,Table,Furniture, ,-1,,Pakistan,507.98,1,Unknown,,03/01/2024
4560,Bilal Ahmed,29/01/2024,Keyboard,Electronics, ,-1,,Pakistan,507.98,1,Bilal Ahmed,,29/01/2024
4561,Ayesha Noor,21/01/2024,Mouse,Electronics, ,4,,Pakistan,507.98,4,Ayesha Noor,,21/01/2024
4562,Ali Khan,29/01/2024,Chair,Furniture,,,,Pakistan,507.98,1,Ali Khan,,29/01/2024
4564,,02/01/2024,Chair,Furniture, ,3,,Pakistan,507.98,3,Unknown,,02/01/2024
4565,Bilal Ahmed,25/01/2024,Mouse,Electronics,712.68,,,Pakistan,712.68,1,Bilal Ahmed,,25/01/2024
4566,Bilal Ahmed,19/01/2024,Keyboard,Electronics,,4,,Pakistan,507.98,4,Bilal Ahmed,,19/01/2024
4568,Ahmed Raza,30/01/2024,Headphones,Electronics,87.61,-1,,Pakistan,87.61,1,Ahmed Raza,,30/01/2024
4569,Ayesha Noor,27/01/2024,Chair,Furniture, ,-1,,Pakistan,507.98,1,Ayesha Noor,,27/01/2024
4570,Hina Khan,24/01/2024,Monitor,Electronics, ,,,Pakistan,507.98,1,Hina Khan,,24/01/2024
4571,Sara Ahmed,05/01/2024,Chair,Furniture, ,,,Pakistan,507.98,1,Sara Ahmed,,05/01/2024
4572,Hina Khan,08/01/2024,Headphones,Electronics,,4,,Pakistan,507.98,4,Hina Khan,,08/01/2024
4573,Ahmed Raza,01/01/2024,Mouse,Electronics,,-1,,Pakistan,507.98,1,Ahmed Raza,,01/01/2024
4574,Ahmed Raza,04/01/2024,Monitor,Electronics,433.85,,,Pakistan,433.85,1,Ahmed Raza,,04/01/2024
4575,Ayesha Noor,24/01/2024,Table,Furniture,125.99,,,Pakistan,125.99,1,Ayesha Noor,,24/01/2024
4577,Ali Khan,15/01/2024,Phone,Electronics,,-1,,Pakistan,507.98,1,Ali Khan,,15/01/2024
4578,Usman Ali,06/01/2024,Monitor,Electronics,239.98,,,Pakistan,239.98,1,Usman Ali,,06/01/2024
4579,Ali Khan,12/01/2024,Monitor,Electronics, ,,,Pakistan,507.98,1,Ali Khan,,12/01/2024
4580,Ali Khan,15/01/2024,Headphones,Electronics,,4,,Pakistan,507.98,4,Ali Khan,,15/01/2024
4581,Ali Khan,09/01/2024,Monitor,Electronics, ,3,,Pakistan,507.98,3,Ali Khan,,09/01/2024
4582,,12/01/2024,Monitor,Electronics,,4,,Pakistan,507.98,4,Unknown,,12/01/2024
4583,Sara Ahmed,13/01/2024,Headphones,Electronics,451.17,1,451.17,Pakistan,451.17,1,Sara Ahmed,451.17,13/01/2024
4584,Sara Ahmed,03/01/2024,Mouse,Electronics, ,,,Pakistan,507.98,1,Sara Ahmed,,03/01/2024
4586,,14/01/2024,Headphones,Electronics,,,,Pakistan,507.98,1,Unknown,,14/01/2024
4587,Ahmed Raza,19/01/2024,Laptop,Electronics,,1,,Pakistan,507.98,1,Ahmed Raza,,19/01/2024
4590,Ali Khan,15/01/2024,Headphones,Electronics, ,3,,Pakistan,507.98,3,Ali Khan,,15/01/2024
4592,Bilal Ahmed,01/01/2024,Keyboard,Electronics,49.79,-1,,Pakistan,49.79,1,Bilal Ahmed,,01/01/2024
4593,,25/01/2024,Headphones,Electronics,,-1,,Pakistan,507.98,1,Unknown,,25/01/2024
4594,Usman Ali,13/01/2024,Monitor,Electronics, ,,,Pakistan,507.98,1,Usman Ali,,13/01/2024
4595,Ali Khan,15/01/2024,Headphones,Electronics,383.64,-1,,Pakistan,383.64,1,Ali Khan,,15/01/2024
4596,Bilal Ahmed,11/01/2024,Monitor,Electronics,728.01,,,Pakistan,728.01,1,Bilal Ahmed,,11/01/2024
4597,Usman Ali,12/01/2024,Monitor,Electronics,458.98,,,Pakistan,458.98,1,Usman Ali,,12/01/2024
4598,Ahmed Raza,02/01/2024,Chair,Furniture, ,3,,Pakistan,507.98,3,Ahmed Raza,,02/01/2024
4599,Hina Khan,30/01/2024,Phone,Electronics,,,,Pakistan,507.98,1,Hina Khan,,30/01/2024
4600,Ayesha Noor,02/01/2024,Monitor,Electronics, ,-1,,Pakistan,507.98,1,Ayesha Noor,,02/01/2024
4601,,10/01/2024,Monitor,Electronics,139.12,,,Pakistan,139.12,1,Unknown,,10/01/2024
4602,Ali Khan,14/01/2024,Mouse,Electronics,,-1,,Pakistan,507.98,1,Ali Khan,,14/01/2024
4603,Hina Khan,09/01/2024,Keyboard,Electronics,,,,Pakistan,507.98,1,Hina Khan,,09/01/2024
4605,Ali Khan,18/01/2024,Monitor,Electronics,254.80,-1,,Pakistan,254.80,1,Ali Khan,,18/01/2024
4606,Usman Ali,15/01/2024,Mouse,Electronics,761.75,,,Pakistan,761.75,1,Usman Ali,,15/01/2024
4607,Sara Ahmed,17/01/2024,Monitor,Electronics, ,-1,,Pakistan,507.98,1,Sara Ahmed,,17/01/2024
4608,Ayesha Noor,12/01/2024,Headphones,Electronics, ,,,Pakistan,507.98,1,Ayesha Noor,,12/01/2024
4609,Ali Khan,06/01/2024,Table,Furniture, ,-1,,Pakistan,507.98,1,Ali Khan,,06/01/2024
4610,Usman Ali,16/01/2024,Table,Furniture, ,,,Pakistan,507.98,1,Usman Ali,,16/01/2024
4611,,15/01/2024,Phone,Electronics,226.33,,,Pakistan,226.33,1,Unknown,,15/01/2024
4612,Bilal Ahmed,10/01/2024,Table,Furniture, ,,,Pakistan,507.98,1,Bilal Ahmed,,10/01/2024
4613,Usman Ali,22/01/2024,Laptop,Electronics,649.29,-1,,Pakistan,649.29,1,Usman Ali,,22/01/2024
4614,Ayesha Noor,09/01/2024,Monitor,Electronics,641.14,,,Pakistan,641.14,1,Ayesha Noor,,09/01/2024
4616,Sara Ahmed,15/01/2024,Mouse,Electronics, ,-1,,Pakistan,507.98,1,Sara Ahmed,,15/01/2024
4617,Ayesha Noor,26/01/2024,Monitor,Electronics, ,-1,,Pakistan,507.98,1,Ayesha Noor,,26/01/2024
4618,Ali Khan,04/01/2024,Headphones,Electronics,630.11,-1,,Pakistan,630.11,1,Ali Khan,,04/01/2024
4619,,15/01/2024,Monitor,Electronics,,,,Pakistan,507.98,1,Unknown,,15/01/2024
4620,Sara Ahmed,18/01/2024,Table,Furniture,522.18,,,Pakistan,522.18,1,Sara Ahmed,,18/01/2024
4621,Ayesha Noor,05/01/2024,Table,Furniture, ,,,Pakistan,507.98,1,Ayesha Noor,,05/01/2024
4622,Ayesha Noor,06/01/2024,Keyboard,Electronics, ,,,Pakistan,507.98,1,Ayesha Noor,,06/01/2024
4624,Ayesha Noor,02/01/2024,Keyboard,Electronics, ,,,Pakistan,507.98,1,Ayesha Noor,,02/01/2024
4625,Usman Ali,23/01/2024,Monitor,Electronics,,-1,,Pakistan,507.98,1,Usman Ali,,23/01/2024
4626,Ali Khan,18/01/2024,Chair,Furniture, ,3,,Pakistan,507.98,3,Ali Khan,,18/01/2024
4627,Usman Ali,17/01/2024,Chair,Furniture, ,,,Pakistan,507.98,1,Usman Ali,,17/01/2024
4628,Hina Khan,06/01/2024,Headphones,Electronics, ,,,Pakistan,507.98,1,Hina Khan,,06/01/2024
4629,Ali Khan,19/01/2024,Laptop,Electronics,,-1,,Pakistan,507.98,1,Ali Khan,,19/01/2024
4630,Ayesha Noor,10/01/2024,Laptop,Electronics,,,,Pakistan,507.98,1,Ayesha Noor,,10/01/2024
4631,Ahmed Raza,29/01/2024,Table,Furniture, ,3,,Pakistan,507.98,3,Ahmed Raza,,29/01/2024
4632,Sara Ahmed,05/01/2024,Table,Furniture, ,3,,Pakistan,507.98,3,Sara Ahmed,,05/01/2024
4634,,27/01/2024,Phone,Electronics,,2,,Pakistan,507.98,2,Unknown,,27/01/2024
4637,Ali Khan,17/01/2024,Headphones,Electronics,21.07,3,63.21,Pakistan,21.07,3,Ali Khan,63.21,17/01/2024
4640,Ahmed Raza,12/01/2024,Headphones,Electronics,,,,Pakistan,507.98,1,Ahmed Raza,,12/01/2024
4641,Ayesha Noor,15/01/2024,Chair,Furniture,223.89,,,Pakistan,223.89,1,Ayesha Noor,,15/01/2024
4642,Ayesha Noor,14/01/2024,Headphones,Electronics, ,3,,Pakistan,507.98,3,Ayesha Noor,,14/01/2024
4643,Sara Ahmed,15/01/2024,Phone,Electronics,767.80,-1,,Pakistan,767.80,1,Sara Ahmed,,15/01/2024
4644,Sara Ahmed,23/01/2024,Laptop,Electronics,,,,Pakistan,507.98,1,Sara Ahmed,,23/01/2024
4645,Usman Ali,23/01/2024,Headphones,Electronics,259.72,3,779.16,Pakistan,259.72,3,Usman Ali,779.16,23/01/2024
4646,Usman Ali,14/01/2024,Phone,Electronics,164.42,2,328.84,Pakistan,164.42,2,Usman Ali,328.84,14/01/2024
4647,Ayesha Noor,29/01/2024,Mouse,Electronics,882.13,,,Pakistan,882.13,1,Ayesha Noor,,29/01/2024
4648,Hina Khan,26/01/2024,Keyboard,Electronics, ,,,Pakistan,507.98,1,Hina Khan,,26/01/2024
4650,Sara Ahmed,21/01/2024,Chair,Furniture, ,,,Pakistan,507.98,1,Sara Ahmed,,21/01/2024
4651,Ahmed Raza,09/01/2024,Laptop,Electronics,149.20,1,149.2,Pakistan,149.20,1,Ahmed Raza,149.2,09/01/2024
4652,Ahmed Raza,22/01/2024,Laptop,Electronics,,,,Pakistan,507.98,1,Ahmed Raza,,22/01/2024
4655,Hina Khan,21/01/2024,Keyboard,Electronics,806.40,4,3225.6,Pakistan,806.40,4,Hina Khan,3225.6,21/01/2024
4656,Ali Khan,05/01/2024,Mouse,Electronics,,-1,,Pakistan,507.98,1,Ali Khan,,05/01/2024
4659,Sara Ahmed,05/01/2024,Mouse,Electronics, ,-1,,Pakistan,507.98,1,Sara Ahmed,,05/01/2024
4660,Bilal Ahmed,23/01/2024,Headphones,Electronics,,-1,,Pakistan,507.98,1,Bilal Ahmed,,23/01/2024
4661,Ayesha Noor,14/01/2024,Table,Furniture,829.87,,,Pakistan,829.87,1,Ayesha Noor,,14/01/2024
4662,Sara Ahmed,16/01/2024,Phone,Electronics, ,,,Pakistan,507.98,1,Sara Ahmed,,16/01/2024
4664,Sara Ahmed,18/01/2024,Phone,Electronics,415.45,-1,,Pakistan,415.45,1,Sara Ahmed,,18/01/2024
4666,Bilal Ahmed,11/01/2024,Chair,Furniture,952.57,-1,,Pakistan,952.57,1,Bilal Ahmed,,11/01/2024
4667,Ahmed Raza,12/01/2024,Mouse,Electronics,,,,Pakistan,507.98,1,Ahmed Raza,,12/01/2024
4668,Usman Ali,05/01/2024,Chair,Furniture,24.29,-1,,Pakistan,24.29,1,Usman Ali,,05/01/2024
4670,Ahmed Raza,27/01/2024,Chair,Furniture, ,,,Pakistan,507.98,1,Ahmed Raza,,27/01/2024
4671,Hina Khan,30/01/2024,Headphones,Electronics,,-1,,Pakistan,507.98,1,Hina Khan,,30/01/2024
4674,Usman Ali,17/01/2024,Phone,Electronics,923.29,,,Pakistan,923.29,1,Usman Ali,,17/01/2024
4675,Ahmed Raza,06/01/2024,Mouse,Electronics, ,-1,,Pakistan,507.98,1,Ahmed Raza,,06/01/2024
4676,Ayesha Noor,28/01/2024,Table,Furniture,461.12,-1,,Pakistan,461.12,1,Ayesha Noor,,28/01/2024
4677,,12/01/2024,Chair,Furniture,243.24,,,Pakistan,243.24,1,Unknown,,12/01/2024
4678,Ahmed Raza,02/01/2024,Laptop,Electronics, ,-1,,Pakistan,507.98,1,Ahmed Raza,,02/01/2024
4679,Hina Khan,26/01/2024,Table,Furniture,296.68,-1,,Pakistan,296.68,1,Hina Khan,,26/01/2024
4680,Bilal Ahmed,25/01/2024,Chair,Furniture,,,,Pakistan,507.98,1,Bilal Ahmed,,25/01/2024
4681,,19/01/2024,Phone,Electronics, ,,,Pakistan,507.98,1,Unknown,,19/01/2024
4682,Ayesha Noor,30/01/2024,Monitor,Electronics,,-1,,Pakistan,507.98,1,Ayesha Noor,,30/01/2024
4683,,26/01/2024,Mouse,Electronics, ,4,,Pakistan,507.98,4,Unknown,,26/01/2024
4684,Ayesha Noor,29/01/2024,Headphones,Electronics,,-1,,Pakistan,507.98,1,Ayesha Noor,,29/01/2024
4685,Bilal Ahmed,09/01/2024,Monitor,Electronics,432.77,,,Pakistan,432.77,1,Bilal Ahmed,,09/01/2024
4686,Usman Ali,15/01/2024,Headphones,Electronics, ,,,Pakistan,507.98,1,Usman Ali,,15/01/2024
4690,Ali Khan,11/01/2024,Table,Furniture,,-1,,Pakistan,507.98,1,Ali Khan,,11/01/2024
4691,,15/01/2024,Laptop,Electronics,274.91,2,549.82,Pakistan,274.91,2,Unknown,549.82,15/01/2024
4692,Sara Ahmed,27/01/2024,Mouse,Electronics,834.70,3,2504.1,Pakistan,834.70,3,Sara Ahmed,2504.1,27/01/2024
4694,Ayesha Noor,05/01/2024,Keyboard,Electronics,,,,Pakistan,507.98,1,Ayesha Noor,,05/01/2024
4695,Bilal Ahmed,13/01/2024,Laptop,Electronics, ,,,Pakistan,507.98,1,Bilal Ahmed,,13/01/2024
4696,Ali Khan,01/01/2024,Mouse,Electronics,437.71,-1,,Pakistan,437.71,1,Ali Khan,,01/01/2024
4698,Sara Ahmed,19/01/2024,Monitor,Electronics,,,,Pakistan,507.98,1,Sara Ahmed,,19/01/2024
4699,Bilal Ahmed,24/01/2024,Table,Furniture,,,,Pakistan,507.98,1,Bilal Ahmed,,24/01/2024
4700,,03/01/2024,Keyboard,Electronics,405.37,-1,,Pakistan,405.37,1,Unknown,,03/01/2024
4701,Ahmed Raza,23/01/2024,Keyboard,Electronics,44.47,1,44.47,Pakistan,44.47,1,Ahmed Raza,44.47,23/01/2024
4702,Usman Ali,20/01/2024,Table,Furniture,,-1,,Pakistan,507.98,1,Usman Ali,,20/01/2024
4703,Hina Khan,14/01/2024,Chair,Furniture,,-1,,Pakistan,507.98,1,Hina Khan,,14/01/2024
4704,Ahmed Raza,07/01/2024,Phone,Electronics,,1,,Pakistan,507.98,1,Ahmed Raza,,07/01/2024
4705,Usman Ali,09/01/2024,Keyboard,Electronics, ,1,,Pakistan,507.98,1,Usman Ali,,09/01/2024
4706,Bilal Ahmed,23/01/2024,Keyboard,Electronics, ,2,,Pakistan,507.98,2,Bilal Ahmed,,23/01/2024
4707,Hina Khan,11/01/2024,Monitor,Electronics,,,,Pakistan,507.98,1,Hina Khan,,11/01/2024
4708,Ali Khan,09/01/2024,Monitor,Electronics,,2,,Pakistan,507.98,2,Ali Khan,,09/01/2024
4710,,13/01/2024,Monitor,Electronics,,4,,Pakistan,507.98,4,Unknown,,13/01/2024
4711,,15/01/2024,Monitor,Electronics, ,-1,,Pakistan,507.98,1,Unknown,,15/01/2024
4712,Bilal Ahmed,04/01/2024,Headphones,Electronics,,,,Pakistan,507.98,1,Bilal Ahmed,,04/01/2024
4713,Sara Ahmed,13/01/2024,Headphones,Electronics,492.89,1,492.89,Pakistan,492.89,1,Sara Ahmed,492.89,13/01/2024
4714,Ayesha Noor,25/01/2024,Phone,Electronics,427.39,4,1709.56,Pakistan,427.39,4,Ayesha Noor,1709.56,25/01/2024
4715,,10/01/2024,Laptop,Electronics,556.09,1,556.09,Pakistan,556.09,1,Unknown,556.09,10/01/2024
4716,Bilal Ahmed,19/01/2024,Mouse,Electronics, ,4,,Pakistan,507.98,4,Bilal Ahmed,,19/01/2024
4717,Ahmed Raza,01/01/2024,Keyboard,Electronics,886.81,-1,,Pakistan,886.81,1,Ahmed Raza,,01/01/2024
4718,Ayesha Noor,04/01/2024,Headphones,Electronics,,4,,Pakistan,507.98,4,Ayesha Noor,,04/01/2024
4719,Ahmed Raza,26/01/2024,Headphones,Electronics, ,-1,,Pakistan,507.98,1,Ahmed Raza,,26/01/2024
4720,Ayesha Noor,07/01/2024,Laptop,Electronics, ,2,,Pakistan,507.98,2,Ayesha Noor,,07/01/2024
4721,Usman Ali,23/01/2024,Chair,Furniture,,,,Pakistan,507.98,1,Usman Ali,,23/01/2024
4724,Hina Khan,23/01/2024,Monitor,Electronics, ,2,,Pakistan,507.98,2,Hina Khan,,23/01/2024
4726,Ahmed Raza,11/01/2024,Monitor,Electronics, ,1,,Pakistan,507.98,1,Ahmed Raza,,11/01/2024
4727,Hina Khan,17/01/2024,Keyboard,Electronics,,4,,Pakistan,507.98,4,Hina Khan,,17/01/2024
4729,Ahmed Raza,12/01/2024,Chair,Furniture,,,,Pakistan,507.98,1,Ahmed Raza,,12/01/2024
4730,Ayesha Noor,24/01/2024,Keyboard,Electronics,,4,,Pakistan,507.98,4,Ayesha Noor,,24/01/2024
4731,Sara Ahmed,26/01/2024,Chair,Furniture,491.65,,,Pakistan,491.65,1,Sara Ahmed,,26/01/2024
4732,Sara Ahmed,18/01/2024,Table,Furniture, ,3,,Pakistan,507.98,3,Sara Ahmed,,18/01/2024
4736,Ahmed Raza,08/01/2024,Table,Furniture,,1,,Pakistan,507.98,1,Ahmed Raza,,08/01/2024
4738,Ayesha Noor,06/01/2024,Table,Furniture,128.74,-1,,Pakistan,128.74,1,Ayesha Noor,,06/01/2024
4739,Usman Ali,12/01/2024,Headphones,Electronics,,3,,Pakistan,507.98,3,Usman Ali,,12/01/2024
4740,Ahmed Raza,14/01/2024,Headphones,Electronics,530.12,1,530.12,Pakistan,530.12,1,Ahmed Raza,530.12,14/01/2024
4742,Ahmed Raza,26/01/2024,Headphones,Electronics,,2,,Pakistan,507.98,2,Ahmed Raza,,26/01/2024
4743,Bilal Ahmed,14/01/2024,Headphones,Electronics, ,-1,,Pakistan,507.98,1,Bilal Ahmed,,14/01/2024
4744,,07/01/2024,Mouse,Electronics, ,,,Pakistan,507.98,1,Unknown,,07/01/2024
4745,Ali Khan,18/01/2024,Monitor,Electronics, ,2,,Pakistan,507.98,2,Ali Khan,,18/01/2024
4746,Hina Khan,04/01/2024,Phone,Electronics,,-1,,Pakistan,507.98,1,Hina Khan,,04/01/2024
4747,Ahmed Raza,13/01/2024,Table,Furniture,349.44,1,349.44,Pakistan,349.44,1,Ahmed Raza,349.44,13/01/2024
4748,Bilal Ahmed,05/01/2024,Phone,Electronics,280.48,2,560.96,Pakistan,280.48,2,Bilal Ahmed,560.96,05/01/2024
4749,Ayesha Noor,30/01/2024,Phone,Electronics, ,1,,Pakistan,507.98,1,Ayesha Noor,,30/01/2024
4750,Ahmed Raza,16/01/2024,Phone,Electronics, ,-1,,Pakistan,507.98,1,Ahmed Raza,,16/01/2024
4751,Hina Khan,13/01/2024,Headphones,Electronics, ,-1,,Pakistan,507.98,1,Hina Khan,,13/01/2024
4752,Usman Ali,05/01/2024,Headphones,Electronics,145.93,2,291.86,Pakistan,145.93,2,Usman Ali,291.86,05/01/2024
4754,,30/01/2024,Laptop,Electronics,,-1,,Pakistan,507.98,1,Unknown,,30/01/2024
4755,Ayesha Noor,24/01/2024,Chair,Furniture,,2,,Pakistan,507.98,2,Ayesha Noor,,24/01/2024
4756,Ali Khan,01/01/2024,Laptop,Electronics, ,,,Pakistan,507.98,1,Ali Khan,,01/01/2024
4757,Usman Ali,07/01/2024,Laptop,Electronics,581.53,,,Pakistan,581.53,1,Usman Ali,,07/01/2024
4758,Sara Ahmed,23/01/2024,Monitor,Electronics,356.03,-1,,Pakistan,356.03,1,Sara Ahmed,,23/01/2024
4760,Bilal Ahmed,24/01/2024,Headphones,Electronics,333.26,,,Pakistan,333.26,1,Bilal Ahmed,,24/01/2024
4761,Ayesha Noor,29/01/2024,Mouse,Electronics,631.15,-1,,Pakistan,631.15,1,Ayesha Noor,,29/01/2024
4763,Bilal Ahmed,08/01/2024,Chair,Furniture,,-1,,Pakistan,507.98,1,Bilal Ahmed,,08/01/2024
4764,Sara Ahmed,07/01/2024,Laptop,Electronics,535.87,-1,,Pakistan,535.87,1,Sara Ahmed,,07/01/2024
4765,Bilal Ahmed,28/01/2024,Mouse,Electronics,,3,,Pakistan,507.98,3,Bilal Ahmed,,28/01/2024
4766,Sara Ahmed,13/01/2024,Monitor,Electronics,952.12,,,Pakistan,952.12,1,Sara Ahmed,,13/01/2024
4767,Usman Ali,21/01/2024,Mouse,Electronics,73.28,1,73.28,Pakistan,73.28,1,Usman Ali,73.28,21/01/2024
4768,Ayesha Noor,27/01/2024,Laptop,Electronics,,4,,Pakistan,507.98,4,Ayesha Noor,,27/01/2024
4769,Bilal Ahmed,21/01/2024,Keyboard,Electronics,,-1,,Pakistan,507.98,1,Bilal Ahmed,,21/01/2024
4770,Ahmed Raza,14/01/2024,Table,Furniture, ,-1,,Pakistan,507.98,1,Ahmed Raza,,14/01/2024
4771,Bilal Ahmed,20/01/2024,Monitor,Electronics, ,,,Pakistan,507.98,1,Bilal Ahmed,,20/01/2024
4772,,17/01/2024,Table,Furniture,,,,Pakistan,507.98,1,Unknown,,17/01/2024
4774,Ahmed Raza,22/01/2024,Phone,Electronics,,,,Pakistan,507.98,1,Ahmed Raza,,22/01/2024
4775,Hina Khan,29/01/2024,Phone,Electronics,,,,Pakistan,507.98,1,Hina Khan,,29/01/2024
4776,,09/01/2024,Laptop,Electronics,,,,Pakistan,507.98,1,Unknown,,09/01/2024
4778,Ahmed Raza,30/01/2024,Keyboard,Electronics, ,-1,,Pakistan,507.98,1,Ahmed Raza,,30/01/2024
4779,Bilal Ahmed,16/01/2024,Chair,Furniture,867.47,,,Pakistan,867.47,1,Bilal Ahmed,,16/01/2024
4781,Sara Ahmed,20/01/2024,Chair,Furniture,,,,Pakistan,507.98,1,Sara Ahmed,,20/01/2024
4783,Sara Ahmed,30/01/2024,Table,Furniture, ,,,Pakistan,507.98,1,Sara Ahmed,,30/01/2024
4785,Hina Khan,02/01/2024,Monitor,Electronics,135.11,-1,,Pakistan,135.11,1,Hina Khan,,02/01/2024
4788,Ahmed Raza,05/01/2024,Mouse,Electronics,,-1,,Pakistan,507.98,1,Ahmed Raza,,05/01/2024
4789,Ali Khan,28/01/2024,Laptop,Electronics,580.70,2,1161.4,Pakistan,580.70,2,Ali Khan,1161.4,28/01/2024
4790,Ahmed Raza,21/01/2024,Headphones,Electronics,,3,,Pakistan,507.98,3,Ahmed Raza,,21/01/2024
4791,Hina Khan,06/01/2024,Keyboard,Electronics, ,,,Pakistan,507.98,1,Hina Khan,,06/01/2024
4792,Usman Ali,20/01/2024,Chair,Furniture,,,,Pakistan,507.98,1,Usman Ali,,20/01/2024
4793,Ayesha Noor,19/01/2024,Mouse,Electronics,,-1,,Pakistan,507.98,1,Ayesha Noor,,19/01/2024
4794,Usman Ali,13/01/2024,Phone,Electronics,306.76,3,920.28,Pakistan,306.76,3,Usman Ali,920.28,13/01/2024
4795,Sara Ahmed,17/01/2024,Headphones,Electronics,321.31,,,Pakistan,321.31,1,Sara Ahmed,,17/01/2024
4797,Ahmed Raza,15/01/2024,Table,Furniture,,-1,,Pakistan,507.98,1,Ahmed Raza,,15/01/2024
4799,Bilal Ahmed,21/01/2024,Headphones,Electronics, ,1,,Pakistan,507.98,1,Bilal Ahmed,,21/01/2024
4800,Ali Khan,22/01/2024,Headphones,Electronics,,,,Pakistan,507.98,1,Ali Khan,,22/01/2024
4801,Ahmed Raza,09/01/2024,Mouse,Electronics,700.39,,,Pakistan,700.39,1,Ahmed Raza,,09/01/2024
4802,Ahmed Raza,11/01/2024,Chair,Furniture, ,-1,,Pakistan,507.98,1,Ahmed Raza,,11/01/2024
4803,Hina Khan,16/01/2024,Keyboard,Electronics,,,,Pakistan,507.98,1,Hina Khan,,16/01/2024
4805,Bilal Ahmed,10/01/2024,Laptop,Electronics, ,,,Pakistan,507.98,1,Bilal Ahmed,,10/01/2024
4806,Ahmed Raza,15/01/2024,Phone,Electronics,319.89,1,319.89,Pakistan,319.89,1,Ahmed Raza,319.89,15/01/2024
4807,Bilal Ahmed,21/01/2024,Chair,Furniture, ,,,Pakistan,507.98,1,Bilal Ahmed,,21/01/2024
4808,Hina Khan,13/01/2024,Chair,Furniture, ,,,Pakistan,507.98,1,Hina Khan,,13/01/2024
4809,Sara Ahmed,25/01/2024,Mouse,Electronics,,-1,,Pakistan,507.98,1,Sara Ahmed,,25/01/2024
4810,Sara Ahmed,28/01/2024,Phone,Electronics, ,-1,,Pakistan,507.98,1,Sara Ahmed,,28/01/2024
4812,Ayesha Noor,19/01/2024,Laptop,Electronics,595.63,1,595.63,Pakistan,595.63,1,Ayesha Noor,595.63,19/01/2024
4813,,12/01/2024,Mouse,Electronics,,,,Pakistan,507.98,1,Unknown,,12/01/2024
4814,Bilal Ahmed,17/01/2024,Headphones,Electronics,193.59,-1,,Pakistan,193.59,1,Bilal Ahmed,,17/01/2024
4815,Sara Ahmed,08/01/2024,Monitor,Electronics, ,4,,Pakistan,507.98,4,Sara Ahmed,,08/01/2024
4816,Ahmed Raza,06/01/2024,Mouse,Electronics,,4,,Pakistan,507.98,4,Ahmed Raza,,06/01/2024
4817,Ali Khan,04/01/2024,Table,Furniture,,3,,Pakistan,507.98,3,Ali Khan,,04/01/2024
4818,Ali Khan,14/01/2024,Keyboard,Electronics,178.44,4,713.76,Pakistan,178.44,4,Ali Khan,713.76,14/01/2024
4819,,23/01/2024,Keyboard,Electronics,,1,,Pakistan,507.98,1,Unknown,,23/01/2024
4821,Ahmed Raza,06/01/2024,Table,Furniture, ,,,Pakistan,507.98,1,Ahmed Raza,,06/01/2024
4822,Ahmed Raza,13/01/2024,Laptop,Electronics,148.01,,,Pakistan,148.01,1,Ahmed Raza,,13/01/2024
4824,Sara Ahmed,30/01/2024,Table,Furniture, ,-1,,Pakistan,507.98,1,Sara Ahmed,,30/01/2024
4827,Ali Khan,08/01/2024,Chair,Furniture, ,1,,Pakistan,507.98,1,Ali Khan,,08/01/2024
4828,Ali Khan,06/01/2024,Chair,Furniture,,-1,,Pakistan,507.98,1,Ali Khan,,06/01/2024
4829,Ahmed Raza,08/01/2024,Phone,Electronics, ,-1,,Pakistan,507.98,1,Ahmed Raza,,08/01/2024
4831,Bilal Ahmed,15/01/2024,Monitor,Electronics, ,2,,Pakistan,507.98,2,Bilal Ahmed,,15/01/2024
4833,Ahmed Raza,06/01/2024,Laptop,Electronics,633.92,1,633.92,Pakistan,633.92,1,Ahmed Raza,633.92,06/01/2024
4834,Bilal Ahmed,02/01/2024,Chair,Furniture,,,,Pakistan,507.98,1,Bilal Ahmed,,02/01/2024
4836,Ali Khan,29/01/2024,Keyboard,Electronics, ,,,Pakistan,507.98,1,Ali Khan,,29/01/2024
4837,,17/01/2024,Mouse,Electronics, ,,,Pakistan,507.98,1,Unknown,,17/01/2024
4838,Bilal Ahmed,23/01/2024,Laptop,Electronics, ,-1,,Pakistan,507.98,1,Bilal Ahmed,,23/01/2024
4839,,17/01/2024,Phone,Electronics,155.67,-1,,Pakistan,155.67,1,Unknown,,17/01/2024
4842,Bilal Ahmed,01/01/2024,Headphones,Electronics,,-1,,Pakistan,507.98,1,Bilal Ahmed,,01/01/2024
4843,,27/01/2024,Laptop,Electronics,,,,Pakistan,507.98,1,Unknown,,27/01/2024
4844,Ali Khan,09/01/2024,Phone,Electronics,350.23,4,1400.92,Pakistan,350.23,4,Ali Khan,1400.92,09/01/2024
4845,,04/01/2024,Laptop,Electronics, ,4,,Pakistan,507.98,4,Unknown,,04/01/2024
4846,Ayesha Noor,07/01/2024,Keyboard,Electronics,83.75,-1,,Pakistan,83.75,1,Ayesha Noor,,07/01/2024
4849,Ayesha Noor,15/01/2024,Mouse,Electronics, ,,,Pakistan,507.98,1,Ayesha Noor,,15/01/2024
4850,Sara Ahmed,29/01/2024,Table,Furniture,,,,Pakistan,507.98,1,Sara Ahmed,,29/01/2024
4852,Ayesha Noor,12/01/2024,Headphones,Electronics,,2,,Pakistan,507.98,2,Ayesha Noor,,12/01/2024
4853,Usman Ali,29/01/2024,Phone,Electronics, ,2,,Pakistan,507.98,2,Usman Ali,,29/01/2024
4854,Usman Ali,30/01/2024,Laptop,Electronics,,-1,,Pakistan,507.98,1,Usman Ali,,30/01/2024
4855,Ayesha Noor,14/01/2024,Monitor,Electronics,,,,Pakistan,507.98,1,Ayesha Noor,,14/01/2024
4856,Ayesha Noor,03/01/2024,Headphones,Electronics, ,,,Pakistan,507.98,1,Ayesha Noor,,03/01/2024
4857,Usman Ali,07/01/2024,Headphones,Electronics, ,,,Pakistan,507.98,1,Usman Ali,,07/01/2024
4858,,04/01/2024,Headphones,Electronics, ,-1,,Pakistan,507.98,1,Unknown,,04/01/2024
4859,Bilal Ahmed,26/01/2024,Mouse,Electronics, ,,,Pakistan,507.98,1,Bilal Ahmed,,26/01/2024
4861,Usman Ali,09/01/2024,Table,Furniture, ,,,Pakistan,507.98,1,Usman Ali,,09/01/2024
4862,,08/01/2024,Mouse,Electronics,,2,,Pakistan,507.98,2,Unknown,,08/01/2024
4863,Ayesha Noor,16/01/2024,Mouse,Electronics,68.31,3,204.93,Pakistan,68.31,3,Ayesha Noor,204.93,16/01/2024
4867,Sara Ahmed,04/01/2024,Headphones,Electronics,557.16,-1,,Pakistan,557.16,1,Sara Ahmed,,04/01/2024
4868,Hina Khan,12/01/2024,Laptop,Electronics,626.30,-1,,Pakistan,626.30,1,Hina Khan,,12/01/2024
4870,,25/01/2024,Monitor,Electronics,174.97,4,699.88,Pakistan,174.97,4,Unknown,699.88,25/01/2024
4873,Bilal Ahmed,08/01/2024,Phone,Electronics,,1,,Pakistan,507.98,1,Bilal Ahmed,,08/01/2024
4874,Bilal Ahmed,28/01/2024,Chair,Furniture,729.44,-1,,Pakistan,729.44,1,Bilal Ahmed,,28/01/2024
4875,Ayesha Noor,04/01/2024,Headphones,Electronics,53.41,-1,,Pakistan,53.41,1,Ayesha Noor,,04/01/2024
4876,Ahmed Raza,15/01/2024,Chair,Furniture, ,,,Pakistan,507.98,1,Ahmed Raza,,15/01/2024
4877,Bilal Ahmed,07/01/2024,Keyboard,Electronics,,,,Pakistan,507.98,1,Bilal Ahmed,,07/01/2024
4878,Ayesha Noor,30/01/2024,Laptop,Electronics,,2,,Pakistan,507.98,2,Ayesha Noor,,30/01/2024
4879,,03/01/2024,Chair,Furniture,,3,,Pakistan,507.98,3,Unknown,,03/01/2024
4880,Sara Ahmed,03/01/2024,Laptop,Electronics,929.41,-1,,Pakistan,929.41,1,Sara Ahmed,,03/01/2024
4881,Hina Khan,02/01/2024,Keyboard,Electronics,459.98,,,Pakistan,459.98,1,Hina Khan,,02/01/2024
4882,Bilal Ahmed,13/01/2024,Chair,Furniture,342.55,3,1027.65,Pakistan,342.55,3,Bilal Ahmed,1027.65,13/01/2024
4883,Hina Khan,26/01/2024,Phone,Electronics,,-1,,Pakistan,507.98,1,Hina Khan,,26/01/2024
4884,Ahmed Raza,09/01/2024,Keyboard,Electronics,,-1,,Pakistan,507.98,1,Ahmed Raza,,09/01/2024
4885,Ahmed Raza,14/01/2024,Headphones,Electronics,711.33,4,2845.32,Pakistan,711.33,4,Ahmed Raza,2845.32,14/01/2024
4888,Ayesha Noor,18/01/2024,Table,Furniture,,,,Pakistan,507.98,1,Ayesha Noor,,18/01/2024
4889,Ahmed Raza,12/01/2024,Phone,Electronics, ,3,,Pakistan,507.98,3,Ahmed Raza,,12/01/2024
4890,Usman Ali,06/01/2024,Mouse,Electronics,253.50,,,Pakistan,253.50,1,Usman Ali,,06/01/2024
4891,Usman Ali,30/01/2024,Headphones,Electronics,212.85,,,Pakistan,212.85,1,Usman Ali,,30/01/2024
4892,Ayesha Noor,21/01/2024,Monitor,Electronics,,-1,,Pakistan,507.98,1,Ayesha Noor,,21/01/2024
4893,Usman Ali,11/01/2024,Phone,Electronics,993.52,,,Pakistan,993.52,1,Usman Ali,,11/01/2024
4894,Ayesha Noor,10/01/2024,Table,Furniture,126.02,,,Pakistan,126.02,1,Ayesha Noor,,10/01/2024
4895,Sara Ahmed,18/01/2024,Laptop,Electronics,,,,Pakistan,507.98,1,Sara Ahmed,,18/01/2024
4896,Ali Khan,23/01/2024,Monitor,Electronics, ,4,,Pakistan,507.98,4,Ali Khan,,23/01/2024
4897,Sara Ahmed,04/01/2024,Keyboard,Electronics,,-1,,Pakistan,507.98,1,Sara Ahmed,,04/01/2024
4899,Sara Ahmed,19/01/2024,Chair,Furniture, ,3,,Pakistan,507.98,3,Sara Ahmed,,19/01/2024
4900,Sara Ahmed,12/01/2024,Phone,Electronics, ,,,Pakistan,507.98,1,Sara Ahmed,,12/01/2024
4901,Hina Khan,06/01/2024,Table,Furniture,86.90,2,173.8,Pakistan,86.90,2,Hina Khan,173.8,06/01/2024
4902,Sara Ahmed,07/01/2024,Monitor,Electronics, ,3,,Pakistan,507.98,3,Sara Ahmed,,07/01/2024
4904,,13/01/2024,Phone,Electronics, ,,,Pakistan,507.98,1,Unknown,,13/01/2024
4905,Bilal Ahmed,17/01/2024,Chair,Furniture, ,-1,,Pakistan,507.98,1,Bilal Ahmed,,17/01/2024
4906,Ahmed Raza,03/01/2024,Keyboard,Electronics, ,,,Pakistan,507.98,1,Ahmed Raza,,03/01/2024
4907,Hina Khan,21/01/2024,Phone,Electronics, ,-1,,Pakistan,507.98,1,Hina Khan,,21/01/2024
4908,Ahmed Raza,06/01/2024,Table,Furniture,,,,Pakistan,507.98,1,Ahmed Raza,,06/01/2024
4910,Ayesha Noor,10/01/2024,Mouse,Electronics, ,-1,,Pakistan,507.98,1,Ayesha Noor,,10/01/2024
4911,Sara Ahmed,18/01/2024,Mouse,Electronics,48.40,2,96.8,Pakistan,48.40,2,Sara Ahmed,96.8,18/01/2024
4912,Ayesha Noor,19/01/2024,Laptop,Electronics, ,2,,Pakistan,507.98,2,Ayesha Noor,,19/01/2024
4914,Bilal Ahmed,20/01/2024,Laptop,Electronics,728.31,3,2184.93,Pakistan,728.31,3,Bilal Ahmed,2184.93,20/01/2024
4916,Sara Ahmed,10/01/2024,Headphones,Electronics, ,-1,,Pakistan,507.98,1,Sara Ahmed,,10/01/2024
4917,Hina Khan,20/01/2024,Chair,Furniture,,,,Pakistan,507.98,1,Hina Khan,,20/01/2024
4919,Usman Ali,03/01/2024,Chair,Furniture,,1,,Pakistan,507.98,1,Usman Ali,,03/01/2024
4920,,21/01/2024,Headphones,Electronics,,-1,,Pakistan,507.98,1,Unknown,,21/01/2024
4921,Bilal Ahmed,22/01/2024,Mouse,Electronics, ,-1,,Pakistan,507.98,1,Bilal Ahmed,,22/01/2024
4922,Ayesha Noor,01/01/2024,Table,Furniture,,2,,Pakistan,507.98,2,Ayesha Noor,,01/01/2024
4925,Bilal Ahmed,26/01/2024,Phone,Electronics,,,,Pakistan,507.98,1,Bilal Ahmed,,26/01/2024
4926,Hina Khan,26/01/2024,Headphones,Electronics,783.16,,,Pakistan,783.16,1,Hina Khan,,26/01/2024
4927,Ali Khan,06/01/2024,Mouse,Electronics, ,3,,Pakistan,507.98,3,Ali Khan,,06/01/2024
4928,Ahmed Raza,15/01/2024,Monitor,Electronics, ,,,Pakistan,507.98,1,Ahmed Raza,,15/01/2024
4930,Sara Ahmed,22/01/2024,Laptop,Electronics,389.28,1,389.28,Pakistan,389.28,1,Sara Ahmed,389.28,22/01/2024
4931,Ahmed Raza,07/01/2024,Table,Furniture,,1,,Pakistan,507.98,1,Ahmed Raza,,07/01/2024
4932,Sara Ahmed,13/01/2024,Chair,Furniture, ,1,,Pakistan,507.98,1,Sara Ahmed,,13/01/2024
4933,Sara Ahmed,06/01/2024,Keyboard,Electronics,375.05,2,750.1,Pakistan,375.05,2,Sara Ahmed,750.1,06/01/2024
4934,Sara Ahmed,07/01/2024,Mouse,Electronics,622.46,,,Pakistan,622.46,1,Sara Ahmed,,07/01/2024
4935,Bilal Ahmed,26/01/2024,Mouse,Electronics,436.15,2,872.3,Pakistan,436.15,2,Bilal Ahmed,872.3,26/01/2024
4936,,23/01/2024,Table,Furniture, ,-1,,Pakistan,507.98,1,Unknown,,23/01/2024
4937,Ahmed Raza,22/01/2024,Laptop,Electronics,,2,,Pakistan,507.98,2,Ahmed Raza,,22/01/2024
4938,Ahmed Raza,05/01/2024,Chair,Furniture,,,,Pakistan,507.98,1,Ahmed Raza,,05/01/2024
4939,Hina Khan,23/01/2024,Table,Furniture, ,,,Pakistan,507.98,1,Hina Khan,,23/01/2024
4941,Ayesha Noor,22/01/2024,Chair,Furniture,,-1,,Pakistan,507.98,1,Ayesha Noor,,22/01/2024
4942,,08/01/2024,Chair,Furniture,306.98,-1,,Pakistan,306.98,1,Unknown,,08/01/2024
4943,Ahmed Raza,08/01/2024,Keyboard,Electronics,796.65,1,796.65,Pakistan,796.65,1,Ahmed Raza,796.65,08/01/2024
4946,Ahmed Raza,19/01/2024,Phone,Electronics,624.55,-1,,Pakistan,624.55,1,Ahmed Raza,,19/01/2024
4947,Sara Ahmed,26/01/2024,Monitor,Electronics,,,,Pakistan,507.98,1,Sara Ahmed,,26/01/2024
4948,Sara Ahmed,14/01/2024,Laptop,Electronics,501.32,3,1503.96,Pakistan,501.32,3,Sara Ahmed,1503.96,14/01/2024
4950,Ali Khan,15/01/2024,Chair,Furniture,211.92,,,Pakistan,211.92,1,Ali Khan,,15/01/2024
4951,Ayesha Noor,03/01/2024,Keyboard,Electronics, ,4,,Pakistan,507.98,4,Ayesha Noor,,03/01/2024
4952,Sara Ahmed,17/01/2024,Laptop,Electronics, ,2,,Pakistan,507.98,2,Sara Ahmed,,17/01/2024
4953,Ali Khan,12/01/2024,Laptop,Electronics,,4,,Pakistan,507.98,4,Ali Khan,,12/01/2024
4954,Bilal Ahmed,21/01/2024,Headphones,Electronics,,,,Pakistan,507.98,1,Bilal Ahmed,,21/01/2024
4955,Hina Khan,04/01/2024,Keyboard,Electronics, ,-1,,Pakistan,507.98,1,Hina Khan,,04/01/2024
4956,Ayesha Noor,08/01/2024,Phone,Electronics,120.78,,,Pakistan,120.78,1,Ayesha Noor,,08/01/2024
4957,Bilal Ahmed,16/01/2024,Mouse,Electronics,,-1,,Pakistan,507.98,1,Bilal Ahmed,,16/01/2024
4959,Ahmed Raza,08/01/2024,Phone,Electronics,,3,,Pakistan,507.98,3,Ahmed Raza,,08/01/2024
4960,Usman Ali,07/01/2024,Mouse,Electronics,387.26,-1,,Pakistan,387.26,1,Usman Ali,,07/01/2024
4961,Bilal Ahmed,01/01/2024,Headphones,Electronics, ,,,Pakistan,507.98,1,Bilal Ahmed,,01/01/2024
4962,Ahmed Raza,23/01/2024,Table,Furniture,,4,,Pakistan,507.98,4,Ahmed Raza,,23/01/2024
4963,Hina Khan,17/01/2024,Chair,Furniture,768.12,-1,,Pakistan,768.12,1,Hina Khan,,17/01/2024
4964,Usman Ali,20/01/2024,Keyboard,Electronics,383.99,,,Pakistan,383.99,1,Usman Ali,,20/01/2024
4965,,10/01/2024,Keyboard,Electronics,,4,,Pakistan,507.98,4,Unknown,,10/01/2024
4966,Ahmed Raza,22/01/2024,Phone,Electronics,96.12,1,96.12,Pakistan,96.12,1,Ahmed Raza,96.12,22/01/2024
4967,Sara Ahmed,11/01/2024,Phone,Electronics,,1,,Pakistan,507.98,1,Sara Ahmed,,11/01/2024
4968,Usman Ali,24/01/2024,Keyboard,Electronics, ,,,Pakistan,507.98,1,Usman Ali,,24/01/2024
4969,,16/01/2024,Keyboard,Electronics,990.07,4,3960.28,Pakistan,990.07,4,Unknown,3960.28,16/01/2024
4971,Ahmed Raza,06/01/2024,Phone,Electronics, ,2,,Pakistan,507.98,2,Ahmed Raza,,06/01/2024
4973,Ayesha Noor,10/01/2024,Mouse,Electronics, ,-1,,Pakistan,507.98,1,Ayesha Noor,,10/01/2024
4974,Ahmed Raza,27/01/2024,Phone,Electronics,,,,Pakistan,507.98,1,Ahmed Raza,,27/01/2024
4975,Ali Khan,12/01/2024,Headphones,Electronics,,,,Pakistan,507.98,1,Ali Khan,,12/01/2024
4976,Ali Khan,30/01/2024,Mouse,Electronics, ,,,Pakistan,507.98,1,Ali Khan,,30/01/2024
4977,,27/01/2024,Table,Furniture,515.01,-1,,Pakistan,515.01,1,Unknown,,27/01/2024
4978,Ali Khan,05/01/2024,Laptop,Electronics,,,,Pakistan,507.98,1,Ali Khan,,05/01/2024
4979,Ali Khan,22/01/2024,Chair,Furniture,,,,Pakistan,507.98,1,Ali Khan,,22/01/2024
4980,Ahmed Raza,05/01/2024,Keyboard,Electronics, ,3,,Pakistan,507.98,3,Ahmed Raza,,05/01/2024
4981,Bilal Ahmed,10/01/2024,Phone,Electronics, ,,,Pakistan,507.98,1,Bilal Ahmed,,10/01/2024
4982,Ahmed Raza,21/01/2024,Mouse,Electronics,,,,Pakistan,507.98,1,Ahmed Raza,,21/01/2024
4983,Sara Ahmed,23/01/2024,Chair,Furniture,,-1,,Pakistan,507.98,1,Sara Ahmed,,23/01/2024
4984,Usman Ali,23/01/2024,Headphones,Electronics, ,3,,Pakistan,507.98,3,Usman Ali,,23/01/2024
4985,Usman Ali,20/01/2024,Mouse,Electronics,,4,,Pakistan,507.98,4,Usman Ali,,20/01/2024
4987,Ahmed Raza,07/01/2024,Laptop,Electronics,797.37,,,Pakistan,797.37,1,Ahmed Raza,,07/01/2024
4988,Sara Ahmed,25/01/2024,Keyboard,Electronics,,,,Pakistan,507.98,1,Sara Ahmed,,25/01/2024
4989,Ayesha Noor,01/01/2024,Monitor,Electronics, ,1,,Pakistan,507.98,1,Ayesha Noor,,01/01/2024
4990,Usman Ali,05/01/2024,Mouse,Electronics, ,-1,,Pakistan,507.98,1,Usman Ali,,05/01/2024
4991,Ali Khan,18/01/2024,Table,Furniture,,,,Pakistan,507.98,1,Ali Khan,,18/01/2024
4992,,25/01/2024,Table,Furniture,546.38,,,Pakistan,546.38,1,Unknown,,25/01/2024
4993,Hina Khan,19/01/2024,Mouse,Electronics, ,1,,Pakistan,507.98,1,Hina Khan,,19/01/2024
4994,Hina Khan,30/01/2024,Phone,Electronics, ,4,,Pakistan,507.98,4,Hina Khan,,30/01/2024
4997,,27/01/2024,Phone,Electronics, ,3,,Pakistan,507.98,3,Unknown,,27/01/2024
4998,Sara Ahmed,17/01/2024,Chair,Furniture,182.02,1,182.02,Pakistan,182.02,1,Sara Ahmed,182.02,17/01/2024
4999,Ahmed Raza,26/01/2024,Monitor,Electronics,720.39,1,720.39,Pakistan,720.39,1,Ahmed Raza,720.39,26/01/2024
5000,,21/01/2024,Monitor,Electronics,326.69,,,Pakistan,326.69,1,Unknown,,21/01/2024
5001,Ali Khan,15/01/2024,Monitor,Electronics,,-1,,Pakistan,507.98,1,Ali Khan,,15/01/2024
5002,Hina Khan,17/01/2024,Mouse,Electronics,,-1,,Pakistan,507.98,1,Hina Khan,,17/01/2024
5003,Bilal Ahmed,20/01/2024,Laptop,Electronics,275.59,2,551.18,Pakistan,275.59,2,Bilal Ahmed,551.18,20/01/2024
5004,Sara Ahmed,19/01/2024,Headphones,Electronics, ,,,Pakistan,507.98,1,Sara Ahmed,,19/01/2024
5005,Hina Khan,07/01/2024,Laptop,Electronics,593.77,,,Pakistan,593.77,1,Hina Khan,,07/01/2024
5006,Ahmed Raza,05/01/2024,Table,Furniture,,,,Pakistan,507.98,1,Ahmed Raza,,05/01/2024
5008,Bilal Ahmed,18/01/2024,Laptop,Electronics,90.28,,,Pakistan,90.28,1,Bilal Ahmed,,18/01/2024
5009,Usman Ali,10/01/2024,Laptop,Electronics, ,,,Pakistan,507.98,1,Usman Ali,,10/01/2024
5012,Usman Ali,16/01/2024,Headphones,Electronics, ,-1,,Pakistan,507.98,1,Usman Ali,,16/01/2024
5014,Hina Khan,24/01/2024,Headphones,Electronics, ,2,,Pakistan,507.98,2,Hina Khan,,24/01/2024
5015,,10/01/2024,Laptop,Electronics, ,-1,,Pakistan,507.98,1,Unknown,,10/01/2024
5016,,26/01/2024,Laptop,Electronics,,-1,,Pakistan,507.98,1,Unknown,,26/01/2024
5017,Ahmed Raza,21/01/2024,Keyboard,Electronics, ,,,Pakistan,507.98,1,Ahmed Raza,,21/01/2024
5018,Ayesha Noor,04/01/2024,Chair,Furniture, ,4,,Pakistan,507.98,4,Ayesha Noor,,04/01/2024
5021,Ali Khan,16/01/2024,Phone,Electronics, ,1,,Pakistan,507.98,1,Ali Khan,,16/01/2024
5024,Hina Khan,12/01/2024,Mouse,Electronics,314.52,-1,,Pakistan,314.52,1,Hina Khan,,12/01/2024
5025,Ahmed Raza,04/01/2024,Table,Furniture, ,2,,Pakistan,507.98,2,Ahmed Raza,,04/01/2024
5026,Sara Ahmed,14/01/2024,Laptop,Electronics,188.77,1,188.77,Pakistan,188.77,1,Sara Ahmed,188.77,14/01/2024
5027,Ayesha Noor,27/01/2024,Laptop,Electronics, ,3,,Pakistan,507.98,3,Ayesha Noor,,27/01/2024
5028,Usman Ali,06/01/2024,Laptop,Electronics,361.73,,,Pakistan,361.73,1,Usman Ali,,06/01/2024
5029,Ali Khan,04/01/2024,Headphones,Electronics,464.85,-1,,Pakistan,464.85,1,Ali Khan,,04/01/2024
5030,Sara Ahmed,27/01/2024,Phone,Electronics, ,,,Pakistan,507.98,1,Sara Ahmed,,27/01/2024
5031,Hina Khan,04/01/2024,Monitor,Electronics,,3,,Pakistan,507.98,3,Hina Khan,,04/01/2024
5033,Bilal Ahmed,07/01/2024,Headphones,Electronics,,-1,,Pakistan,507.98,1,Bilal Ahmed,,07/01/2024
5035,Sara Ahmed,26/01/2024,Chair,Furniture,241.74,-1,,Pakistan,241.74,1,Sara Ahmed,,26/01/2024
5036,Ali Khan,24/01/2024,Monitor,Electronics,222.94,,,Pakistan,222.94,1,Ali Khan,,24/01/2024
5037,Ali Khan,24/01/2024,Laptop,Electronics,92.69,-1,,Pakistan,92.69,1,Ali Khan,,24/01/2024
5038,Sara Ahmed,25/01/2024,Chair,Furniture,,-1,,Pakistan,507.98,1,Sara Ahmed,,25/01/2024
5041,Bilal Ahmed,23/01/2024,Mouse,Electronics,672.10,1,672.1,Pakistan,672.10,1,Bilal Ahmed,672.1,23/01/2024
5043,,19/01/2024,Monitor,Electronics,,,,Pakistan,507.98,1,Unknown,,19/01/2024
5044,Sara Ahmed,07/01/2024,Keyboard,Electronics,,-1,,Pakistan,507.98,1,Sara Ahmed,,07/01/2024
5045,Sara Ahmed,18/01/2024,Phone,Electronics,640.64,1,640.64,Pakistan,640.64,1,Sara Ahmed,640.64,18/01/2024
5048,,30/01/2024,Chair,Furniture,623.78,3,1871.34,Pakistan,623.78,3,Unknown,1871.34,30/01/2024
5049,Ahmed Raza,05/01/2024,Table,Furniture,660.21,-1,,Pakistan,660.21,1,Ahmed Raza,,05/01/2024
5051,,13/01/2024,Monitor,Electronics,726.71,-1,,Pakistan,726.71,1,Unknown,,13/01/2024
5052,Ahmed Raza,13/01/2024,Monitor,Electronics, ,-1,,Pakistan,507.98,1,Ahmed Raza,,13/01/2024
5054,Hina Khan,05/01/2024,Laptop,Electronics,613.46,1,613.46,Pakistan,613.46,1,Hina Khan,613.46,05/01/2024
5055,Sara Ahmed,24/01/2024,Mouse,Electronics,,-1,,Pakistan,507.98,1,Sara Ahmed,,24/01/2024
5056,Hina Khan,19/01/2024,Keyboard,Electronics,132.40,4,529.6,Pakistan,132.40,4,Hina Khan,529.6,19/01/2024
5057,Bilal Ahmed,26/01/2024,Laptop,Electronics,,1,,Pakistan,507.98,1,Bilal Ahmed,,26/01/2024
5058,,09/01/2024,Keyboard,Electronics,,3,,Pakistan,507.98,3,Unknown,,09/01/2024
5059,Ahmed Raza,06/01/2024,Keyboard,Electronics,,1,,Pakistan,507.98,1,Ahmed Raza,,06/01/2024
5060,Hina Khan,03/01/2024,Laptop,Electronics,673.53,,,Pakistan,673.53,1,Hina Khan,,03/01/2024
5061,Usman Ali,22/01/2024,Mouse,Electronics, ,2,,Pakistan,507.98,2,Usman Ali,,22/01/2024
5062,Bilal Ahmed,25/01/2024,Headphones,Electronics,556.68,-1,,Pakistan,556.68,1,Bilal Ahmed,,25/01/2024
5063,Usman Ali,08/01/2024,Monitor,Electronics,357.99,,,Pakistan,357.99,1,Usman Ali,,08/01/2024
5064,Ayesha Noor,27/01/2024,Monitor,Electronics,,-1,,Pakistan,507.98,1,Ayesha Noor,,27/01/2024
5065,Ahmed Raza,16/01/2024,Chair,Furniture,916.78,,,Pakistan,916.78,1,Ahmed Raza,,16/01/2024
5066,,22/01/2024,Headphones,Electronics,,-1,,Pakistan,507.98,1,Unknown,,22/01/2024
5067,,08/01/2024,Keyboard,Electronics,543.09,-1,,Pakistan,543.09,1,Unknown,,08/01/2024
5068,Bilal Ahmed,29/01/2024,Monitor,Electronics, ,3,,Pakistan,507.98,3,Bilal Ahmed,,29/01/2024
5070,Hina Khan,06/01/2024,Table,Furniture, ,,,Pakistan,507.98,1,Hina Khan,,06/01/2024
5071,Bilal Ahmed,24/01/2024,Phone,Electronics,,4,,Pakistan,507.98,4,Bilal Ahmed,,24/01/2024
5072,Ali Khan,04/01/2024,Laptop,Electronics,,2,,Pakistan,507.98,2,Ali Khan,,04/01/2024
5073,Bilal Ahmed,09/01/2024,Phone,Electronics,,-1,,Pakistan,507.98,1,Bilal Ahmed,,09/01/2024
5074,,20/01/2024,Keyboard,Electronics,892.61,-1,,Pakistan,892.61,1,Unknown,,20/01/2024
5076,Bilal Ahmed,17/01/2024,Headphones,Electronics,656.26,2,1312.52,Pakistan,656.26,2,Bilal Ahmed,1312.52,17/01/2024
5077,,21/01/2024,Table,Furniture, ,-1,,Pakistan,507.98,1,Unknown,,21/01/2024
5078,Bilal Ahmed,22/01/2024,Monitor,Electronics,862.45,,,Pakistan,862.45,1,Bilal Ahmed,,22/01/2024
5080,Ayesha Noor,09/01/2024,Headphones,Electronics, ,,,Pakistan,507.98,1,Ayesha Noor,,09/01/2024
5081,Ahmed Raza,19/01/2024,Phone,Electronics,335.59,-1,,Pakistan,335.59,1,Ahmed Raza,,19/01/2024
5083,Bilal Ahmed,25/01/2024,Laptop,Electronics,814.45,-1,,Pakistan,814.45,1,Bilal Ahmed,,25/01/2024
5084,Ali Khan,09/01/2024,Keyboard,Electronics, ,2,,Pakistan,507.98,2,Ali Khan,,09/01/2024
5086,Usman Ali,18/01/2024,Monitor,Electronics, ,4,,Pakistan,507.98,4,Usman Ali,,18/01/2024
5087,Usman Ali,12/01/2024,Mouse,Electronics, ,,,Pakistan,507.98,1,Usman Ali,,12/01/2024
5088,Ali Khan,20/01/2024,Chair,Furniture,304.84,-1,,Pakistan,304.84,1,Ali Khan,,20/01/2024
5090,Bilal Ahmed,02/01/2024,Chair,Furniture,280.90,-1,,Pakistan,280.90,1,Bilal Ahmed,,02/01/2024
5091,Ahmed Raza,07/01/2024,Keyboard,Electronics,661.92,-1,,Pakistan,661.92,1,Ahmed Raza,,07/01/2024
5092,Ali Khan,22/01/2024,Headphones,Electronics, ,1,,Pakistan,507.98,1,Ali Khan,,22/01/2024
5094,Bilal Ahmed,02/01/2024,Mouse,Electronics,70.63,2,141.26,Pakistan,70.63,2,Bilal Ahmed,141.26,02/01/2024
5095,Bilal Ahmed,12/01/2024,Mouse,Electronics,308.46,,,Pakistan,308.46,1,Bilal Ahmed,,12/01/2024
5097,Hina Khan,16/01/2024,Laptop,Electronics,409.50,-1,,Pakistan,409.50,1,Hina Khan,,16/01/2024
5098,Ali Khan,15/01/2024,Table,Furniture, ,-1,,Pakistan,507.98,1,Ali Khan,,15/01/2024
5099,Sara Ahmed,22/01/2024,Monitor,Electronics, ,4,,Pakistan,507.98,4,Sara Ahmed,,22/01/2024
5100,Ayesha Noor,12/01/2024,Chair,Furniture, ,,,Pakistan,507.98,1,Ayesha Noor,,12/01/2024
5102,Hina Khan,30/01/2024,Chair,Furniture,839.23,,,Pakistan,839.23,1,Hina Khan,,30/01/2024
5103,Sara Ahmed,28/01/2024,Monitor,Electronics,498.48,,,Pakistan,498.48,1,Sara Ahmed,,28/01/2024
5104,Ali Khan,10/01/2024,Headphones,Electronics,727.20,,,Pakistan,727.20,1,Ali Khan,,10/01/2024
5106,Ali Khan,27/01/2024,Phone,Electronics, ,2,,Pakistan,507.98,2,Ali Khan,,27/01/2024
5108,,22/01/2024,Phone,Electronics,,3,,Pakistan,507.98,3,Unknown,,22/01/2024
5109,Hina Khan,29/01/2024,Table,Furniture,,2,,Pakistan,507.98,2,Hina Khan,,29/01/2024
5111,Ahmed Raza,16/01/2024,Keyboard,Electronics,,3,,Pakistan,507.98,3,Ahmed Raza,,16/01/2024
5112,Ahmed Raza,26/01/2024,Table,Furniture, ,-1,,Pakistan,507.98,1,Ahmed Raza,,26/01/2024
5113,Ahmed Raza,02/01/2024,Mouse,Electronics,,-1,,Pakistan,507.98,1,Ahmed Raza,,02/01/2024
5114,Hina Khan,02/01/2024,Phone,Electronics,,-1,,Pakistan,507.98,1,Hina Khan,,02/01/2024
5115,Sara Ahmed,28/01/2024,Chair,Furniture,739.47,-1,,Pakistan,739.47,1,Sara Ahmed,,28/01/2024
5118,Bilal Ahmed,17/01/2024,Table,Furniture,526.04,4,2104.16,Pakistan,526.04,4,Bilal Ahmed,2104.16,17/01/2024
5119,Ali Khan,06/01/2024,Keyboard,Electronics,,,,Pakistan,507.98,1,Ali Khan,,06/01/2024
5120,,15/01/2024,Keyboard,Electronics,,-1,,Pakistan,507.98,1,Unknown,,15/01/2024
5121,Ahmed Raza,05/01/2024,Mouse,Electronics,,4,,Pakistan,507.98,4,Ahmed Raza,,05/01/2024
5122,Hina Khan,29/01/2024,Keyboard,Electronics,,,,Pakistan,507.98,1,Hina Khan,,29/01/2024
5123,Ahmed Raza,04/01/2024,Headphones,Electronics, ,1,,Pakistan,507.98,1,Ahmed Raza,,04/01/2024
5124,Ayesha Noor,21/01/2024,Chair,Furniture,291.09,-1,,Pakistan,291.09,1,Ayesha Noor,,21/01/2024
5125,Ali Khan,01/01/2024,Mouse,Electronics,323.11,,,Pakistan,323.11,1,Ali Khan,,01/01/2024
5126,Ayesha Noor,02/01/2024,Headphones,Electronics,594.86,-1,,Pakistan,594.86,1,Ayesha Noor,,02/01/2024
5127,Ahmed Raza,29/01/2024,Phone,Electronics,356.06,-1,,Pakistan,356.06,1,Ahmed Raza,,29/01/2024
5128,Bilal Ahmed,18/01/2024,Laptop,Electronics,,-1,,Pakistan,507.98,1,Bilal Ahmed,,18/01/2024
5129,,23/01/2024,Laptop,Electronics, ,-1,,Pakistan,507.98,1,Unknown,,23/01/2024
5131,Ali Khan,01/01/2024,Chair,Furniture,,-1,,Pakistan,507.98,1,Ali Khan,,01/01/2024
5133,Ayesha Noor,13/01/2024,Chair,Furniture,,,,Pakistan,507.98,1,Ayesha Noor,,13/01/2024
5134,Bilal Ahmed,01/01/2024,Phone,Electronics,210.58,2,421.16,Pakistan,210.58,2,Bilal Ahmed,421.16,01/01/2024
5138,Hina Khan,27/01/2024,Monitor,Electronics,,3,,Pakistan,507.98,3,Hina Khan,,27/01/2024
5140,,23/01/2024,Headphones,Electronics,74.38,,,Pakistan,74.38,1,Unknown,,23/01/2024
5141,Sara Ahmed,03/01/2024,Chair,Furniture,796.41,3,2389.23,Pakistan,796.41,3,Sara Ahmed,2389.23,03/01/2024
5142,Bilal Ahmed,20/01/2024,Table,Furniture,,,,Pakistan,507.98,1,Bilal Ahmed,,20/01/2024
5143,Ahmed Raza,16/01/2024,Laptop,Electronics, ,-1,,Pakistan,507.98,1,Ahmed Raza,,16/01/2024
5144,,09/01/2024,Laptop,Electronics,,,,Pakistan,507.98,1,Unknown,,09/01/2024
5145,Hina Khan,20/01/2024,Chair,Furniture,608.45,2,1216.9,Pakistan,608.45,2,Hina Khan,1216.9,20/01/2024
5146,,23/01/2024,Phone,Electronics,96.49,1,96.49,Pakistan,96.49,1,Unknown,96.49,23/01/2024
5147,Hina Khan,03/01/2024,Chair,Furniture,228.95,,,Pakistan,228.95,1,Hina Khan,,03/01/2024
5148,Ahmed Raza,27/01/2024,Keyboard,Electronics, ,2,,Pakistan,507.98,2,Ahmed Raza,,27/01/2024
5150,Hina Khan,16/01/2024,Mouse,Electronics,551.92,-1,,Pakistan,551.92,1,Hina Khan,,16/01/2024
5151,Hina Khan,21/01/2024,Table,Furniture,,,,Pakistan,507.98,1,Hina Khan,,21/01/2024
5153,Ahmed Raza,28/01/2024,Laptop,Electronics,,,,Pakistan,507.98,1,Ahmed Raza,,28/01/2024
5154,Usman Ali,06/01/2024,Table,Furniture,632.03,-1,,Pakistan,632.03,1,Usman Ali,,06/01/2024
5157,Ahmed Raza,20/01/2024,Table,Furniture, ,-1,,Pakistan,507.98,1,Ahmed Raza,,20/01/2024
5158,Hina Khan,03/01/2024,Chair,Furniture,437.00,-1,,Pakistan,437.00,1,Hina Khan,,03/01/2024
5159,Usman Ali,09/01/2024,Laptop,Electronics,187.86,,,Pakistan,187.86,1,Usman Ali,,09/01/2024
5160,Ahmed Raza,12/01/2024,Phone,Electronics,,,,Pakistan,507.98,1,Ahmed Raza,,12/01/2024
5161,Sara Ahmed,15/01/2024,Table,Furniture,221.15,,,Pakistan,221.15,1,Sara Ahmed,,15/01/2024
5163,Ahmed Raza,02/01/2024,Mouse,Electronics,102.27,-1,,Pakistan,102.27,1,Ahmed Raza,,02/01/2024
5164,Hina Khan,24/01/2024,Headphones,Electronics,,-1,,Pakistan,507.98,1,Hina Khan,,24/01/2024
5166,Sara Ahmed,16/01/2024,Headphones,Electronics,,-1,,Pakistan,507.98,1,Sara Ahmed,,16/01/2024
5167,Sara Ahmed,28/01/2024,Laptop,Electronics, ,4,,Pakistan,507.98,4,Sara Ahmed,,28/01/2024
5168,Ahmed Raza,21/01/2024,Monitor,Electronics,,,,Pakistan,507.98,1,Ahmed Raza,,21/01/2024
5169,Hina Khan,24/01/2024,Phone,Electronics,,,,Pakistan,507.98,1,Hina Khan,,24/01/2024
5170,Sara Ahmed,24/01/2024,Monitor,Electronics,795.00,-1,,Pakistan,795.00,1,Sara Ahmed,,24/01/2024
5172,Ahmed Raza,10/01/2024,Mouse,Electronics, ,-1,,Pakistan,507.98,1,Ahmed Raza,,10/01/2024
5173,Sara Ahmed,27/01/2024,Mouse,Electronics,,,,Pakistan,507.98,1,Sara Ahmed,,27/01/2024
5174,Ayesha Noor,11/01/2024,Keyboard,Electronics,516.33,,,Pakistan,516.33,1,Ayesha Noor,,11/01/2024
5175,Ahmed Raza,22/01/2024,Table,Furniture,437.86,-1,,Pakistan,437.86,1,Ahmed Raza,,22/01/2024
5176,Ayesha Noor,23/01/2024,Chair,Furniture,371.20,3,1113.6,Pakistan,371.20,3,Ayesha Noor,1113.6,23/01/2024
5177,Ali Khan,24/01/2024,Laptop,Electronics,,4,,Pakistan,507.98,4,Ali Khan,,24/01/2024
5178,Sara Ahmed,25/01/2024,Mouse,Electronics,821.13,,,Pakistan,821.13,1,Sara Ahmed,,25/01/2024
5182,Usman Ali,25/01/2024,Monitor,Electronics,760.57,3,2281.71,Pakistan,760.57,3,Usman Ali,2281.71,25/01/2024
5183,Sara Ahmed,12/01/2024,Mouse,Electronics, ,-1,,Pakistan,507.98,1,Sara Ahmed,,12/01/2024
5185,Ayesha Noor,21/01/2024,Phone,Electronics,,-1,,Pakistan,507.98,1,Ayesha Noor,,21/01/2024
5187,Sara Ahmed,10/01/2024,Keyboard,Electronics,,,,Pakistan,507.98,1,Sara Ahmed,,10/01/2024
5188,Ayesha Noor,21/01/2024,Mouse,Electronics, ,,,Pakistan,507.98,1,Ayesha Noor,,21/01/2024
5190,Usman Ali,03/01/2024,Mouse,Electronics,,-1,,Pakistan,507.98,1,Usman Ali,,03/01/2024
5191,Ali Khan,17/01/2024,Laptop,Electronics, ,,,Pakistan,507.98,1,Ali Khan,,17/01/2024
5192,Ahmed Raza,28/01/2024,Phone,Electronics,,2,,Pakistan,507.98,2,Ahmed Raza,,28/01/2024
5193,,21/01/2024,Headphones,Electronics,,,,Pakistan,507.98,1,Unknown,,21/01/2024
5194,Bilal Ahmed,02/01/2024,Headphones,Electronics,188.30,,,Pakistan,188.30,1,Bilal Ahmed,,02/01/2024
5195,Ahmed Raza,08/01/2024,Keyboard,Electronics,853.61,,,Pakistan,853.61,1,Ahmed Raza,,08/01/2024
5196,,06/01/2024,Mouse,Electronics,,,,Pakistan,507.98,1,Unknown,,06/01/2024
5197,Usman Ali,15/01/2024,Headphones,Electronics, ,2,,Pakistan,507.98,2,Usman Ali,,15/01/2024
5198,Usman Ali,30/01/2024,Chair,Furniture, ,-1,,Pakistan,507.98,1,Usman Ali,,30/01/2024
5199,Hina Khan,01/01/2024,Headphones,Electronics, ,-1,,Pakistan,507.98,1,Hina Khan,,01/01/2024
5201,Ahmed Raza,07/01/2024,Table,Furniture, ,4,,Pakistan,507.98,4,Ahmed Raza,,07/01/2024
5202,Sara Ahmed,24/01/2024,Table,Furniture,,,,Pakistan,507.98,1,Sara Ahmed,,24/01/2024
5203,Ali Khan,11/01/2024,Headphones,Electronics,625.27,-1,,Pakistan,625.27,1,Ali Khan,,11/01/2024
5204,Ali Khan,08/01/2024,Chair,Furniture,231.52,,,Pakistan,231.52,1,Ali Khan,,08/01/2024
5205,Sara Ahmed,30/01/2024,Mouse,Electronics,55.43,-1,,Pakistan,55.43,1,Sara Ahmed,,30/01/2024
5206,Hina Khan,25/01/2024,Table,Furniture,961.00,,,Pakistan,961.00,1,Hina Khan,,25/01/2024
5207,Ali Khan,05/01/2024,Table,Furniture,815.45,-1,,Pakistan,815.45,1,Ali Khan,,05/01/2024
5210,Ali Khan,23/01/2024,Keyboard,Electronics,686.15,-1,,Pakistan,686.15,1,Ali Khan,,23/01/2024
5211,Ayesha Noor,06/01/2024,Table,Furniture,,,,Pakistan,507.98,1,Ayesha Noor,,06/01/2024
5212,Usman Ali,07/01/2024,Phone,Electronics, ,-1,,Pakistan,507.98,1,Usman Ali,,07/01/2024
5213,Ahmed Raza,01/01/2024,Laptop,Electronics, ,4,,Pakistan,507.98,4,Ahmed Raza,,01/01/2024
5215,Ali Khan,01/01/2024,Mouse,Electronics,569.31,-1,,Pakistan,569.31,1,Ali Khan,,01/01/2024
5216,Ayesha Noor,21/01/2024,Phone,Electronics, ,-1,,Pakistan,507.98,1,Ayesha Noor,,21/01/2024
5217,Hina Khan,27/01/2024,Laptop,Electronics,,3,,Pakistan,507.98,3,Hina Khan,,27/01/2024
5218,,12/01/2024,Keyboard,Electronics,397.25,-1,,Pakistan,397.25,1,Unknown,,12/01/2024
5219,Sara Ahmed,09/01/2024,Phone,Electronics,429.47,2,858.94,Pakistan,429.47,2,Sara Ahmed,858.94,09/01/2024
5220,Usman Ali,13/01/2024,Headphones,Electronics,974.46,-1,,Pakistan,974.46,1,Usman Ali,,13/01/2024
5222,,08/01/2024,Phone,Electronics, ,-1,,Pakistan,507.98,1,Unknown,,08/01/2024
5223,Usman Ali,24/01/2024,Table,Furniture,945.55,-1,,Pakistan,945.55,1,Usman Ali,,24/01/2024
5224,Ali Khan,29/01/2024,Keyboard,Electronics, ,-1,,Pakistan,507.98,1,Ali Khan,,29/01/2024
5225,Bilal Ahmed,08/01/2024,Headphones,Electronics,945.60,-1,,Pakistan,945.60,1,Bilal Ahmed,,08/01/2024
5226,,26/01/2024,Phone,Electronics,,3,,Pakistan,507.98,3,Unknown,,26/01/2024
5227,Bilal Ahmed,14/01/2024,Phone,Electronics,24.02,-1,,Pakistan,24.02,1,Bilal Ahmed,,14/01/2024
5228,,28/01/2024,Monitor,Electronics,,1,,Pakistan,507.98,1,Unknown,,28/01/2024
5229,,23/01/2024,Phone,Electronics,368.97,1,368.97,Pakistan,368.97,1,Unknown,368.97,23/01/2024
5230,Sara Ahmed,27/01/2024,Monitor,Electronics,,4,,Pakistan,507.98,4,Sara Ahmed,,27/01/2024
5231,Sara Ahmed,09/01/2024,Mouse,Electronics,,4,,Pakistan,507.98,4,Sara Ahmed,,09/01/2024
5232,Ahmed Raza,03/01/2024,Headphones,Electronics,,,,Pakistan,507.98,1,Ahmed Raza,,03/01/2024
5233,,20/01/2024,Chair,Furniture,778.78,4,3115.12,Pakistan,778.78,4,Unknown,3115.12,20/01/2024
5234,,01/01/2024,Chair,Furniture,,-1,,Pakistan,507.98,1,Unknown,,01/01/2024
5236,Bilal Ahmed,29/01/2024,Mouse,Electronics,109.43,,,Pakistan,109.43,1,Bilal Ahmed,,29/01/2024
5237,Usman Ali,16/01/2024,Chair,Furniture,,-1,,Pakistan,507.98,1,Usman Ali,,16/01/2024
5238,Sara Ahmed,14/01/2024,Monitor,Electronics,,3,,Pakistan,507.98,3,Sara Ahmed,,14/01/2024
5239,Sara Ahmed,23/01/2024,Keyboard,Electronics, ,-1,,Pakistan,507.98,1,Sara Ahmed,,23/01/2024
5240,Ali Khan,09/01/2024,Keyboard,Electronics,374.56,-1,,Pakistan,374.56,1,Ali Khan,,09/01/2024
5241,Sara Ahmed,18/01/2024,Phone,Electronics,406.36,,,Pakistan,406.36,1,Sara Ahmed,,18/01/2024
5242,Usman Ali,30/01/2024,Monitor,Electronics,,-1,,Pakistan,507.98,1,Usman Ali,,30/01/2024
5244,Usman Ali,04/01/2024,Table,Furniture,366.30,-1,,Pakistan,366.30,1,Usman Ali,,04/01/2024
5245,Ahmed Raza,13/01/2024,Chair,Furniture,953.99,-1,,Pakistan,953.99,1,Ahmed Raza,,13/01/2024
5246,Sara Ahmed,16/01/2024,Mouse,Electronics,,,,Pakistan,507.98,1,Sara Ahmed,,16/01/2024
5247,Sara Ahmed,02/01/2024,Headphones,Electronics, ,1,,Pakistan,507.98,1,Sara Ahmed,,02/01/2024
5248,Bilal Ahmed,16/01/2024,Keyboard,Electronics,926.08,-1,,Pakistan,926.08,1,Bilal Ahmed,,16/01/2024
5249,Ayesha Noor,04/01/2024,Table,Furniture,,-1,,Pakistan,507.98,1,Ayesha Noor,,04/01/2024
5250,Ahmed Raza,18/01/2024,Headphones,Electronics, ,2,,Pakistan,507.98,2,Ahmed Raza,,18/01/2024
5252,Hina Khan,24/01/2024,Keyboard,Electronics,,3,,Pakistan,507.98,3,Hina Khan,,24/01/2024
5253,Usman Ali,21/01/2024,Table,Furniture,808.20,,,Pakistan,808.20,1,Usman Ali,,21/01/2024
5255,Ali Khan,18/01/2024,Laptop,Electronics, ,3,,Pakistan,507.98,3,Ali Khan,,18/01/2024
5256,Sara Ahmed,29/01/2024,Laptop,Electronics, ,,,Pakistan,507.98,1,Sara Ahmed,,29/01/2024
5257,Hina Khan,22/01/2024,Headphones,Electronics, ,1,,Pakistan,507.98,1,Hina Khan,,22/01/2024
5259,Bilal Ahmed,17/01/2024,Table,Furniture,203.40,-1,,Pakistan,203.40,1,Bilal Ahmed,,17/01/2024
5260,Hina Khan,22/01/2024,Headphones,Electronics,250.93,,,Pakistan,250.93,1,Hina Khan,,22/01/2024
5261,Hina Khan,06/01/2024,Chair,Furniture,959.73,3,2879.19,Pakistan,959.73,3,Hina Khan,2879.19,06/01/2024
5262,Ahmed Raza,06/01/2024,Mouse,Electronics,,-1,,Pakistan,507.98,1,Ahmed Raza,,06/01/2024
5263,Ayesha Noor,29/01/2024,Chair,Furniture, ,4,,Pakistan,507.98,4,Ayesha Noor,,29/01/2024
5264,Usman Ali,17/01/2024,Mouse,Electronics,358.30,1,358.3,Pakistan,358.30,1,Usman Ali,358.3,17/01/2024
5266,Ali Khan,26/01/2024,Headphones,Electronics,,3,,Pakistan,507.98,3,Ali Khan,,26/01/2024
5269,Hina Khan,09/01/2024,Chair,Furniture,,2,,Pakistan,507.98,2,Hina Khan,,09/01/2024
5270,Ahmed Raza,20/01/2024,Monitor,Electronics,,,,Pakistan,507.98,1,Ahmed Raza,,20/01/2024
5272,Hina Khan,10/01/2024,Keyboard,Electronics,,-1,,Pakistan,507.98,1,Hina Khan,,10/01/2024
5273,Ahmed Raza,19/01/2024,Headphones,Electronics,292.06,-1,,Pakistan,292.06,1,Ahmed Raza,,19/01/2024
5275,Sara Ahmed,02/01/2024,Mouse,Electronics,,-1,,Pakistan,507.98,1,Sara Ahmed,,02/01/2024
5276,Hina Khan,09/01/2024,Mouse,Electronics, ,4,,Pakistan,507.98,4,Hina Khan,,09/01/2024
5277,Hina Khan,17/01/2024,Monitor,Electronics, ,4,,Pakistan,507.98,4,Hina Khan,,17/01/2024
5280,Bilal Ahmed,07/01/2024,Chair,Furniture,186.38,1,186.38,Pakistan,186.38,1,Bilal Ahmed,186.38,07/01/2024
5281,Ali Khan,22/01/2024,Headphones,Electronics, ,,,Pakistan,507.98,1,Ali Khan,,22/01/2024
5282,Hina Khan,11/01/2024,Laptop,Electronics,,-1,,Pakistan,507.98,1,Hina Khan,,11/01/2024
5283,Usman Ali,28/01/2024,Keyboard,Electronics,,2,,Pakistan,507.98,2,Usman Ali,,28/01/2024
5284,Ali Khan,24/01/2024,Headphones,Electronics, ,-1,,Pakistan,507.98,1,Ali Khan,,24/01/2024
5286,Usman Ali,03/01/2024,Laptop,Electronics, ,,,Pakistan,507.98,1,Usman Ali,,03/01/2024
5287,Usman Ali,12/01/2024,Mouse,Electronics, ,-1,,Pakistan,507.98,1,Usman Ali,,12/01/2024
5288,,24/01/2024,Mouse,Electronics, ,3,,Pakistan,507.98,3,Unknown,,24/01/2024
5290,Ahmed Raza,28/01/2024,Phone,Electronics,,,,Pakistan,507.98,1,Ahmed Raza,,28/01/2024
5291,Sara Ahmed,21/01/2024,Mouse,Electronics,388.00,,,Pakistan,388.00,1,Sara Ahmed,,21/01/2024
5292,Sara Ahmed,14/01/2024,Headphones,Electronics,,4,,Pakistan,507.98,4,Sara Ahmed,,14/01/2024
5293,Bilal Ahmed,24/01/2024,Keyboard,Electronics, ,-1,,Pakistan,507.98,1,Bilal Ahmed,,24/01/2024
5295,Ahmed Raza,23/01/2024,Laptop,Electronics, ,,,Pakistan,507.98,1,Ahmed Raza,,23/01/2024
5296,Ali Khan,23/01/2024,Table,Furniture,,-1,,Pakistan,507.98,1,Ali Khan,,23/01/2024
5297,Sara Ahmed,21/01/2024,Table,Furniture,,-1,,Pakistan,507.98,1,Sara Ahmed,,21/01/2024
5298,Sara Ahmed,06/01/2024,Phone,Electronics, ,-1,,Pakistan,507.98,1,Sara Ahmed,,06/01/2024
5300,Hina Khan,11/01/2024,Monitor,Electronics, ,,,Pakistan,507.98,1,Hina Khan,,11/01/2024
5301,,28/01/2024,Monitor,Electronics,133.01,1,133.01,Pakistan,133.01,1,Unknown,133.01,28/01/2024
5302,Ali Khan,26/01/2024,Headphones,Electronics, ,,,Pakistan,507.98,1,Ali Khan,,26/01/2024
5303,Ahmed Raza,25/01/2024,Mouse,Electronics, ,,,Pakistan,507.98,1,Ahmed Raza,,25/01/2024
5304,Usman Ali,09/01/2024,Laptop,Electronics, ,-1,,Pakistan,507.98,1,Usman Ali,,09/01/2024
5305,Hina Khan,26/01/2024,Headphones,Electronics,,-1,,Pakistan,507.98,1,Hina Khan,,26/01/2024
5306,Ali Khan,09/01/2024,Table,Furniture,,,,Pakistan,507.98,1,Ali Khan,,09/01/2024
5307,,22/01/2024,Laptop,Electronics,,-1,,Pakistan,507.98,1,Unknown,,22/01/2024
5308,Ali Khan,08/01/2024,Keyboard,Electronics, ,-1,,Pakistan,507.98,1,Ali Khan,,08/01/2024
5309,Ayesha Noor,13/01/2024,Keyboard,Electronics,784.83,,,Pakistan,784.83,1,Ayesha Noor,,13/01/2024
5310,,10/01/2024,Monitor,Electronics,,1,,Pakistan,507.98,1,Unknown,,10/01/2024
5311,Usman Ali,06/01/2024,Phone,Electronics,,,,Pakistan,507.98,1,Usman Ali,,06/01/2024
5312,Hina Khan,26/01/2024,Headphones,Electronics,,-1,,Pakistan,507.98,1,Hina Khan,,26/01/2024
5314,Ali Khan,02/01/2024,Headphones,Electronics,,4,,Pakistan,507.98,4,Ali Khan,,02/01/2024
5315,Ayesha Noor,25/01/2024,Keyboard,Electronics,,-1,,Pakistan,507.98,1,Ayesha Noor,,25/01/2024
5316,Ahmed Raza,18/01/2024,Laptop,Electronics,599.53,2,1199.06,Pakistan,599.53,2,Ahmed Raza,1199.06,18/01/2024
5317,Bilal Ahmed,26/01/2024,Monitor,Electronics,,,,Pakistan,507.98,1,Bilal Ahmed,,26/01/2024
5318,Ayesha Noor,20/01/2024,Chair,Furniture, ,-1,,Pakistan,507.98,1,Ayesha Noor,,20/01/2024
5319,Bilal Ahmed,29/01/2024,Chair,Furniture, ,4,,Pakistan,507.98,4,Bilal Ahmed,,29/01/2024
5320,Bilal Ahmed,13/01/2024,Monitor,Electronics,546.46,-1,,Pakistan,546.46,1,Bilal Ahmed,,13/01/2024
5321,Ahmed Raza,17/01/2024,Keyboard,Electronics,468.75,,,Pakistan,468.75,1,Ahmed Raza,,17/01/2024
5322,Hina Khan,17/01/2024,Mouse,Electronics,,-1,,Pakistan,507.98,1,Hina Khan,,17/01/2024
5325,,20/01/2024,Headphones,Electronics,879.15,-1,,Pakistan,879.15,1,Unknown,,20/01/2024
5327,Sara Ahmed,01/01/2024,Table,Furniture,,,,Pakistan,507.98,1,Sara Ahmed,,01/01/2024
5328,Ayesha Noor,19/01/2024,Phone,Electronics,775.00,-1,,Pakistan,775.00,1,Ayesha Noor,,19/01/2024
5330,,04/01/2024,Chair,Furniture,693.14,1,693.14,Pakistan,693.14,1,Unknown,693.14,04/01/2024
5331,Ahmed Raza,25/01/2024,Chair,Furniture, ,,,Pakistan,507.98,1,Ahmed Raza,,25/01/2024
5332,Bilal Ahmed,07/01/2024,Phone,Electronics,367.45,-1,,Pakistan,367.45,1,Bilal Ahmed,,07/01/2024
5333,Bilal Ahmed,26/01/2024,Chair,Furniture,,1,,Pakistan,507.98,1,Bilal Ahmed,,26/01/2024
5334,Ahmed Raza,21/01/2024,Mouse,Electronics,,,,Pakistan,507.98,1,Ahmed Raza,,21/01/2024
5337,,27/01/2024,Chair,Furniture, ,2,,Pakistan,507.98,2,Unknown,,27/01/2024
5338,Bilal Ahmed,21/01/2024,Headphones,Electronics,159.95,,,Pakistan,159.95,1,Bilal Ahmed,,21/01/2024
5339,,14/01/2024,Keyboard,Electronics, ,4,,Pakistan,507.98,4,Unknown,,14/01/2024
5340,,15/01/2024,Laptop,Electronics, ,-1,,Pakistan,507.98,1,Unknown,,15/01/2024
5341,Sara Ahmed,01/01/2024,Keyboard,Electronics,,-1,,Pakistan,507.98,1,Sara Ahmed,,01/01/2024
5342,Ayesha Noor,18/01/2024,Keyboard,Electronics,773.71,,,Pakistan,773.71,1,Ayesha Noor,,18/01/2024
5343,Ayesha Noor,10/01/2024,Phone,Electronics, ,1,,Pakistan,507.98,1,Ayesha Noor,,10/01/2024
5344,Ayesha Noor,30/01/2024,Monitor,Electronics,,,,Pakistan,507.98,1,Ayesha Noor,,30/01/2024
5345,Usman Ali,15/01/2024,Headphones,Electronics, ,1,,Pakistan,507.98,1,Usman Ali,,15/01/2024
5348,Bilal Ahmed,08/01/2024,Chair,Furniture,306.20,-1,,Pakistan,306.20,1,Bilal Ahmed,,08/01/2024
5350,Ahmed Raza,21/01/2024,Headphones,Electronics,360.03,,,Pakistan,360.03,1,Ahmed Raza,,21/01/2024
5351,Usman Ali,16/01/2024,Keyboard,Electronics,,2,,Pakistan,507.98,2,Usman Ali,,16/01/2024
5352,Hina Khan,14/01/2024,Monitor,Electronics,604.02,4,2416.08,Pakistan,604.02,4,Hina Khan,2416.08,14/01/2024
5354,Bilal Ahmed,28/01/2024,Laptop,Electronics,,2,,Pakistan,507.98,2,Bilal Ahmed,,28/01/2024
5355,Sara Ahmed,14/01/2024,Laptop,Electronics,700.78,-1,,Pakistan,700.78,1,Sara Ahmed,,14/01/2024
5356,Sara Ahmed,06/01/2024,Table,Furniture,111.85,4,447.4,Pakistan,111.85,4,Sara Ahmed,447.4,06/01/2024
5357,,30/01/2024,Monitor,Electronics,540.57,-1,,Pakistan,540.57,1,Unknown,,30/01/2024
5358,Ali Khan,22/01/2024,Mouse,Electronics,945.67,,,Pakistan,945.67,1,Ali Khan,,22/01/2024
5359,Sara Ahmed,05/01/2024,Mouse,Electronics,456.53,-1,,Pakistan,456.53,1,Sara Ahmed,,05/01/2024
5361,Sara Ahmed,08/01/2024,Mouse,Electronics,714.78,2,1429.56,Pakistan,714.78,2,Sara Ahmed,1429.56,08/01/2024
5364,Usman Ali,22/01/2024,Monitor,Electronics,,-1,,Pakistan,507.98,1,Usman Ali,,22/01/2024
5365,Usman Ali,19/01/2024,Chair,Furniture,,-1,,Pakistan,507.98,1,Usman Ali,,19/01/2024
5367,,08/01/2024,Laptop,Electronics,966.93,,,Pakistan,966.93,1,Unknown,,08/01/2024
5368,Hina Khan,16/01/2024,Mouse,Electronics,997.47,-1,,Pakistan,997.47,1,Hina Khan,,16/01/2024
5369,,13/01/2024,Keyboard,Electronics,,-1,,Pakistan,507.98,1,Unknown,,13/01/2024
5371,Ali Khan,30/01/2024,Mouse,Electronics,,1,,Pakistan,507.98,1,Ali Khan,,30/01/2024
5372,Hina Khan,21/01/2024,Headphones,Electronics, ,,,Pakistan,507.98,1,Hina Khan,,21/01/2024
5374,Usman Ali,26/01/2024,Table,Furniture, ,-1,,Pakistan,507.98,1,Usman Ali,,26/01/2024
5375,Sara Ahmed,02/01/2024,Phone,Electronics,,,,Pakistan,507.98,1,Sara Ahmed,,02/01/2024
5378,Bilal Ahmed,05/01/2024,Keyboard,Electronics,815.06,-1,,Pakistan,815.06,1,Bilal Ahmed,,05/01/2024
5379,Bilal Ahmed,22/01/2024,Monitor,Electronics,,-1,,Pakistan,507.98,1,Bilal Ahmed,,22/01/2024
5380,Ali Khan,13/01/2024,Monitor,Electronics, ,-1,,Pakistan,507.98,1,Ali Khan,,13/01/2024
5381,Bilal Ahmed,25/01/2024,Chair,Furniture,,-1,,Pakistan,507.98,1,Bilal Ahmed,,25/01/2024
5382,Ali Khan,21/01/2024,Monitor,Electronics, ,-1,,Pakistan,507.98,1,Ali Khan,,21/01/2024
5383,Ali Khan,17/01/2024,Table,Furniture, ,4,,Pakistan,507.98,4,Ali Khan,,17/01/2024
5384,Ayesha Noor,06/01/2024,Table,Furniture, ,3,,Pakistan,507.98,3,Ayesha Noor,,06/01/2024
5385,,23/01/2024,Mouse,Electronics,536.21,,,Pakistan,536.21,1,Unknown,,23/01/2024
5386,Bilal Ahmed,27/01/2024,Mouse,Electronics,,3,,Pakistan,507.98,3,Bilal Ahmed,,27/01/2024
5387,,28/01/2024,Keyboard,Electronics,,,,Pakistan,507.98,1,Unknown,,28/01/2024
5389,Ahmed Raza,02/01/2024,Monitor,Electronics,,,,Pakistan,507.98,1,Ahmed Raza,,02/01/2024
5392,Bilal Ahmed,01/01/2024,Table,Furniture,,,,Pakistan,507.98,1,Bilal Ahmed,,01/01/2024
5393,Sara Ahmed,04/01/2024,Monitor,Electronics,372.15,,,Pakistan,372.15,1,Sara Ahmed,,04/01/2024
5394,,06/01/2024,Keyboard,Electronics,578.72,-1,,Pakistan,578.72,1,Unknown,,06/01/2024
5395,,25/01/2024,Chair,Furniture, ,1,,Pakistan,507.98,1,Unknown,,25/01/2024
5396,Bilal Ahmed,15/01/2024,Mouse,Electronics,690.06,2,1380.12,Pakistan,690.06,2,Bilal Ahmed,1380.12,15/01/2024
5399,Usman Ali,12/01/2024,Keyboard,Electronics,127.66,1,127.66,Pakistan,127.66,1,Usman Ali,127.66,12/01/2024
5400,Ayesha Noor,21/01/2024,Chair,Furniture, ,1,,Pakistan,507.98,1,Ayesha Noor,,21/01/2024
5401,Hina Khan,27/01/2024,Chair,Furniture, ,-1,,Pakistan,507.98,1,Hina Khan,,27/01/2024
5403,Ahmed Raza,24/01/2024,Monitor,Electronics,894.94,-1,,Pakistan,894.94,1,Ahmed Raza,,24/01/2024
5404,Ayesha Noor,22/01/2024,Phone,Electronics, ,,,Pakistan,507.98,1,Ayesha Noor,,22/01/2024
5405,Usman Ali,24/01/2024,Table,Furniture,552.41,-1,,Pakistan,552.41,1,Usman Ali,,24/01/2024
5407,Usman Ali,13/01/2024,Phone,Electronics,,4,,Pakistan,507.98,4,Usman Ali,,13/01/2024
5409,,12/01/2024,Laptop,Electronics,649.95,,,Pakistan,649.95,1,Unknown,,12/01/2024
5410,Usman Ali,17/01/2024,Headphones,Electronics, ,,,Pakistan,507.98,1,Usman Ali,,17/01/2024
5411,Ayesha Noor,10/01/2024,Keyboard,Electronics,568.76,,,Pakistan,568.76,1,Ayesha Noor,,10/01/2024
5412,Bilal Ahmed,04/01/2024,Headphones,Electronics,374.25,,,Pakistan,374.25,1,Bilal Ahmed,,04/01/2024
5413,Sara Ahmed,23/01/2024,Headphones,Electronics, ,3,,Pakistan,507.98,3,Sara Ahmed,,23/01/2024
5415,Bilal Ahmed,10/01/2024,Mouse,Electronics,,,,Pakistan,507.98,1,Bilal Ahmed,,10/01/2024
5416,,26/01/2024,Headphones,Electronics, ,-1,,Pakistan,507.98,1,Unknown,,26/01/2024
5417,Sara Ahmed,21/01/2024,Keyboard,Electronics,,,,Pakistan,507.98,1,Sara Ahmed,,21/01/2024
5418,Sara Ahmed,17/01/2024,Mouse,Electronics,,-1,,Pakistan,507.98,1,Sara Ahmed,,17/01/2024
5420,Sara Ahmed,19/01/2024,Monitor,Electronics,942.40,-1,,Pakistan,942.40,1,Sara Ahmed,,19/01/2024
5421,Sara Ahmed,02/01/2024,Table,Furniture, ,,,Pakistan,507.98,1,Sara Ahmed,,02/01/2024
5422,Ali Khan,18/01/2024,Laptop,Electronics,,,,Pakistan,507.98,1,Ali Khan,,18/01/2024
5423,Usman Ali,15/01/2024,Chair,Furniture, ,,,Pakistan,507.98,1,Usman Ali,,15/01/2024
5426,,17/01/2024,Chair,Furniture,241.94,3,725.82,Pakistan,241.94,3,Unknown,725.82,17/01/2024
5427,Hina Khan,11/01/2024,Chair,Furniture,717.67,,,Pakistan,717.67,1,Hina Khan,,11/01/2024
5428,Sara Ahmed,11/01/2024,Mouse,Electronics,,,,Pakistan,507.98,1,Sara Ahmed,,11/01/2024
5429,Ali Khan,02/01/2024,Monitor,Electronics, ,3,,Pakistan,507.98,3,Ali Khan,,02/01/2024
5430,Sara Ahmed,16/01/2024,Table,Furniture,21.11,3,63.33,Pakistan,21.11,3,Sara Ahmed,63.33,16/01/2024
5431,Usman Ali,13/01/2024,Phone,Electronics, ,-1,,Pakistan,507.98,1,Usman Ali,,13/01/2024
5432,Bilal Ahmed,27/01/2024,Laptop,Electronics,,,,Pakistan,507.98,1,Bilal Ahmed,,27/01/2024
5433,Sara Ahmed,18/01/2024,Chair,Furniture, ,,,Pakistan,507.98,1,Sara Ahmed,,18/01/2024
5434,,16/01/2024,Monitor,Electronics,,1,,Pakistan,507.98,1,Unknown,,16/01/2024
5435,Ali Khan,14/01/2024,Laptop,Electronics,,,,Pakistan,507.98,1,Ali Khan,,14/01/2024
5436,Ali Khan,24/01/2024,Mouse,Electronics,926.88,,,Pakistan,926.88,1,Ali Khan,,24/01/2024
5437,Hina Khan,03/01/2024,Keyboard,Electronics,,,,Pakistan,507.98,1,Hina Khan,,03/01/2024
5439,Sara Ahmed,24/01/2024,Headphones,Electronics,663.67,3,1991.01,Pakistan,663.67,3,Sara Ahmed,1991.01,24/01/2024
5440,Sara Ahmed,05/01/2024,Monitor,Electronics,,-1,,Pakistan,507.98,1,Sara Ahmed,,05/01/2024
5441,Ali Khan,06/01/2024,Headphones,Electronics,992.96,-1,,Pakistan,992.96,1,Ali Khan,,06/01/2024
5443,Sara Ahmed,16/01/2024,Phone,Electronics, ,,,Pakistan,507.98,1,Sara Ahmed,,16/01/2024
5444,Hina Khan,10/01/2024,Table,Furniture,583.26,2,1166.52,Pakistan,583.26,2,Hina Khan,1166.52,10/01/2024
5446,Sara Ahmed,15/01/2024,Chair,Furniture, ,,,Pakistan,507.98,1,Sara Ahmed,,15/01/2024
5447,Sara Ahmed,02/01/2024,Monitor,Electronics,794.78,-1,,Pakistan,794.78,1,Sara Ahmed,,02/01/2024
5448,Bilal Ahmed,05/01/2024,Monitor,Electronics, ,-1,,Pakistan,507.98,1,Bilal Ahmed,,05/01/2024
5449,Sara Ahmed,13/01/2024,Phone,Electronics, ,-1,,Pakistan,507.98,1,Sara Ahmed,,13/01/2024
5451,Sara Ahmed,17/01/2024,Mouse,Electronics,,,,Pakistan,507.98,1,Sara Ahmed,,17/01/2024
5452,Usman Ali,17/01/2024,Laptop,Electronics,,2,,Pakistan,507.98,2,Usman Ali,,17/01/2024
5453,,24/01/2024,Headphones,Electronics,,,,Pakistan,507.98,1,Unknown,,24/01/2024
5454,Usman Ali,01/01/2024,Headphones,Electronics, ,1,,Pakistan,507.98,1,Usman Ali,,01/01/2024
5455,Bilal Ahmed,01/01/2024,Keyboard,Electronics,,1,,Pakistan,507.98,1,Bilal Ahmed,,01/01/2024
5457,Ayesha Noor,23/01/2024,Headphones,Electronics,855.10,-1,,Pakistan,855.10,1,Ayesha Noor,,23/01/2024
5458,,22/01/2024,Chair,Furniture, ,,,Pakistan,507.98,1,Unknown,,22/01/2024
5459,Bilal Ahmed,03/01/2024,Headphones,Electronics,31.39,-1,,Pakistan,31.39,1,Bilal Ahmed,,03/01/2024
5461,,21/01/2024,Laptop,Electronics, ,,,Pakistan,507.98,1,Unknown,,21/01/2024
5462,Ali Khan,08/01/2024,Keyboard,Electronics, ,2,,Pakistan,507.98,2,Ali Khan,,08/01/2024
5463,Bilal Ahmed,16/01/2024,Phone,Electronics, ,-1,,Pakistan,507.98,1,Bilal Ahmed,,16/01/2024
5464,Ahmed Raza,26/01/2024,Mouse,Electronics,139.83,-1,,Pakistan,139.83,1,Ahmed Raza,,26/01/2024
5465,Ahmed Raza,13/01/2024,Laptop,Electronics,,,,Pakistan,507.98,1,Ahmed Raza,,13/01/2024
5467,Usman Ali,24/01/2024,Phone,Electronics,500.65,2,1001.3,Pakistan,500.65,2,Usman Ali,1001.3,24/01/2024
5469,Ali Khan,23/01/2024,Mouse,Electronics,568.11,2,1136.22,Pakistan,568.11,2,Ali Khan,1136.22,23/01/2024
5470,Sara Ahmed,10/01/2024,Table,Furniture, ,3,,Pakistan,507.98,3,Sara Ahmed,,10/01/2024
5471,,19/01/2024,Keyboard,Electronics, ,,,Pakistan,507.98,1,Unknown,,19/01/2024
5473,Hina Khan,07/01/2024,Chair,Furniture, ,,,Pakistan,507.98,1,Hina Khan,,07/01/2024
5474,Ali Khan,08/01/2024,Table,Furniture, ,,,Pakistan,507.98,1,Ali Khan,,08/01/2024
5475,,15/01/2024,Monitor,Electronics,591.75,-1,,Pakistan,591.75,1,Unknown,,15/01/2024
5476,Usman Ali,23/01/2024,Keyboard,Electronics,,,,Pakistan,507.98,1,Usman Ali,,23/01/2024
5477,Ayesha Noor,01/01/2024,Keyboard,Electronics,878.37,2,1756.74,Pakistan,878.37,2,Ayesha Noor,1756.74,01/01/2024
5478,Bilal Ahmed,27/01/2024,Headphones,Electronics,323.49,3,970.47,Pakistan,323.49,3,Bilal Ahmed,970.47,27/01/2024
5480,Bilal Ahmed,13/01/2024,Chair,Furniture,,-1,,Pakistan,507.98,1,Bilal Ahmed,,13/01/2024
5481,Hina Khan,27/01/2024,Mouse,Electronics,,-1,,Pakistan,507.98,1,Hina Khan,,27/01/2024
5482,Usman Ali,01/01/2024,Headphones,Electronics, ,-1,,Pakistan,507.98,1,Usman Ali,,01/01/2024
5484,Hina Khan,08/01/2024,Phone,Electronics, ,4,,Pakistan,507.98,4,Hina Khan,,08/01/2024
5485,Usman Ali,12/01/2024,Mouse,Electronics,,,,Pakistan,507.98,1,Usman Ali,,12/01/2024
5487,Ali Khan,06/01/2024,Laptop,Electronics,220.53,2,441.06,Pakistan,220.53,2,Ali Khan,441.06,06/01/2024
5488,Sara Ahmed,26/01/2024,Keyboard,Electronics,843.06,3,2529.18,Pakistan,843.06,3,Sara Ahmed,2529.18,26/01/2024
5489,,04/01/2024,Table,Furniture,561.89,,,Pakistan,561.89,1,Unknown,,04/01/2024
5490,Hina Khan,03/01/2024,Headphones,Electronics, ,-1,,Pakistan,507.98,1,Hina Khan,,03/01/2024
5491,Bilal Ahmed,15/01/2024,Headphones,Electronics,,,,Pakistan,507.98,1,Bilal Ahmed,,15/01/2024
5492,Ahmed Raza,24/01/2024,Mouse,Electronics, ,,,Pakistan,507.98,1,Ahmed Raza,,24/01/2024
5493,Hina Khan,26/01/2024,Phone,Electronics,923.41,-1,,Pakistan,923.41,1,Hina Khan,,26/01/2024
5494,Ayesha Noor,02/01/2024,Laptop,Electronics,,,,Pakistan,507.98,1,Ayesha Noor,,02/01/2024
5496,,17/01/2024,Keyboard,Electronics,,,,Pakistan,507.98,1,Unknown,,17/01/2024
5497,Ali Khan,30/01/2024,Table,Furniture,,,,Pakistan,507.98,1,Ali Khan,,30/01/2024
5498,Usman Ali,16/01/2024,Headphones,Electronics,,3,,Pakistan,507.98,3,Usman Ali,,16/01/2024
5499,Usman Ali,18/01/2024,Chair,Furniture, ,1,,Pakistan,507.98,1,Usman Ali,,18/01/2024
5500,,16/01/2024,Chair,Furniture, ,-1,,Pakistan,507.98,1,Unknown,,16/01/2024
5501,,14/01/2024,Chair,Furniture,,,,Pakistan,507.98,1,Unknown,,14/01/2024
5503,Sara Ahmed,25/01/2024,Table,Furniture,300.21,1,300.21,Pakistan,300.21,1,Sara Ahmed,300.21,25/01/2024
5504,Ayesha Noor,18/01/2024,Chair,Furniture,258.44,-1,,Pakistan,258.44,1,Ayesha Noor,,18/01/2024
5505,Usman Ali,13/01/2024,Table,Furniture,658.83,,,Pakistan,658.83,1,Usman Ali,,13/01/2024
5506,Ayesha Noor,13/01/2024,Headphones,Electronics, ,3,,Pakistan,507.98,3,Ayesha Noor,,13/01/2024
5507,Sara Ahmed,20/01/2024,Keyboard,Electronics, ,3,,Pakistan,507.98,3,Sara Ahmed,,20/01/2024
5508,Ayesha Noor,01/01/2024,Mouse,Electronics,,,,Pakistan,507.98,1,Ayesha Noor,,01/01/2024
5509,Hina Khan,30/01/2024,Keyboard,Electronics,,1,,Pakistan,507.98,1,Hina Khan,,30/01/2024
5510,Usman Ali,09/01/2024,Phone,Electronics,,-1,,Pakistan,507.98,1,Usman Ali,,09/01/2024
5511,Ayesha Noor,20/01/2024,Headphones,Electronics, ,,,Pakistan,507.98,1,Ayesha Noor,,20/01/2024
5512,Ahmed Raza,20/01/2024,Table,Furniture, ,,,Pakistan,507.98,1,Ahmed Raza,,20/01/2024
5513,Ayesha Noor,19/01/2024,Laptop,Electronics,691.49,2,1382.98,Pakistan,691.49,2,Ayesha Noor,1382.98,19/01/2024
5514,Bilal Ahmed,27/01/2024,Mouse,Electronics,,-1,,Pakistan,507.98,1,Bilal Ahmed,,27/01/2024
5516,Hina Khan,01/01/2024,Laptop,Electronics, ,-1,,Pakistan,507.98,1,Hina Khan,,01/01/2024
5517,Sara Ahmed,10/01/2024,Headphones,Electronics,121.55,,,Pakistan,121.55,1,Sara Ahmed,,10/01/2024
5518,Hina Khan,25/01/2024,Keyboard,Electronics, ,-1,,Pakistan,507.98,1,Hina Khan,,25/01/2024
5519,,14/01/2024,Chair,Furniture,666.53,,,Pakistan,666.53,1,Unknown,,14/01/2024
5521,Hina Khan,03/01/2024,Headphones,Electronics,,1,,Pakistan,507.98,1,Hina Khan,,03/01/2024
5523,Bilal Ahmed,27/01/2024,Table,Furniture, ,,,Pakistan,507.98,1,Bilal Ahmed,,27/01/2024
5526,,13/01/2024,Chair,Furniture, ,1,,Pakistan,507.98,1,Unknown,,13/01/2024
5527,Ayesha Noor,06/01/2024,Chair,Furniture,280.16,-1,,Pakistan,280.16,1,Ayesha Noor,,06/01/2024
5528,Bilal Ahmed,14/01/2024,Mouse,Electronics,,-1,,Pakistan,507.98,1,Bilal Ahmed,,14/01/2024
5531,Ali Khan,10/01/2024,Phone,Electronics,664.25,,,Pakistan,664.25,1,Ali Khan,,10/01/2024
5534,Usman Ali,25/01/2024,Table,Furniture,773.00,-1,,Pakistan,773.00,1,Usman Ali,,25/01/2024
5535,Sara Ahmed,27/01/2024,Mouse,Electronics,533.49,1,533.49,Pakistan,533.49,1,Sara Ahmed,533.49,27/01/2024
5537,Ayesha Noor,22/01/2024,Laptop,Electronics,205.90,,,Pakistan,205.90,1,Ayesha Noor,,22/01/2024
5539,Ahmed Raza,30/01/2024,Chair,Furniture, ,-1,,Pakistan,507.98,1,Ahmed Raza,,30/01/2024
5540,Bilal Ahmed,01/01/2024,Chair,Furniture,596.92,3,1790.76,Pakistan,596.92,3,Bilal Ahmed,1790.76,01/01/2024
5542,Usman Ali,25/01/2024,Headphones,Electronics,,,,Pakistan,507.98,1,Usman Ali,,25/01/2024
5543,Sara Ahmed,28/01/2024,Chair,Furniture,524.04,-1,,Pakistan,524.04,1,Sara Ahmed,,28/01/2024
5546,Ahmed Raza,08/01/2024,Headphones,Electronics,867.20,-1,,Pakistan,867.20,1,Ahmed Raza,,08/01/2024
5548,Ayesha Noor,09/01/2024,Chair,Furniture, ,-1,,Pakistan,507.98,1,Ayesha Noor,,09/01/2024
5549,Bilal Ahmed,08/01/2024,Mouse,Electronics,636.06,,,Pakistan,636.06,1,Bilal Ahmed,,08/01/2024
5550,Ali Khan,15/01/2024,Laptop,Electronics, ,4,,Pakistan,507.98,4,Ali Khan,,15/01/2024
5551,Usman Ali,29/01/2024,Table,Furniture,583.52,1,583.52,Pakistan,583.52,1,Usman Ali,583.52,29/01/2024
5552,Ahmed Raza,30/01/2024,Headphones,Electronics,,-1,,Pakistan,507.98,1,Ahmed Raza,,30/01/2024
5553,Hina Khan,18/01/2024,Chair,Furniture, ,4,,Pakistan,507.98,4,Hina Khan,,18/01/2024
5554,Bilal Ahmed,12/01/2024,Chair,Furniture, ,,,Pakistan,507.98,1,Bilal Ahmed,,12/01/2024
5555,Sara Ahmed,09/01/2024,Monitor,Electronics,897.13,-1,,Pakistan,897.13,1,Sara Ahmed,,09/01/2024
5557,Sara Ahmed,04/01/2024,Chair,Furniture,310.77,,,Pakistan,310.77,1,Sara Ahmed,,04/01/2024
5559,Sara Ahmed,21/01/2024,Mouse,Electronics,610.68,,,Pakistan,610.68,1,Sara Ahmed,,21/01/2024
5560,Sara Ahmed,22/01/2024,Phone,Electronics,296.85,-1,,Pakistan,296.85,1,Sara Ahmed,,22/01/2024
5561,,10/01/2024,Monitor,Electronics,,1,,Pakistan,507.98,1,Unknown,,10/01/2024
5562,Bilal Ahmed,06/01/2024,Laptop,Electronics,,,,Pakistan,507.98,1,Bilal Ahmed,,06/01/2024
5563,Ayesha Noor,15/01/2024,Headphones,Electronics,369.12,-1,,Pakistan,369.12,1,Ayesha Noor,,15/01/2024
5564,Ali Khan,08/01/2024,Keyboard,Electronics, ,1,,Pakistan,507.98,1,Ali Khan,,08/01/2024
5565,Usman Ali,13/01/2024,Phone,Electronics,,-1,,Pakistan,507.98,1,Usman Ali,,13/01/2024
5567,Ahmed Raza,26/01/2024,Mouse,Electronics,322.67,-1,,Pakistan,322.67,1,Ahmed Raza,,26/01/2024
5568,Ali Khan,16/01/2024,Mouse,Electronics,,-1,,Pakistan,507.98,1,Ali Khan,,16/01/2024
5570,Hina Khan,27/01/2024,Chair,Furniture, ,,,Pakistan,507.98,1,Hina Khan,,27/01/2024
5571,Ayesha Noor,19/01/2024,Laptop,Electronics,303.18,2,606.36,Pakistan,303.18,2,Ayesha Noor,606.36,19/01/2024
5572,,24/01/2024,Chair,Furniture,646.60,-1,,Pakistan,646.60,1,Unknown,,24/01/2024
5573,Sara Ahmed,26/01/2024,Headphones,Electronics,186.13,,,Pakistan,186.13,1,Sara Ahmed,,26/01/2024
5574,Sara Ahmed,10/01/2024,Monitor,Electronics, ,-1,,Pakistan,507.98,1,Sara Ahmed,,10/01/2024
5575,Hina Khan,10/01/2024,Phone,Electronics,125.09,4,500.36,Pakistan,125.09,4,Hina Khan,500.36,10/01/2024
5577,Hina Khan,19/01/2024,Laptop,Electronics,,,,Pakistan,507.98,1,Hina Khan,,19/01/2024
5578,Sara Ahmed,16/01/2024,Laptop,Electronics, ,-1,,Pakistan,507.98,1,Sara Ahmed,,16/01/2024
5579,Ayesha Noor,23/01/2024,Table,Furniture, ,1,,Pakistan,507.98,1,Ayesha Noor,,23/01/2024
5580,Hina Khan,26/01/2024,Chair,Furniture, ,-1,,Pakistan,507.98,1,Hina Khan,,26/01/2024
5582,Ayesha Noor,11/01/2024,Chair,Furniture, ,-1,,Pakistan,507.98,1,Ayesha Noor,,11/01/2024
5583,Sara Ahmed,10/01/2024,Monitor,Electronics,,4,,Pakistan,507.98,4,Sara Ahmed,,10/01/2024
5584,Ali Khan,24/01/2024,Chair,Furniture,,-1,,Pakistan,507.98,1,Ali Khan,,24/01/2024
5585,Ayesha Noor,07/01/2024,Monitor,Electronics, ,-1,,Pakistan,507.98,1,Ayesha Noor,,07/01/2024
5587,Ayesha Noor,04/01/2024,Laptop,Electronics, ,2,,Pakistan,507.98,2,Ayesha Noor,,04/01/2024
5589,Ayesha Noor,22/01/2024,Table,Furniture,815.70,,,Pakistan,815.70,1,Ayesha Noor,,22/01/2024
5590,,18/01/2024,Table,Furniture,,-1,,Pakistan,507.98,1,Unknown,,18/01/2024
5591,Bilal Ahmed,13/01/2024,Phone,Electronics, ,,,Pakistan,507.98,1,Bilal Ahmed,,13/01/2024
5592,Ali Khan,11/01/2024,Headphones,Electronics, ,4,,Pakistan,507.98,4,Ali Khan,,11/01/2024
5594,,20/01/2024,Mouse,Electronics, ,1,,Pakistan,507.98,1,Unknown,,20/01/2024
5597,Ahmed Raza,02/01/2024,Mouse,Electronics, ,1,,Pakistan,507.98,1,Ahmed Raza,,02/01/2024
5598,Ahmed Raza,22/01/2024,Laptop,Electronics,,1,,Pakistan,507.98,1,Ahmed Raza,,22/01/2024
5599,Hina Khan,05/01/2024,Mouse,Electronics,,-1,,Pakistan,507.98,1,Hina Khan,,05/01/2024
5600,Ayesha Noor,04/01/2024,Mouse,Electronics,,-1,,Pakistan,507.98,1,Ayesha Noor,,04/01/2024
5601,,13/01/2024,Headphones,Electronics, ,-1,,Pakistan,507.98,1,Unknown,,13/01/2024
5602,Usman Ali,12/01/2024,Laptop,Electronics, ,3,,Pakistan,507.98,3,Usman Ali,,12/01/2024
5604,Ayesha Noor,30/01/2024,Monitor,Electronics, ,,,Pakistan,507.98,1,Ayesha Noor,,30/01/2024
5605,Ayesha Noor,25/01/2024,Laptop,Electronics, ,4,,Pakistan,507.98,4,Ayesha Noor,,25/01/2024
5606,Ayesha Noor,15/01/2024,Keyboard,Electronics,,-1,,Pakistan,507.98,1,Ayesha Noor,,15/01/2024
5607,Usman Ali,02/01/2024,Chair,Furniture,,,,Pakistan,507.98,1,Usman Ali,,02/01/2024
5608,Hina Khan,23/01/2024,Table,Furniture,,2,,Pakistan,507.98,2,Hina Khan,,23/01/2024
5609,Ayesha Noor,04/01/2024,Headphones,Electronics, ,3,,Pakistan,507.98,3,Ayesha Noor,,04/01/2024
5611,Bilal Ahmed,25/01/2024,Keyboard,Electronics,,-1,,Pakistan,507.98,1,Bilal Ahmed,,25/01/2024
5612,Ayesha Noor,01/01/2024,Chair,Furniture, ,,,Pakistan,507.98,1,Ayesha Noor,,01/01/2024
5613,Ali Khan,14/01/2024,Keyboard,Electronics, ,,,Pakistan,507.98,1,Ali Khan,,14/01/2024
5614,Usman Ali,09/01/2024,Chair,Furniture,895.34,,,Pakistan,895.34,1,Usman Ali,,09/01/2024
5616,Usman Ali,27/01/2024,Monitor,Electronics,88.31,-1,,Pakistan,88.31,1,Usman Ali,,27/01/2024
5617,,07/01/2024,Monitor,Electronics,260.33,-1,,Pakistan,260.33,1,Unknown,,07/01/2024
5618,Hina Khan,15/01/2024,Table,Furniture,232.90,,,Pakistan,232.90,1,Hina Khan,,15/01/2024
5619,Ahmed Raza,01/01/2024,Table,Furniture,,1,,Pakistan,507.98,1,Ahmed Raza,,01/01/2024
5620,Hina Khan,05/01/2024,Phone,Electronics, ,1,,Pakistan,507.98,1,Hina Khan,,05/01/2024
5622,Ayesha Noor,15/01/2024,Phone,Electronics,,4,,Pakistan,507.98,4,Ayesha Noor,,15/01/2024
5623,Sara Ahmed,08/01/2024,Mouse,Electronics,643.99,-1,,Pakistan,643.99,1,Sara Ahmed,,08/01/2024
5625,,08/01/2024,Headphones,Electronics,,,,Pakistan,507.98,1,Unknown,,08/01/2024
5626,Sara Ahmed,04/01/2024,Chair,Furniture,,-1,,Pakistan,507.98,1,Sara Ahmed,,04/01/2024
5627,Ayesha Noor,24/01/2024,Chair,Furniture,,,,Pakistan,507.98,1,Ayesha Noor,,24/01/2024
5628,Ayesha Noor,29/01/2024,Phone,Electronics,,2,,Pakistan,507.98,2,Ayesha Noor,,29/01/2024
5630,Ali Khan,26/01/2024,Mouse,Electronics, ,,,Pakistan,507.98,1,Ali Khan,,26/01/2024
5631,Usman Ali,23/01/2024,Phone,Electronics,,-1,,Pakistan,507.98,1,Usman Ali,,23/01/2024
5632,Usman Ali,14/01/2024,Laptop,Electronics,469.08,4,1876.32,Pakistan,469.08,4,Usman Ali,1876.32,14/01/2024
5633,Hina Khan,06/01/2024,Monitor,Electronics,,-1,,Pakistan,507.98,1,Hina Khan,,06/01/2024
5634,Ali Khan,16/01/2024,Monitor,Electronics, ,,,Pakistan,507.98,1,Ali Khan,,16/01/2024
5635,Usman Ali,01/01/2024,Phone,Electronics,,2,,Pakistan,507.98,2,Usman Ali,,01/01/2024
5636,Usman Ali,15/01/2024,Chair,Furniture,,,,Pakistan,507.98,1,Usman Ali,,15/01/2024
5640,Usman Ali,26/01/2024,Laptop,Electronics,,4,,Pakistan,507.98,4,Usman Ali,,26/01/2024
5641,Hina Khan,04/01/2024,Chair,Furniture,,3,,Pakistan,507.98,3,Hina Khan,,04/01/2024
5642,Usman Ali,28/01/2024,Mouse,Electronics, ,-1,,Pakistan,507.98,1,Usman Ali,,28/01/2024
5643,Hina Khan,11/01/2024,Table,Furniture, ,-1,,Pakistan,507.98,1,Hina Khan,,11/01/2024
5644,Bilal Ahmed,26/01/2024,Table,Furniture,847.01,3,2541.03,Pakistan,847.01,3,Bilal Ahmed,2541.03,26/01/2024
5646,Usman Ali,08/01/2024,Headphones,Electronics, ,,,Pakistan,507.98,1,Usman Ali,,08/01/2024
5647,Ali Khan,10/01/2024,Chair,Furniture,,-1,,Pakistan,507.98,1,Ali Khan,,10/01/2024
5648,Usman Ali,17/01/2024,Chair,Furniture,378.70,,,Pakistan,378.70,1,Usman Ali,,17/01/2024
5649,Sara Ahmed,19/01/2024,Keyboard,Electronics, ,3,,Pakistan,507.98,3,Sara Ahmed,,19/01/2024
5650,Bilal Ahmed,28/01/2024,Mouse,Electronics,,-1,,Pakistan,507.98,1,Bilal Ahmed,,28/01/2024
5651,Sara Ahmed,08/01/2024,Monitor,Electronics,50.98,,,Pakistan,50.98,1,Sara Ahmed,,08/01/2024
5652,Hina Khan,04/01/2024,Keyboard,Electronics,57.39,1,57.39,Pakistan,57.39,1,Hina Khan,57.39,04/01/2024
5654,Ahmed Raza,11/01/2024,Keyboard,Electronics,,1,,Pakistan,507.98,1,Ahmed Raza,,11/01/2024
5655,Ayesha Noor,14/01/2024,Mouse,Electronics,,4,,Pakistan,507.98,4,Ayesha Noor,,14/01/2024
5656,Ahmed Raza,09/01/2024,Table,Furniture,,-1,,Pakistan,507.98,1,Ahmed Raza,,09/01/2024
5657,Ayesha Noor,16/01/2024,Table,Furniture,553.91,,,Pakistan,553.91,1,Ayesha Noor,,16/01/2024
5659,Ahmed Raza,25/01/2024,Mouse,Electronics, ,2,,Pakistan,507.98,2,Ahmed Raza,,25/01/2024
5660,Sara Ahmed,26/01/2024,Laptop,Electronics,,,,Pakistan,507.98,1,Sara Ahmed,,26/01/2024
5663,Hina Khan,07/01/2024,Table,Furniture,635.90,1,635.9,Pakistan,635.90,1,Hina Khan,635.9,07/01/2024
5664,Sara Ahmed,11/01/2024,Monitor,Electronics,,-1,,Pakistan,507.98,1,Sara Ahmed,,11/01/2024
5665,Hina Khan,25/01/2024,Mouse,Electronics,,-1,,Pakistan,507.98,1,Hina Khan,,25/01/2024
5666,,13/01/2024,Chair,Furniture,469.61,2,939.22,Pakistan,469.61,2,Unknown,939.22,13/01/2024
5667,Hina Khan,05/01/2024,Phone,Electronics,828.31,4,3313.24,Pakistan,828.31,4,Hina Khan,3313.24,05/01/2024
5670,Ali Khan,12/01/2024,Keyboard,Electronics,,1,,Pakistan,507.98,1,Ali Khan,,12/01/2024
5671,Ahmed Raza,14/01/2024,Phone,Electronics, ,2,,Pakistan,507.98,2,Ahmed Raza,,14/01/2024
5672,Bilal Ahmed,09/01/2024,Phone,Electronics, ,-1,,Pakistan,507.98,1,Bilal Ahmed,,09/01/2024
5674,Hina Khan,05/01/2024,Chair,Furniture, ,,,Pakistan,507.98,1,Hina Khan,,05/01/2024
5676,Sara Ahmed,28/01/2024,Headphones,Electronics,,-1,,Pakistan,507.98,1,Sara Ahmed,,28/01/2024
5677,Ayesha Noor,13/01/2024,Monitor,Electronics,,,,Pakistan,507.98,1,Ayesha Noor,,13/01/2024
5678,Bilal Ahmed,17/01/2024,Table,Furniture,570.56,2,1141.12,Pakistan,570.56,2,Bilal Ahmed,1141.12,17/01/2024
5679,Sara Ahmed,23/01/2024,Phone,Electronics,,-1,,Pakistan,507.98,1,Sara Ahmed,,23/01/2024
5680,Ayesha Noor,09/01/2024,Laptop,Electronics, ,2,,Pakistan,507.98,2,Ayesha Noor,,09/01/2024
5681,Bilal Ahmed,21/01/2024,Phone,Electronics,872.65,4,3490.6,Pakistan,872.65,4,Bilal Ahmed,3490.6,21/01/2024
5682,,02/01/2024,Monitor,Electronics,90.46,1,90.46,Pakistan,90.46,1,Unknown,90.46,02/01/2024
5683,Ali Khan,25/01/2024,Headphones,Electronics, ,-1,,Pakistan,507.98,1,Ali Khan,,25/01/2024
5684,,16/01/2024,Chair,Furniture,,3,,Pakistan,507.98,3,Unknown,,16/01/2024
5686,Sara Ahmed,25/01/2024,Keyboard,Electronics, ,,,Pakistan,507.98,1,Sara Ahmed,,25/01/2024
5687,,19/01/2024,Chair,Furniture,,3,,Pakistan,507.98,3,Unknown,,19/01/2024
5688,Ali Khan,09/01/2024,Table,Furniture,196.69,-1,,Pakistan,196.69,1,Ali Khan,,09/01/2024
5690,Ahmed Raza,03/01/2024,Keyboard,Electronics,911.61,4,3646.44,Pakistan,911.61,4,Ahmed Raza,3646.44,03/01/2024
5691,,21/01/2024,Mouse,Electronics,,,,Pakistan,507.98,1,Unknown,,21/01/2024
5692,Usman Ali,12/01/2024,Keyboard,Electronics,,1,,Pakistan,507.98,1,Usman Ali,,12/01/2024
5693,Ali Khan,22/01/2024,Headphones,Electronics,590.71,4,2362.84,Pakistan,590.71,4,Ali Khan,2362.84,22/01/2024
5695,Bilal Ahmed,07/01/2024,Chair,Furniture,647.83,4,2591.32,Pakistan,647.83,4,Bilal Ahmed,2591.32,07/01/2024
5696,Hina Khan,01/01/2024,Headphones,Electronics, ,1,,Pakistan,507.98,1,Hina Khan,,01/01/2024
5697,Usman Ali,05/01/2024,Laptop,Electronics,,1,,Pakistan,507.98,1,Usman Ali,,05/01/2024
5699,Ahmed Raza,16/01/2024,Table,Furniture, ,,,Pakistan,507.98,1,Ahmed Raza,,16/01/2024
5700,Sara Ahmed,06/01/2024,Mouse,Electronics,190.41,-1,,Pakistan,190.41,1,Sara Ahmed,,06/01/2024
5701,Bilal Ahmed,01/01/2024,Table,Furniture,765.59,3,2296.77,Pakistan,765.59,3,Bilal Ahmed,2296.77,01/01/2024
5702,Bilal Ahmed,10/01/2024,Monitor,Electronics,418.95,-1,,Pakistan,418.95,1,Bilal Ahmed,,10/01/2024
5703,Sara Ahmed,23/01/2024,Mouse,Electronics, ,,,Pakistan,507.98,1,Sara Ahmed,,23/01/2024
5705,Ali Khan,26/01/2024,Mouse,Electronics, ,,,Pakistan,507.98,1,Ali Khan,,26/01/2024
5706,Bilal Ahmed,03/01/2024,Table,Furniture,277.78,-1,,Pakistan,277.78,1,Bilal Ahmed,,03/01/2024
5707,Ahmed Raza,01/01/2024,Chair,Furniture, ,,,Pakistan,507.98,1,Ahmed Raza,,01/01/2024
5708,Hina Khan,29/01/2024,Keyboard,Electronics, ,-1,,Pakistan,507.98,1,Hina Khan,,29/01/2024
5709,,08/01/2024,Monitor,Electronics,157.88,-1,,Pakistan,157.88,1,Unknown,,08/01/2024
5711,Ahmed Raza,18/01/2024,Table,Furniture,,,,Pakistan,507.98,1,Ahmed Raza,,18/01/2024
5713,,04/01/2024,Headphones,Electronics, ,4,,Pakistan,507.98,4,Unknown,,04/01/2024
5715,,18/01/2024,Keyboard,Electronics, ,1,,Pakistan,507.98,1,Unknown,,18/01/2024
5716,,24/01/2024,Headphones,Electronics,120.37,-1,,Pakistan,120.37,1,Unknown,,24/01/2024
5717,Usman Ali,20/01/2024,Keyboard,Electronics, ,1,,Pakistan,507.98,1,Usman Ali,,20/01/2024
5721,,13/01/2024,Monitor,Electronics,266.97,,,Pakistan,266.97,1,Unknown,,13/01/2024
5722,Ayesha Noor,08/01/2024,Mouse,Electronics, ,1,,Pakistan,507.98,1,Ayesha Noor,,08/01/2024
5723,Ayesha Noor,29/01/2024,Headphones,Electronics,381.94,-1,,Pakistan,381.94,1,Ayesha Noor,,29/01/2024
5724,Hina Khan,02/01/2024,Keyboard,Electronics,,-1,,Pakistan,507.98,1,Hina Khan,,02/01/2024
5725,Ali Khan,09/01/2024,Laptop,Electronics,,,,Pakistan,507.98,1,Ali Khan,,09/01/2024
5726,Sara Ahmed,28/01/2024,Mouse,Electronics, ,,,Pakistan,507.98,1,Sara Ahmed,,28/01/2024
5727,Ali Khan,13/01/2024,Keyboard,Electronics,,1,,Pakistan,507.98,1,Ali Khan,,13/01/2024
5728,Bilal Ahmed,07/01/2024,Phone,Electronics, ,,,Pakistan,507.98,1,Bilal Ahmed,,07/01/2024
5729,Hina Khan,14/01/2024,Table,Furniture, ,3,,Pakistan,507.98,3,Hina Khan,,14/01/2024
5730,Ali Khan,02/01/2024,Chair,Furniture,,,,Pakistan,507.98,1,Ali Khan,,02/01/2024
5731,Sara Ahmed,08/01/2024,Table,Furniture,,,,Pakistan,507.98,1,Sara Ahmed,,08/01/2024
5732,Usman Ali,16/01/2024,Monitor,Electronics,,,,Pakistan,507.98,1,Usman Ali,,16/01/2024
5734,,16/01/2024,Monitor,Electronics,42.64,,,Pakistan,42.64,1,Unknown,,16/01/2024
5735,Sara Ahmed,15/01/2024,Phone,Electronics, ,-1,,Pakistan,507.98,1,Sara Ahmed,,15/01/2024
5736,Ahmed Raza,03/01/2024,Chair,Furniture, ,-1,,Pakistan,507.98,1,Ahmed Raza,,03/01/2024
5737,Ayesha Noor,10/01/2024,Mouse,Electronics,,,,Pakistan,507.98,1,Ayesha Noor,,10/01/2024
5738,Usman Ali,04/01/2024,Table,Furniture,,,,Pakistan,507.98,1,Usman Ali,,04/01/2024
5739,Hina Khan,28/01/2024,Laptop,Electronics,225.00,1,225,Pakistan,225.00,1,Hina Khan,225,28/01/2024
5740,Ali Khan,10/01/2024,Headphones,Electronics, ,1,,Pakistan,507.98,1,Ali Khan,,10/01/2024
5741,,15/01/2024,Laptop,Electronics,,-1,,Pakistan,507.98,1,Unknown,,15/01/2024
5742,Ahmed Raza,23/01/2024,Phone,Electronics,,,,Pakistan,507.98,1,Ahmed Raza,,23/01/2024
5744,Ali Khan,07/01/2024,Keyboard,Electronics,67.65,4,270.6,Pakistan,67.65,4,Ali Khan,270.6,07/01/2024
5745,Hina Khan,24/01/2024,Monitor,Electronics, ,,,Pakistan,507.98,1,Hina Khan,,24/01/2024
5746,Ayesha Noor,30/01/2024,Keyboard,Electronics, ,3,,Pakistan,507.98,3,Ayesha Noor,,30/01/2024
5747,Usman Ali,08/01/2024,Monitor,Electronics,283.98,4,1135.92,Pakistan,283.98,4,Usman Ali,1135.92,08/01/2024
5749,Ali Khan,12/01/2024,Headphones,Electronics, ,1,,Pakistan,507.98,1,Ali Khan,,12/01/2024
5750,Ahmed Raza,05/01/2024,Chair,Furniture,,-1,,Pakistan,507.98,1,Ahmed Raza,,05/01/2024
5751,,20/01/2024,Headphones,Electronics, ,-1,,Pakistan,507.98,1,Unknown,,20/01/2024
5752,Hina Khan,30/01/2024,Keyboard,Electronics,,1,,Pakistan,507.98,1,Hina Khan,,30/01/2024
5753,Usman Ali,29/01/2024,Monitor,Electronics,632.33,-1,,Pakistan,632.33,1,Usman Ali,,29/01/2024
5755,Ayesha Noor,24/01/2024,Table,Furniture,,-1,,Pakistan,507.98,1,Ayesha Noor,,24/01/2024
5756,Ayesha Noor,16/01/2024,Table,Furniture,384.68,1,384.68,Pakistan,384.68,1,Ayesha Noor,384.68,16/01/2024
5757,,05/01/2024,Table,Furniture,,,,Pakistan,507.98,1,Unknown,,05/01/2024
5758,Ahmed Raza,02/01/2024,Headphones,Electronics,,,,Pakistan,507.98,1,Ahmed Raza,,02/01/2024
5759,Ayesha Noor,21/01/2024,Headphones,Electronics,,2,,Pakistan,507.98,2,Ayesha Noor,,21/01/2024
5760,Bilal Ahmed,07/01/2024,Mouse,Electronics,38.10,-1,,Pakistan,38.10,1,Bilal Ahmed,,07/01/2024
5761,Sara Ahmed,23/01/2024,Table,Furniture, ,,,Pakistan,507.98,1,Sara Ahmed,,23/01/2024
5762,Ahmed Raza,09/01/2024,Headphones,Electronics,662.80,,,Pakistan,662.80,1,Ahmed Raza,,09/01/2024
5766,Usman Ali,17/01/2024,Headphones,Electronics, ,-1,,Pakistan,507.98,1,Usman Ali,,17/01/2024
5767,Ali Khan,30/01/2024,Phone,Electronics, ,-1,,Pakistan,507.98,1,Ali Khan,,30/01/2024
5769,Hina Khan,27/01/2024,Table,Furniture, ,-1,,Pakistan,507.98,1,Hina Khan,,27/01/2024
5772,Ali Khan,14/01/2024,Keyboard,Electronics,421.71,-1,,Pakistan,421.71,1,Ali Khan,,14/01/2024
5773,Ayesha Noor,14/01/2024,Mouse,Electronics,833.32,,,Pakistan,833.32,1,Ayesha Noor,,14/01/2024
5774,,27/01/2024,Mouse,Electronics, ,,,Pakistan,507.98,1,Unknown,,27/01/2024
5775,Hina Khan,19/01/2024,Monitor,Electronics,,4,,Pakistan,507.98,4,Hina Khan,,19/01/2024
5776,Bilal Ahmed,08/01/2024,Keyboard,Electronics, ,2,,Pakistan,507.98,2,Bilal Ahmed,,08/01/2024
5777,Hina Khan,13/01/2024,Keyboard,Electronics,105.58,1,105.58,Pakistan,105.58,1,Hina Khan,105.58,13/01/2024
5778,Usman Ali,25/01/2024,Phone,Electronics,376.07,3,1128.21,Pakistan,376.07,3,Usman Ali,1128.21,25/01/2024
5780,Hina Khan,21/01/2024,Laptop,Electronics,,,,Pakistan,507.98,1,Hina Khan,,21/01/2024
5781,Bilal Ahmed,26/01/2024,Laptop,Electronics, ,3,,Pakistan,507.98,3,Bilal Ahmed,,26/01/2024
5782,Ayesha Noor,27/01/2024,Table,Furniture,,,,Pakistan,507.98,1,Ayesha Noor,,27/01/2024
5784,Sara Ahmed,16/01/2024,Chair,Furniture, ,,,Pakistan,507.98,1,Sara Ahmed,,16/01/2024
5785,Usman Ali,11/01/2024,Keyboard,Electronics,,4,,Pakistan,507.98,4,Usman Ali,,11/01/2024
5786,Ayesha Noor,08/01/2024,Laptop,Electronics,907.68,,,Pakistan,907.68,1,Ayesha Noor,,08/01/2024
5787,Ayesha Noor,18/01/2024,Mouse,Electronics,234.69,-1,,Pakistan,234.69,1,Ayesha Noor,,18/01/2024
5788,Ahmed Raza,25/01/2024,Monitor,Electronics,,,,Pakistan,507.98,1,Ahmed Raza,,25/01/2024
5789,Ali Khan,04/01/2024,Laptop,Electronics,,2,,Pakistan,507.98,2,Ali Khan,,04/01/2024
5791,Ahmed Raza,17/01/2024,Chair,Furniture,,-1,,Pakistan,507.98,1,Ahmed Raza,,17/01/2024
5792,,07/01/2024,Monitor,Electronics,707.57,2,1415.14,Pakistan,707.57,2,Unknown,1415.14,07/01/2024
5793,Ali Khan,26/01/2024,Laptop,Electronics, ,,,Pakistan,507.98,1,Ali Khan,,26/01/2024
5794,Bilal Ahmed,24/01/2024,Table,Furniture,672.25,,,Pakistan,672.25,1,Bilal Ahmed,,24/01/2024
5795,Hina Khan,20/01/2024,Monitor,Electronics, ,,,Pakistan,507.98,1,Hina Khan,,20/01/2024
5797,,27/01/2024,Headphones,Electronics, ,1,,Pakistan,507.98,1,Unknown,,27/01/2024
5799,,05/01/2024,Laptop,Electronics,,,,Pakistan,507.98,1,Unknown,,05/01/2024
5800,Ayesha Noor,28/01/2024,Headphones,Electronics,,-1,,Pakistan,507.98,1,Ayesha Noor,,28/01/2024
5803,Ahmed Raza,30/01/2024,Monitor,Electronics,141.61,-1,,Pakistan,141.61,1,Ahmed Raza,,30/01/2024
5806,Hina Khan,20/01/2024,Phone,Electronics,,2,,Pakistan,507.98,2,Hina Khan,,20/01/2024
5808,Bilal Ahmed,04/01/2024,Keyboard,Electronics, ,-1,,Pakistan,507.98,1,Bilal Ahmed,,04/01/2024
5813,Usman Ali,13/01/2024,Monitor,Electronics,920.87,-1,,Pakistan,920.87,1,Usman Ali,,13/01/2024
5814,,29/01/2024,Phone,Electronics,,,,Pakistan,507.98,1,Unknown,,29/01/2024
5815,Ali Khan,23/01/2024,Headphones,Electronics,,,,Pakistan,507.98,1,Ali Khan,,23/01/2024
5817,Hina Khan,20/01/2024,Chair,Furniture,943.95,3,2831.85,Pakistan,943.95,3,Hina Khan,2831.85,20/01/2024
5818,Ayesha Noor,18/01/2024,Chair,Furniture, ,4,,Pakistan,507.98,4,Ayesha Noor,,18/01/2024
5820,Ali Khan,29/01/2024,Chair,Furniture,680.34,,,Pakistan,680.34,1,Ali Khan,,29/01/2024
5821,Ali Khan,15/01/2024,Phone,Electronics,,-1,,Pakistan,507.98,1,Ali Khan,,15/01/2024
5822,Ali Khan,21/01/2024,Keyboard,Electronics, ,2,,Pakistan,507.98,2,Ali Khan,,21/01/2024
5823,Ahmed Raza,22/01/2024,Laptop,Electronics,264.86,3,794.58,Pakistan,264.86,3,Ahmed Raza,794.58,22/01/2024
5824,Hina Khan,29/01/2024,Chair,Furniture, ,2,,Pakistan,507.98,2,Hina Khan,,29/01/2024
5825,Ahmed Raza,02/01/2024,Headphones,Electronics, ,2,,Pakistan,507.98,2,Ahmed Raza,,02/01/2024
5827,,28/01/2024,Chair,Furniture,237.94,-1,,Pakistan,237.94,1,Unknown,,28/01/2024
5828,Ahmed Raza,16/01/2024,Keyboard,Electronics,,-1,,Pakistan,507.98,1,Ahmed Raza,,16/01/2024
5829,Ahmed Raza,01/01/2024,Laptop,Electronics, ,-1,,Pakistan,507.98,1,Ahmed Raza,,01/01/2024
5830,,13/01/2024,Monitor,Electronics, ,,,Pakistan,507.98,1,Unknown,,13/01/2024
5831,Ali Khan,04/01/2024,Chair,Furniture, ,,,Pakistan,507.98,1,Ali Khan,,04/01/2024
5832,Bilal Ahmed,06/01/2024,Headphones,Electronics, ,-1,,Pakistan,507.98,1,Bilal Ahmed,,06/01/2024
5834,Ahmed Raza,24/01/2024,Laptop,Electronics,,-1,,Pakistan,507.98,1,Ahmed Raza,,24/01/2024
5835,Bilal Ahmed,09/01/2024,Table,Furniture,,-1,,Pakistan,507.98,1,Bilal Ahmed,,09/01/2024
5837,Sara Ahmed,20/01/2024,Headphones,Electronics,503.13,1,503.13,Pakistan,503.13,1,Sara Ahmed,503.13,20/01/2024
5840,Ayesha Noor,30/01/2024,Mouse,Electronics,466.16,2,932.32,Pakistan,466.16,2,Ayesha Noor,932.32,30/01/2024
5841,,11/01/2024,Monitor,Electronics, ,,,Pakistan,507.98,1,Unknown,,11/01/2024
5842,Ahmed Raza,05/01/2024,Chair,Furniture, ,,,Pakistan,507.98,1,Ahmed Raza,,05/01/2024
5843,Ayesha Noor,25/01/2024,Mouse,Electronics,488.50,4,1954,Pakistan,488.50,4,Ayesha Noor,1954,25/01/2024
5844,,01/01/2024,Headphones,Electronics, ,-1,,Pakistan,507.98,1,Unknown,,01/01/2024
5846,Usman Ali,22/01/2024,Laptop,Electronics,170.60,,,Pakistan,170.60,1,Usman Ali,,22/01/2024
5848,,11/01/2024,Chair,Furniture, ,,,Pakistan,507.98,1,Unknown,,11/01/2024
5849,Ayesha Noor,19/01/2024,Monitor,Electronics,958.75,-1,,Pakistan,958.75,1,Ayesha Noor,,19/01/2024
5852,Ahmed Raza,17/01/2024,Phone,Electronics, ,1,,Pakistan,507.98,1,Ahmed Raza,,17/01/2024
5853,Hina Khan,15/01/2024,Mouse,Electronics, ,,,Pakistan,507.98,1,Hina Khan,,15/01/2024
5854,Ayesha Noor,18/01/2024,Headphones,Electronics,121.53,,,Pakistan,121.53,1,Ayesha Noor,,18/01/2024
5855,Ahmed Raza,08/01/2024,Keyboard,Electronics,285.99,4,1143.96,Pakistan,285.99,4,Ahmed Raza,1143.96,08/01/2024
5857,Usman Ali,11/01/2024,Keyboard,Electronics,,3,,Pakistan,507.98,3,Usman Ali,,11/01/2024
5858,Ahmed Raza,06/01/2024,Table,Furniture,,4,,Pakistan,507.98,4,Ahmed Raza,,06/01/2024
5859,Usman Ali,09/01/2024,Headphones,Electronics, ,2,,Pakistan,507.98,2,Usman Ali,,09/01/2024
5860,Ali Khan,11/01/2024,Table,Furniture,175.43,-1,,Pakistan,175.43,1,Ali Khan,,11/01/2024
5862,Ahmed Raza,01/01/2024,Chair,Furniture,367.99,,,Pakistan,367.99,1,Ahmed Raza,,01/01/2024
5863,Hina Khan,23/01/2024,Laptop,Electronics, ,1,,Pakistan,507.98,1,Hina Khan,,23/01/2024
5864,Sara Ahmed,19/01/2024,Phone,Electronics,,,,Pakistan,507.98,1,Sara Ahmed,,19/01/2024
5865,Bilal Ahmed,16/01/2024,Headphones,Electronics,677.31,,,Pakistan,677.31,1,Bilal Ahmed,,16/01/2024
5867,Ahmed Raza,07/01/2024,Keyboard,Electronics,254.95,-1,,Pakistan,254.95,1,Ahmed Raza,,07/01/2024
5868,Ahmed Raza,24/01/2024,Phone,Electronics, ,1,,Pakistan,507.98,1,Ahmed Raza,,24/01/2024
5869,Sara Ahmed,01/01/2024,Mouse,Electronics, ,,,Pakistan,507.98,1,Sara Ahmed,,01/01/2024
5870,Ayesha Noor,12/01/2024,Phone,Electronics,,-1,,Pakistan,507.98,1,Ayesha Noor,,12/01/2024
5871,Ali Khan,10/01/2024,Chair,Furniture,,4,,Pakistan,507.98,4,Ali Khan,,10/01/2024
5872,Hina Khan,16/01/2024,Chair,Furniture,405.09,3,1215.27,Pakistan,405.09,3,Hina Khan,1215.27,16/01/2024
5873,Usman Ali,30/01/2024,Laptop,Electronics,396.05,-1,,Pakistan,396.05,1,Usman Ali,,30/01/2024
5874,,30/01/2024,Laptop,Electronics,,-1,,Pakistan,507.98,1,Unknown,,30/01/2024
5876,Ahmed Raza,24/01/2024,Keyboard,Electronics,646.68,,,Pakistan,646.68,1,Ahmed Raza,,24/01/2024
5877,Sara Ahmed,30/01/2024,Table,Furniture,,,,Pakistan,507.98,1,Sara Ahmed,,30/01/2024
5878,Ayesha Noor,05/01/2024,Headphones,Electronics,,-1,,Pakistan,507.98,1,Ayesha Noor,,05/01/2024
5879,Usman Ali,27/01/2024,Chair,Furniture, ,1,,Pakistan,507.98,1,Usman Ali,,27/01/2024
5880,Ahmed Raza,03/01/2024,Headphones,Electronics,868.87,,,Pakistan,868.87,1,Ahmed Raza,,03/01/2024
5881,,02/01/2024,Phone,Electronics,,-1,,Pakistan,507.98,1,Unknown,,02/01/2024
5882,Hina Khan,06/01/2024,Laptop,Electronics,88.10,1,88.1,Pakistan,88.10,1,Hina Khan,88.1,06/01/2024
5884,Ahmed Raza,29/01/2024,Headphones,Electronics,,-1,,Pakistan,507.98,1,Ahmed Raza,,29/01/2024
5885,Ayesha Noor,09/01/2024,Headphones,Electronics,,,,Pakistan,507.98,1,Ayesha Noor,,09/01/2024
5886,Ahmed Raza,06/01/2024,Table,Furniture,,2,,Pakistan,507.98,2,Ahmed Raza,,06/01/2024
5887,Bilal Ahmed,02/01/2024,Phone,Electronics,,-1,,Pakistan,507.98,1,Bilal Ahmed,,02/01/2024
5889,Ayesha Noor,14/01/2024,Headphones,Electronics, ,-1,,Pakistan,507.98,1,Ayesha Noor,,14/01/2024
5890,Ahmed Raza,07/01/2024,Headphones,Electronics,,,,Pakistan,507.98,1,Ahmed Raza,,07/01/2024
5893,,16/01/2024,Chair,Furniture,999.47,-1,,Pakistan,999.47,1,Unknown,,16/01/2024
5894,Ali Khan,06/01/2024,Mouse,Electronics,,,,Pakistan,507.98,1,Ali Khan,,06/01/2024
5895,Ayesha Noor,06/01/2024,Chair,Furniture,,1,,Pakistan,507.98,1,Ayesha Noor,,06/01/2024
5896,Bilal Ahmed,19/01/2024,Chair,Furniture, ,2,,Pakistan,507.98,2,Bilal Ahmed,,19/01/2024
5898,,30/01/2024,Headphones,Electronics, ,,,Pakistan,507.98,1,Unknown,,30/01/2024
5900,Sara Ahmed,13/01/2024,Laptop,Electronics, ,,,Pakistan,507.98,1,Sara Ahmed,,13/01/2024
5902,Sara Ahmed,04/01/2024,Phone,Electronics, ,3,,Pakistan,507.98,3,Sara Ahmed,,04/01/2024
5903,,23/01/2024,Phone,Electronics,,4,,Pakistan,507.98,4,Unknown,,23/01/2024
5904,Ahmed Raza,23/01/2024,Chair,Furniture,,-1,,Pakistan,507.98,1,Ahmed Raza,,23/01/2024
5906,Sara Ahmed,26/01/2024,Laptop,Electronics, ,,,Pakistan,507.98,1,Sara Ahmed,,26/01/2024
5910,Bilal Ahmed,04/01/2024,Headphones,Electronics, ,4,,Pakistan,507.98,4,Bilal Ahmed,,04/01/2024
5911,Hina Khan,18/01/2024,Laptop,Electronics,445.39,3,1336.17,Pakistan,445.39,3,Hina Khan,1336.17,18/01/2024
5912,Usman Ali,27/01/2024,Monitor,Electronics,,1,,Pakistan,507.98,1,Usman Ali,,27/01/2024
5913,Hina Khan,23/01/2024,Monitor,Electronics,151.32,1,151.32,Pakistan,151.32,1,Hina Khan,151.32,23/01/2024
5914,Usman Ali,29/01/2024,Keyboard,Electronics,544.80,,,Pakistan,544.80,1,Usman Ali,,29/01/2024
5916,Ayesha Noor,16/01/2024,Headphones,Electronics, ,4,,Pakistan,507.98,4,Ayesha Noor,,16/01/2024
5917,Sara Ahmed,10/01/2024,Laptop,Electronics,868.52,,,Pakistan,868.52,1,Sara Ahmed,,10/01/2024
5918,Ahmed Raza,15/01/2024,Mouse,Electronics,,-1,,Pakistan,507.98,1,Ahmed Raza,,15/01/2024
5919,Usman Ali,12/01/2024,Mouse,Electronics, ,,,Pakistan,507.98,1,Usman Ali,,12/01/2024
5923,Sara Ahmed,16/01/2024,Table,Furniture,,-1,,Pakistan,507.98,1,Sara Ahmed,,16/01/2024
5924,,02/01/2024,Phone,Electronics,484.16,3,1452.48,Pakistan,484.16,3,Unknown,1452.48,02/01/2024
5926,Ali Khan,25/01/2024,Table,Furniture,,,,Pakistan,507.98,1,Ali Khan,,25/01/2024
5927,Hina Khan,03/01/2024,Laptop,Electronics, ,3,,Pakistan,507.98,3,Hina Khan,,03/01/2024
5928,Ayesha Noor,13/01/2024,Phone,Electronics,648.38,2,1296.76,Pakistan,648.38,2,Ayesha Noor,1296.76,13/01/2024
5929,Sara Ahmed,27/01/2024,Keyboard,Electronics, ,1,,Pakistan,507.98,1,Sara Ahmed,,27/01/2024
5930,Bilal Ahmed,04/01/2024,Table,Furniture,675.57,,,Pakistan,675.57,1,Bilal Ahmed,,04/01/2024
5932,Ayesha Noor,12/01/2024,Phone,Electronics,,2,,Pakistan,507.98,2,Ayesha Noor,,12/01/2024
5934,Ahmed Raza,22/01/2024,Table,Furniture,374.91,-1,,Pakistan,374.91,1,Ahmed Raza,,22/01/2024
5936,,18/01/2024,Laptop,Electronics, ,1,,Pakistan,507.98,1,Unknown,,18/01/2024
5937,Ali Khan,02/01/2024,Headphones,Electronics, ,,,Pakistan,507.98,1,Ali Khan,,02/01/2024
5939,Hina Khan,23/01/2024,Chair,Furniture,,-1,,Pakistan,507.98,1,Hina Khan,,23/01/2024
5940,Ayesha Noor,22/01/2024,Table,Furniture,404.65,1,404.65,Pakistan,404.65,1,Ayesha Noor,404.65,22/01/2024
5941,Usman Ali,10/01/2024,Keyboard,Electronics,789.89,-1,,Pakistan,789.89,1,Usman Ali,,10/01/2024
5943,Hina Khan,16/01/2024,Table,Furniture,489.26,-1,,Pakistan,489.26,1,Hina Khan,,16/01/2024
5945,,16/01/2024,Phone,Electronics,932.60,-1,,Pakistan,932.60,1,Unknown,,16/01/2024
5946,Ayesha Noor,16/01/2024,Keyboard,Electronics, ,4,,Pakistan,507.98,4,Ayesha Noor,,16/01/2024
5947,,30/01/2024,Mouse,Electronics,32.17,,,Pakistan,32.17,1,Unknown,,30/01/2024
5948,Ali Khan,17/01/2024,Headphones,Electronics,,-1,,Pakistan,507.98,1,Ali Khan,,17/01/2024
5949,,14/01/2024,Headphones,Electronics,,3,,Pakistan,507.98,3,Unknown,,14/01/2024
5951,Sara Ahmed,18/01/2024,Keyboard,Electronics,562.32,3,1686.96,Pakistan,562.32,3,Sara Ahmed,1686.96,18/01/2024
5952,Sara Ahmed,12/01/2024,Mouse,Electronics,,,,Pakistan,507.98,1,Sara Ahmed,,12/01/2024
5953,Hina Khan,17/01/2024,Monitor,Electronics, ,,,Pakistan,507.98,1,Hina Khan,,17/01/2024
5955,Ahmed Raza,25/01/2024,Keyboard,Electronics, ,-1,,Pakistan,507.98,1,Ahmed Raza,,25/01/2024
5956,Ali Khan,12/01/2024,Monitor,Electronics,,,,Pakistan,507.98,1,Ali Khan,,12/01/2024
5957,Ahmed Raza,27/01/2024,Keyboard,Electronics,,-1,,Pakistan,507.98,1,Ahmed Raza,,27/01/2024
5958,Usman Ali,15/01/2024,Table,Furniture, ,2,,Pakistan,507.98,2,Usman Ali,,15/01/2024
5959,Usman Ali,02/01/2024,Laptop,Electronics,461.65,,,Pakistan,461.65,1,Usman Ali,,02/01/2024
5960,Usman Ali,13/01/2024,Phone,Electronics,155.05,4,620.2,Pakistan,155.05,4,Usman Ali,620.2,13/01/2024
5961,Usman Ali,06/01/2024,Chair,Furniture,,3,,Pakistan,507.98,3,Usman Ali,,06/01/2024
5962,,25/01/2024,Monitor,Electronics, ,4,,Pakistan,507.98,4,Unknown,,25/01/2024
5963,Ahmed Raza,24/01/2024,Headphones,Electronics,,-1,,Pakistan,507.98,1,Ahmed Raza,,24/01/2024
5964,Sara Ahmed,03/01/2024,Laptop,Electronics,,2,,Pakistan,507.98,2,Sara Ahmed,,03/01/2024
5966,Sara Ahmed,03/01/2024,Chair,Furniture,631.91,,,Pakistan,631.91,1,Sara Ahmed,,03/01/2024
5967,Ahmed Raza,30/01/2024,Table,Furniture, ,-1,,Pakistan,507.98,1,Ahmed Raza,,30/01/2024
5968,Sara Ahmed,01/01/2024,Phone,Electronics,725.92,3,2177.76,Pakistan,725.92,3,Sara Ahmed,2177.76,01/01/2024
5969,Ahmed Raza,11/01/2024,Laptop,Electronics,,,,Pakistan,507.98,1,Ahmed Raza,,11/01/2024
5970,Ayesha Noor,25/01/2024,Monitor,Electronics,,-1,,Pakistan,507.98,1,Ayesha Noor,,25/01/2024
5971,Usman Ali,27/01/2024,Table,Furniture,,4,,Pakistan,507.98,4,Usman Ali,,27/01/2024
5973,Sara Ahmed,29/01/2024,Monitor,Electronics,812.41,-1,,Pakistan,812.41,1,Sara Ahmed,,29/01/2024
5974,Ahmed Raza,20/01/2024,Keyboard,Electronics, ,,,Pakistan,507.98,1,Ahmed Raza,,20/01/2024
5975,Bilal Ahmed,13/01/2024,Monitor,Electronics,,,,Pakistan,507.98,1,Bilal Ahmed,,13/01/2024
5976,Ali Khan,01/01/2024,Mouse,Electronics,,-1,,Pakistan,507.98,1,Ali Khan,,01/01/2024
5977,Ayesha Noor,07/01/2024,Keyboard,Electronics,,-1,,Pakistan,507.98,1,Ayesha Noor,,07/01/2024
5978,,26/01/2024,Monitor,Electronics,331.43,,,Pakistan,331.43,1,Unknown,,26/01/2024
5979,Ahmed Raza,22/01/2024,Headphones,Electronics,,-1,,Pakistan,507.98,1,Ahmed Raza,,22/01/2024
5980,Hina Khan,30/01/2024,Headphones,Electronics, ,-1,,Pakistan,507.98,1,Hina Khan,,30/01/2024
5982,Hina Khan,16/01/2024,Laptop,Electronics,335.67,-1,,Pakistan,335.67,1,Hina Khan,,16/01/2024
5983,Usman Ali,18/01/2024,Phone,Electronics, ,,,Pakistan,507.98,1,Usman Ali,,18/01/2024
5986,Usman Ali,06/01/2024,Monitor,Electronics,603.59,-1,,Pakistan,603.59,1,Usman Ali,,06/01/2024
5987,Usman Ali,21/01/2024,Chair,Furniture, ,,,Pakistan,507.98,1,Usman Ali,,21/01/2024
5988,Ali Khan,27/01/2024,Monitor,Electronics, ,-1,,Pakistan,507.98,1,Ali Khan,,27/01/2024
5989,Hina Khan,20/01/2024,Headphones,Electronics,,,,Pakistan,507.98,1,Hina Khan,,20/01/2024
5992,Ahmed Raza,20/01/2024,Chair,Furniture,574.88,2,1149.76,Pakistan,574.88,2,Ahmed Raza,1149.76,20/01/2024
5993,Hina Khan,26/01/2024,Phone,Electronics, ,2,,Pakistan,507.98,2,Hina Khan,,26/01/2024
5994,Ali Khan,18/01/2024,Chair,Furniture, ,-1,,Pakistan,507.98,1,Ali Khan,,18/01/2024
5996,,08/01/2024,Keyboard,Electronics,910.99,1,910.99,Pakistan,910.99,1,Unknown,910.99,08/01/2024
5999,Sara Ahmed,20/01/2024,Chair,Furniture, ,-1,,Pakistan,507.98,1,Sara Ahmed,,20/01/2024
6001,Ahmed Raza,06/01/2024,Mouse,Electronics,,1,,Pakistan,507.98,1,Ahmed Raza,,06/01/2024
6002,Ahmed Raza,12/01/2024,Mouse,Electronics,,1,,Pakistan,507.98,1,Ahmed Raza,,12/01/2024
6003,Ali Khan,22/01/2024,Laptop,Electronics,727.86,-1,,Pakistan,727.86,1,Ali Khan,,22/01/2024
6004,,28/01/2024,Keyboard,Electronics,,4,,Pakistan,507.98,4,Unknown,,28/01/2024
6005,Bilal Ahmed,03/01/2024,Chair,Furniture,711.49,-1,,Pakistan,711.49,1,Bilal Ahmed,,03/01/2024
6006,Hina Khan,12/01/2024,Phone,Electronics,628.06,1,628.06,Pakistan,628.06,1,Hina Khan,628.06,12/01/2024
6007,Ali Khan,15/01/2024,Laptop,Electronics,,1,,Pakistan,507.98,1,Ali Khan,,15/01/2024
6008,Ahmed Raza,17/01/2024,Mouse,Electronics,,,,Pakistan,507.98,1,Ahmed Raza,,17/01/2024
6010,Ali Khan,12/01/2024,Keyboard,Electronics,391.56,,,Pakistan,391.56,1,Ali Khan,,12/01/2024
6014,Sara Ahmed,04/01/2024,Laptop,Electronics,616.94,1,616.94,Pakistan,616.94,1,Sara Ahmed,616.94,04/01/2024
6015,Ali Khan,08/01/2024,Mouse,Electronics,,2,,Pakistan,507.98,2,Ali Khan,,08/01/2024
6016,Sara Ahmed,17/01/2024,Monitor,Electronics,,4,,Pakistan,507.98,4,Sara Ahmed,,17/01/2024
6017,,15/01/2024,Table,Furniture, ,-1,,Pakistan,507.98,1,Unknown,,15/01/2024
6018,Usman Ali,07/01/2024,Headphones,Electronics,793.00,4,3172,Pakistan,793.00,4,Usman Ali,3172,07/01/2024
6019,Sara Ahmed,11/01/2024,Phone,Electronics, ,,,Pakistan,507.98,1,Sara Ahmed,,11/01/2024
6020,Bilal Ahmed,05/01/2024,Chair,Furniture,,,,Pakistan,507.98,1,Bilal Ahmed,,05/01/2024
6022,Ahmed Raza,23/01/2024,Headphones,Electronics,751.17,-1,,Pakistan,751.17,1,Ahmed Raza,,23/01/2024
6023,Ali Khan,22/01/2024,Table,Furniture,258.84,2,517.68,Pakistan,258.84,2,Ali Khan,517.68,22/01/2024
6024,Usman Ali,16/01/2024,Laptop,Electronics, ,,,Pakistan,507.98,1,Usman Ali,,16/01/2024
6025,Ali Khan,19/01/2024,Phone,Electronics,,,,Pakistan,507.98,1,Ali Khan,,19/01/2024
6026,Ali Khan,12/01/2024,Headphones,Electronics,,-1,,Pakistan,507.98,1,Ali Khan,,12/01/2024
6028,Ayesha Noor,06/01/2024,Phone,Electronics, ,2,,Pakistan,507.98,2,Ayesha Noor,,06/01/2024
6029,Ali Khan,25/01/2024,Chair,Furniture,248.59,,,Pakistan,248.59,1,Ali Khan,,25/01/2024
6030,,23/01/2024,Keyboard,Electronics,171.07,,,Pakistan,171.07,1,Unknown,,23/01/2024
6032,Usman Ali,03/01/2024,Keyboard,Electronics, ,4,,Pakistan,507.98,4,Usman Ali,,03/01/2024
6033,,19/01/2024,Laptop,Electronics,68.62,4,274.48,Pakistan,68.62,4,Unknown,274.48,19/01/2024
6034,Ahmed Raza,18/01/2024,Laptop,Electronics,,-1,,Pakistan,507.98,1,Ahmed Raza,,18/01/2024
6035,Ayesha Noor,10/01/2024,Phone,Electronics,,-1,,Pakistan,507.98,1,Ayesha Noor,,10/01/2024
6039,,02/01/2024,Keyboard,Electronics,144.48,-1,,Pakistan,144.48,1,Unknown,,02/01/2024
6040,Hina Khan,02/01/2024,Keyboard,Electronics,663.58,2,1327.16,Pakistan,663.58,2,Hina Khan,1327.16,02/01/2024
6041,Bilal Ahmed,30/01/2024,Mouse,Electronics,130.19,,,Pakistan,130.19,1,Bilal Ahmed,,30/01/2024
6042,Ayesha Noor,16/01/2024,Monitor,Electronics,225.85,4,903.4,Pakistan,225.85,4,Ayesha Noor,903.4,16/01/2024
6043,Ahmed Raza,13/01/2024,Table,Furniture,,-1,,Pakistan,507.98,1,Ahmed Raza,,13/01/2024
6047,Usman Ali,26/01/2024,Laptop,Electronics,,2,,Pakistan,507.98,2,Usman Ali,,26/01/2024
6048,,03/01/2024,Table,Furniture,,,,Pakistan,507.98,1,Unknown,,03/01/2024
6049,Bilal Ahmed,13/01/2024,Mouse,Electronics,350.14,3,1050.42,Pakistan,350.14,3,Bilal Ahmed,1050.42,13/01/2024
6050,Sara Ahmed,24/01/2024,Keyboard,Electronics,379.77,,,Pakistan,379.77,1,Sara Ahmed,,24/01/2024
6051,Usman Ali,05/01/2024,Laptop,Electronics,497.18,,,Pakistan,497.18,1,Usman Ali,,05/01/2024
6052,Sara Ahmed,28/01/2024,Monitor,Electronics,574.08,-1,,Pakistan,574.08,1,Sara Ahmed,,28/01/2024
6053,Ali Khan,19/01/2024,Laptop,Electronics, ,,,Pakistan,507.98,1,Ali Khan,,19/01/2024
6054,Ahmed Raza,04/01/2024,Headphones,Electronics,899.39,,,Pakistan,899.39,1,Ahmed Raza,,04/01/2024
6055,Ahmed Raza,17/01/2024,Monitor,Electronics, ,-1,,Pakistan,507.98,1,Ahmed Raza,,17/01/2024
6056,,18/01/2024,Mouse,Electronics, ,-1,,Pakistan,507.98,1,Unknown,,18/01/2024
6057,Ahmed Raza,03/01/2024,Phone,Electronics, ,,,Pakistan,507.98,1,Ahmed Raza,,03/01/2024
6059,Ayesha Noor,04/01/2024,Mouse,Electronics,811.04,1,811.04,Pakistan,811.04,1,Ayesha Noor,811.04,04/01/2024
6060,,13/01/2024,Table,Furniture,,2,,Pakistan,507.98,2,Unknown,,13/01/2024
6061,Ali Khan,18/01/2024,Headphones,Electronics,,,,Pakistan,507.98,1,Ali Khan,,18/01/2024
6062,Hina Khan,20/01/2024,Keyboard,Electronics,51.55,2,103.1,Pakistan,51.55,2,Hina Khan,103.1,20/01/2024
6063,Ali Khan,07/01/2024,Keyboard,Electronics, ,,,Pakistan,507.98,1,Ali Khan,,07/01/2024
6064,Ali Khan,09/01/2024,Keyboard,Electronics, ,1,,Pakistan,507.98,1,Ali Khan,,09/01/2024
6065,,24/01/2024,Monitor,Electronics, ,-1,,Pakistan,507.98,1,Unknown,,24/01/2024
6066,Ahmed Raza,02/01/2024,Chair,Furniture, ,-1,,Pakistan,507.98,1,Ahmed Raza,,02/01/2024
6067,Ali Khan,16/01/2024,Keyboard,Electronics,,,,Pakistan,507.98,1,Ali Khan,,16/01/2024
6068,,07/01/2024,Phone,Electronics, ,3,,Pakistan,507.98,3,Unknown,,07/01/2024
6069,,24/01/2024,Keyboard,Electronics,,2,,Pakistan,507.98,2,Unknown,,24/01/2024
6070,Ayesha Noor,03/01/2024,Chair,Furniture,,4,,Pakistan,507.98,4,Ayesha Noor,,03/01/2024
6071,,11/01/2024,Keyboard,Electronics,595.02,,,Pakistan,595.02,1,Unknown,,11/01/2024
6072,Ali Khan,18/01/2024,Keyboard,Electronics,,,,Pakistan,507.98,1,Ali Khan,,18/01/2024
6075,Sara Ahmed,06/01/2024,Table,Furniture,63.41,,,Pakistan,63.41,1,Sara Ahmed,,06/01/2024
6076,Sara Ahmed,11/01/2024,Monitor,Electronics,96.54,,,Pakistan,96.54,1,Sara Ahmed,,11/01/2024
6079,Ali Khan,10/01/2024,Phone,Electronics, ,,,Pakistan,507.98,1,Ali Khan,,10/01/2024
6080,Usman Ali,30/01/2024,Keyboard,Electronics,772.16,-1,,Pakistan,772.16,1,Usman Ali,,30/01/2024
6081,Bilal Ahmed,14/01/2024,Laptop,Electronics,,,,Pakistan,507.98,1,Bilal Ahmed,,14/01/2024
6082,Sara Ahmed,15/01/2024,Headphones,Electronics,,4,,Pakistan,507.98,4,Sara Ahmed,,15/01/2024
6083,Ahmed Raza,10/01/2024,Headphones,Electronics,,3,,Pakistan,507.98,3,Ahmed Raza,,10/01/2024
6084,Bilal Ahmed,10/01/2024,Mouse,Electronics,608.28,1,608.28,Pakistan,608.28,1,Bilal Ahmed,608.28,10/01/2024
6085,,22/01/2024,Keyboard,Electronics,755.68,2,1511.36,Pakistan,755.68,2,Unknown,1511.36,22/01/2024
6086,Sara Ahmed,13/01/2024,Keyboard,Electronics,,,,Pakistan,507.98,1,Sara Ahmed,,13/01/2024
6087,,15/01/2024,Table,Furniture,,,,Pakistan,507.98,1,Unknown,,15/01/2024
6088,,09/01/2024,Monitor,Electronics, ,-1,,Pakistan,507.98,1,Unknown,,09/01/2024
6089,Sara Ahmed,15/01/2024,Laptop,Electronics,,4,,Pakistan,507.98,4,Sara Ahmed,,15/01/2024
6090,,25/01/2024,Laptop,Electronics,396.48,,,Pakistan,396.48,1,Unknown,,25/01/2024
6091,Bilal Ahmed,04/01/2024,Laptop,Electronics, ,4,,Pakistan,507.98,4,Bilal Ahmed,,04/01/2024
6092,Ali Khan,11/01/2024,Chair,Furniture, ,,,Pakistan,507.98,1,Ali Khan,,11/01/2024
6093,,30/01/2024,Keyboard,Electronics,560.75,-1,,Pakistan,560.75,1,Unknown,,30/01/2024
6095,Ahmed Raza,12/01/2024,Headphones,Electronics,559.75,-1,,Pakistan,559.75,1,Ahmed Raza,,12/01/2024
6096,Ahmed Raza,26/01/2024,Chair,Furniture,,,,Pakistan,507.98,1,Ahmed Raza,,26/01/2024
6097,Hina Khan,25/01/2024,Phone,Electronics,360.03,3,1080.09,Pakistan,360.03,3,Hina Khan,1080.09,25/01/2024
6099,Hina Khan,16/01/2024,Phone,Electronics,,-1,,Pakistan,507.98,1,Hina Khan,,16/01/2024
6100,Usman Ali,07/01/2024,Table,Furniture, ,,,Pakistan,507.98,1,Usman Ali,,07/01/2024
6101,Ayesha Noor,07/01/2024,Chair,Furniture,793.31,,,Pakistan,793.31,1,Ayesha Noor,,07/01/2024
6102,Ali Khan,17/01/2024,Chair,Furniture, ,,,Pakistan,507.98,1,Ali Khan,,17/01/2024
6103,,25/01/2024,Table,Furniture, ,-1,,Pakistan,507.98,1,Unknown,,25/01/2024
6104,Ayesha Noor,08/01/2024,Headphones,Electronics,378.69,-1,,Pakistan,378.69,1,Ayesha Noor,,08/01/2024
6106,Sara Ahmed,10/01/2024,Phone,Electronics,577.35,,,Pakistan,577.35,1,Sara Ahmed,,10/01/2024
6107,Ali Khan,30/01/2024,Monitor,Electronics, ,4,,Pakistan,507.98,4,Ali Khan,,30/01/2024
6109,Usman Ali,18/01/2024,Headphones,Electronics,,4,,Pakistan,507.98,4,Usman Ali,,18/01/2024
6110,Bilal Ahmed,12/01/2024,Table,Furniture, ,2,,Pakistan,507.98,2,Bilal Ahmed,,12/01/2024
6111,Ali Khan,16/01/2024,Phone,Electronics,83.58,3,250.74,Pakistan,83.58,3,Ali Khan,250.74,16/01/2024
6112,Ayesha Noor,25/01/2024,Mouse,Electronics, ,,,Pakistan,507.98,1,Ayesha Noor,,25/01/2024
6113,Ali Khan,28/01/2024,Chair,Furniture,101.99,3,305.97,Pakistan,101.99,3,Ali Khan,305.97,28/01/2024
6117,Ayesha Noor,27/01/2024,Phone,Electronics,360.40,-1,,Pakistan,360.40,1,Ayesha Noor,,27/01/2024
6118,Ali Khan,15/01/2024,Keyboard,Electronics,,,,Pakistan,507.98,1,Ali Khan,,15/01/2024
6120,Bilal Ahmed,09/01/2024,Table,Furniture,727.49,-1,,Pakistan,727.49,1,Bilal Ahmed,,09/01/2024
6121,,17/01/2024,Phone,Electronics,455.28,-1,,Pakistan,455.28,1,Unknown,,17/01/2024
6122,Ayesha Noor,02/01/2024,Table,Furniture, ,4,,Pakistan,507.98,4,Ayesha Noor,,02/01/2024
6123,Ahmed Raza,19/01/2024,Chair,Furniture,132.95,1,132.95,Pakistan,132.95,1,Ahmed Raza,132.95,19/01/2024
6124,Hina Khan,12/01/2024,Chair,Furniture,339.97,1,339.97,Pakistan,339.97,1,Hina Khan,339.97,12/01/2024
6125,Ayesha Noor,10/01/2024,Laptop,Electronics, ,-1,,Pakistan,507.98,1,Ayesha Noor,,10/01/2024
6128,Ali Khan,14/01/2024,Chair,Furniture, ,-1,,Pakistan,507.98,1,Ali Khan,,14/01/2024
6129,,30/01/2024,Headphones,Electronics,833.68,-1,,Pakistan,833.68,1,Unknown,,30/01/2024
6130,Hina Khan,08/01/2024,Keyboard,Electronics,688.83,,,Pakistan,688.83,1,Hina Khan,,08/01/2024
6131,Ali Khan,09/01/2024,Phone,Electronics, ,3,,Pakistan,507.98,3,Ali Khan,,09/01/2024
6132,Ahmed Raza,17/01/2024,Chair,Furniture, ,,,Pakistan,507.98,1,Ahmed Raza,,17/01/2024
6133,Ahmed Raza,29/01/2024,Laptop,Electronics,503.65,-1,,Pakistan,503.65,1,Ahmed Raza,,29/01/2024
6134,Ayesha Noor,27/01/2024,Chair,Furniture,,,,Pakistan,507.98,1,Ayesha Noor,,27/01/2024
6135,Bilal Ahmed,24/01/2024,Chair,Furniture,857.33,,,Pakistan,857.33,1,Bilal Ahmed,,24/01/2024
6136,Sara Ahmed,29/01/2024,Mouse,Electronics, ,,,Pakistan,507.98,1,Sara Ahmed,,29/01/2024
6140,Ali Khan,18/01/2024,Phone,Electronics,262.08,4,1048.32,Pakistan,262.08,4,Ali Khan,1048.32,18/01/2024
6141,Usman Ali,04/01/2024,Mouse,Electronics, ,-1,,Pakistan,507.98,1,Usman Ali,,04/01/2024
6144,Ali Khan,04/01/2024,Phone,Electronics, ,,,Pakistan,507.98,1,Ali Khan,,04/01/2024
6145,,19/01/2024,Laptop,Electronics, ,1,,Pakistan,507.98,1,Unknown,,19/01/2024
6146,Ali Khan,29/01/2024,Chair,Furniture, ,2,,Pakistan,507.98,2,Ali Khan,,29/01/2024
6147,Usman Ali,03/01/2024,Laptop,Electronics,380.77,,,Pakistan,380.77,1,Usman Ali,,03/01/2024
6148,Hina Khan,12/01/2024,Table,Furniture,,3,,Pakistan,507.98,3,Hina Khan,,12/01/2024
6149,Ali Khan,17/01/2024,Monitor,Electronics,50.77,-1,,Pakistan,50.77,1,Ali Khan,,17/01/2024
6150,,21/01/2024,Mouse,Electronics,,-1,,Pakistan,507.98,1,Unknown,,21/01/2024
6151,Bilal Ahmed,16/01/2024,Mouse,Electronics,,,,Pakistan,507.98,1,Bilal Ahmed,,16/01/2024
6154,Ayesha Noor,14/01/2024,Monitor,Electronics,949.28,,,Pakistan,949.28,1,Ayesha Noor,,14/01/2024
6156,Ali Khan,03/01/2024,Monitor,Electronics,764.68,,,Pakistan,764.68,1,Ali Khan,,03/01/2024
6157,Ahmed Raza,04/01/2024,Keyboard,Electronics,,-1,,Pakistan,507.98,1,Ahmed Raza,,04/01/2024
6158,Hina Khan,15/01/2024,Laptop,Electronics,582.35,,,Pakistan,582.35,1,Hina Khan,,15/01/2024
6159,Hina Khan,21/01/2024,Headphones,Electronics,374.26,-1,,Pakistan,374.26,1,Hina Khan,,21/01/2024
6160,Ali Khan,01/01/2024,Keyboard,Electronics,393.55,,,Pakistan,393.55,1,Ali Khan,,01/01/2024
6162,,06/01/2024,Laptop,Electronics, ,-1,,Pakistan,507.98,1,Unknown,,06/01/2024
6164,Ahmed Raza,17/01/2024,Monitor,Electronics, ,3,,Pakistan,507.98,3,Ahmed Raza,,17/01/2024
6166,Usman Ali,22/01/2024,Mouse,Electronics, ,1,,Pakistan,507.98,1,Usman Ali,,22/01/2024
6167,,03/01/2024,Monitor,Electronics,92.24,1,92.24,Pakistan,92.24,1,Unknown,92.24,03/01/2024
6168,Usman Ali,30/01/2024,Table,Furniture, ,,,Pakistan,507.98,1,Usman Ali,,30/01/2024
6169,Hina Khan,03/01/2024,Monitor,Electronics,,1,,Pakistan,507.98,1,Hina Khan,,03/01/2024
6170,Usman Ali,07/01/2024,Table,Furniture,24.31,,,Pakistan,24.31,1,Usman Ali,,07/01/2024
6171,Hina Khan,04/01/2024,Phone,Electronics, ,3,,Pakistan,507.98,3,Hina Khan,,04/01/2024
6172,Sara Ahmed,21/01/2024,Phone,Electronics, ,,,Pakistan,507.98,1,Sara Ahmed,,21/01/2024
6174,Bilal Ahmed,23/01/2024,Table,Furniture,468.15,,,Pakistan,468.15,1,Bilal Ahmed,,23/01/2024
6175,Ali Khan,09/01/2024,Mouse,Electronics, ,-1,,Pakistan,507.98,1,Ali Khan,,09/01/2024
6176,Sara Ahmed,07/01/2024,Monitor,Electronics,,-1,,Pakistan,507.98,1,Sara Ahmed,,07/01/2024
6177,Ali Khan,26/01/2024,Laptop,Electronics,27.50,,,Pakistan,27.50,1,Ali Khan,,26/01/2024
6178,,18/01/2024,Laptop,Electronics,659.48,3,1978.44,Pakistan,659.48,3,Unknown,1978.44,18/01/2024
6179,Ali Khan,03/01/2024,Phone,Electronics, ,,,Pakistan,507.98,1,Ali Khan,,03/01/2024
6181,Hina Khan,28/01/2024,Monitor,Electronics, ,-1,,Pakistan,507.98,1,Hina Khan,,28/01/2024
6182,,18/01/2024,Table,Furniture, ,3,,Pakistan,507.98,3,Unknown,,18/01/2024
6183,,19/01/2024,Phone,Electronics,,-1,,Pakistan,507.98,1,Unknown,,19/01/2024
6184,Ayesha Noor,14/01/2024,Laptop,Electronics, ,-1,,Pakistan,507.98,1,Ayesha Noor,,14/01/2024
6186,Ali Khan,18/01/2024,Mouse,Electronics,,,,Pakistan,507.98,1,Ali Khan,,18/01/2024
6187,Bilal Ahmed,01/01/2024,Phone,Electronics, ,1,,Pakistan,507.98,1,Bilal Ahmed,,01/01/2024
6189,Ali Khan,18/01/2024,Monitor,Electronics,,,,Pakistan,507.98,1,Ali Khan,,18/01/2024
6190,Bilal Ahmed,10/01/2024,Mouse,Electronics, ,,,Pakistan,507.98,1,Bilal Ahmed,,10/01/2024
6191,Bilal Ahmed,25/01/2024,Monitor,Electronics,,2,,Pakistan,507.98,2,Bilal Ahmed,,25/01/2024
6192,Sara Ahmed,23/01/2024,Phone,Electronics,81.90,,,Pakistan,81.90,1,Sara Ahmed,,23/01/2024
6195,Hina Khan,06/01/2024,Phone,Electronics, ,-1,,Pakistan,507.98,1,Hina Khan,,06/01/2024
6197,Bilal Ahmed,05/01/2024,Table,Furniture,761.64,,,Pakistan,761.64,1,Bilal Ahmed,,05/01/2024
6198,Usman Ali,29/01/2024,Chair,Furniture, ,,,Pakistan,507.98,1,Usman Ali,,29/01/2024
6200,Ahmed Raza,24/01/2024,Monitor,Electronics, ,3,,Pakistan,507.98,3,Ahmed Raza,,24/01/2024
6202,Ahmed Raza,03/01/2024,Monitor,Electronics, ,,,Pakistan,507.98,1,Ahmed Raza,,03/01/2024
6206,Ahmed Raza,03/01/2024,Monitor,Electronics,,,,Pakistan,507.98,1,Ahmed Raza,,03/01/2024
6207,Ayesha Noor,04/01/2024,Chair,Furniture, ,-1,,Pakistan,507.98,1,Ayesha Noor,,04/01/2024
6209,,17/01/2024,Phone,Electronics,,,,Pakistan,507.98,1,Unknown,,17/01/2024
6210,Bilal Ahmed,20/01/2024,Monitor,Electronics,562.01,,,Pakistan,562.01,1,Bilal Ahmed,,20/01/2024
6211,Bilal Ahmed,22/01/2024,Chair,Furniture,,-1,,Pakistan,507.98,1,Bilal Ahmed,,22/01/2024
6213,Ahmed Raza,26/01/2024,Keyboard,Electronics,,-1,,Pakistan,507.98,1,Ahmed Raza,,26/01/2024
6215,Ahmed Raza,03/01/2024,Monitor,Electronics,,-1,,Pakistan,507.98,1,Ahmed Raza,,03/01/2024
6216,Bilal Ahmed,26/01/2024,Phone,Electronics,,,,Pakistan,507.98,1,Bilal Ahmed,,26/01/2024
6217,Ahmed Raza,26/01/2024,Headphones,Electronics,174.78,,,Pakistan,174.78,1,Ahmed Raza,,26/01/2024
6218,Ahmed Raza,09/01/2024,Mouse,Electronics,173.45,-1,,Pakistan,173.45,1,Ahmed Raza,,09/01/2024
6221,Bilal Ahmed,10/01/2024,Table,Furniture,562.89,,,Pakistan,562.89,1,Bilal Ahmed,,10/01/2024
6222,Hina Khan,20/01/2024,Keyboard,Electronics, ,,,Pakistan,507.98,1,Hina Khan,,20/01/2024
6223,,11/01/2024,Table,Furniture,,3,,Pakistan,507.98,3,Unknown,,11/01/2024
6224,Bilal Ahmed,26/01/2024,Keyboard,Electronics, ,1,,Pakistan,507.98,1,Bilal Ahmed,,26/01/2024
6225,Bilal Ahmed,08/01/2024,Keyboard,Electronics, ,2,,Pakistan,507.98,2,Bilal Ahmed,,08/01/2024
6226,Usman Ali,09/01/2024,Mouse,Electronics, ,,,Pakistan,507.98,1,Usman Ali,,09/01/2024
6229,Ayesha Noor,22/01/2024,Table,Furniture,,1,,Pakistan,507.98,1,Ayesha Noor,,22/01/2024
6230,Usman Ali,03/01/2024,Phone,Electronics,911.35,3,2734.05,Pakistan,911.35,3,Usman Ali,2734.05,03/01/2024
6231,Ayesha Noor,11/01/2024,Keyboard,Electronics,53.57,2,107.14,Pakistan,53.57,2,Ayesha Noor,107.14,11/01/2024
6232,Bilal Ahmed,05/01/2024,Phone,Electronics,,-1,,Pakistan,507.98,1,Bilal Ahmed,,05/01/2024
6233,Ayesha Noor,19/01/2024,Monitor,Electronics,548.91,-1,,Pakistan,548.91,1,Ayesha Noor,,19/01/2024
6234,Ali Khan,14/01/2024,Headphones,Electronics,592.07,-1,,Pakistan,592.07,1,Ali Khan,,14/01/2024
6237,Bilal Ahmed,19/01/2024,Headphones,Electronics,,1,,Pakistan,507.98,1,Bilal Ahmed,,19/01/2024
6238,Ayesha Noor,28/01/2024,Mouse,Electronics,259.84,3,779.52,Pakistan,259.84,3,Ayesha Noor,779.52,28/01/2024
6239,Sara Ahmed,10/01/2024,Monitor,Electronics,652.62,,,Pakistan,652.62,1,Sara Ahmed,,10/01/2024
6240,Ayesha Noor,16/01/2024,Monitor,Electronics, ,,,Pakistan,507.98,1,Ayesha Noor,,16/01/2024
6241,Ali Khan,21/01/2024,Keyboard,Electronics,372.44,1,372.44,Pakistan,372.44,1,Ali Khan,372.44,21/01/2024
6242,,22/01/2024,Laptop,Electronics, ,2,,Pakistan,507.98,2,Unknown,,22/01/2024
6243,Usman Ali,26/01/2024,Laptop,Electronics,482.09,-1,,Pakistan,482.09,1,Usman Ali,,26/01/2024
6244,,28/01/2024,Headphones,Electronics,965.22,-1,,Pakistan,965.22,1,Unknown,,28/01/2024
6245,Bilal Ahmed,17/01/2024,Headphones,Electronics,830.12,-1,,Pakistan,830.12,1,Bilal Ahmed,,17/01/2024
6246,Usman Ali,28/01/2024,Laptop,Electronics,,-1,,Pakistan,507.98,1,Usman Ali,,28/01/2024
6247,,05/01/2024,Table,Furniture,,-1,,Pakistan,507.98,1,Unknown,,05/01/2024
6248,Bilal Ahmed,01/01/2024,Mouse,Electronics,,,,Pakistan,507.98,1,Bilal Ahmed,,01/01/2024
6249,Ayesha Noor,22/01/2024,Laptop,Electronics,402.31,1,402.31,Pakistan,402.31,1,Ayesha Noor,402.31,22/01/2024
6250,,19/01/2024,Phone,Electronics, ,4,,Pakistan,507.98,4,Unknown,,19/01/2024
6251,Bilal Ahmed,27/01/2024,Headphones,Electronics,,1,,Pakistan,507.98,1,Bilal Ahmed,,27/01/2024
6252,Bilal Ahmed,04/01/2024,Chair,Furniture,996.32,-1,,Pakistan,996.32,1,Bilal Ahmed,,04/01/2024
6254,Ali Khan,09/01/2024,Chair,Furniture,,-1,,Pakistan,507.98,1,Ali Khan,,09/01/2024
6256,Bilal Ahmed,30/01/2024,Mouse,Electronics,688.36,-1,,Pakistan,688.36,1,Bilal Ahmed,,30/01/2024
6257,Ahmed Raza,06/01/2024,Chair,Furniture, ,-1,,Pakistan,507.98,1,Ahmed Raza,,06/01/2024
6258,Ali Khan,13/01/2024,Headphones,Electronics,,,,Pakistan,507.98,1,Ali Khan,,13/01/2024
6259,Ali Khan,24/01/2024,Headphones,Electronics, ,-1,,Pakistan,507.98,1,Ali Khan,,24/01/2024
6260,Sara Ahmed,13/01/2024,Chair,Furniture,,-1,,Pakistan,507.98,1,Sara Ahmed,,13/01/2024
6261,,21/01/2024,Monitor,Electronics, ,4,,Pakistan,507.98,4,Unknown,,21/01/2024
6262,,05/01/2024,Monitor,Electronics,,-1,,Pakistan,507.98,1,Unknown,,05/01/2024
6263,Ali Khan,04/01/2024,Monitor,Electronics,,2,,Pakistan,507.98,2,Ali Khan,,04/01/2024
6264,,15/01/2024,Table,Furniture, ,,,Pakistan,507.98,1,Unknown,,15/01/2024
6266,Sara Ahmed,16/01/2024,Keyboard,Electronics,,,,Pakistan,507.98,1,Sara Ahmed,,16/01/2024
6267,Bilal Ahmed,18/01/2024,Keyboard,Electronics,398.14,3,1194.42,Pakistan,398.14,3,Bilal Ahmed,1194.42,18/01/2024
6268,Bilal Ahmed,12/01/2024,Phone,Electronics, ,,,Pakistan,507.98,1,Bilal Ahmed,,12/01/2024
6269,Hina Khan,07/01/2024,Laptop,Electronics, ,-1,,Pakistan,507.98,1,Hina Khan,,07/01/2024
6270,Usman Ali,25/01/2024,Laptop,Electronics,916.24,2,1832.48,Pakistan,916.24,2,Usman Ali,1832.48,25/01/2024
6271,Ayesha Noor,16/01/2024,Headphones,Electronics,,-1,,Pakistan,507.98,1,Ayesha Noor,,16/01/2024
6272,Usman Ali,24/01/2024,Keyboard,Electronics, ,-1,,Pakistan,507.98,1,Usman Ali,,24/01/2024
6273,Sara Ahmed,04/01/2024,Monitor,Electronics, ,3,,Pakistan,507.98,3,Sara Ahmed,,04/01/2024
6274,Ali Khan,09/01/2024,Keyboard,Electronics,983.18,1,983.18,Pakistan,983.18,1,Ali Khan,983.18,09/01/2024
6276,Ali Khan,22/01/2024,Keyboard,Electronics,42.45,3,127.35,Pakistan,42.45,3,Ali Khan,127.35,22/01/2024
6277,Hina Khan,25/01/2024,Keyboard,Electronics,,1,,Pakistan,507.98,1,Hina Khan,,25/01/2024
6278,Sara Ahmed,22/01/2024,Table,Furniture,,,,Pakistan,507.98,1,Sara Ahmed,,22/01/2024
6279,Sara Ahmed,21/01/2024,Keyboard,Electronics,,,,Pakistan,507.98,1,Sara Ahmed,,21/01/2024
6280,Usman Ali,01/01/2024,Chair,Furniture,,,,Pakistan,507.98,1,Usman Ali,,01/01/2024
6282,Ali Khan,20/01/2024,Keyboard,Electronics,141.29,,,Pakistan,141.29,1,Ali Khan,,20/01/2024
6283,Usman Ali,29/01/2024,Chair,Furniture,892.66,,,Pakistan,892.66,1,Usman Ali,,29/01/2024
6284,Bilal Ahmed,24/01/2024,Table,Furniture,917.73,,,Pakistan,917.73,1,Bilal Ahmed,,24/01/2024
6285,Bilal Ahmed,10/01/2024,Keyboard,Electronics, ,2,,Pakistan,507.98,2,Bilal Ahmed,,10/01/2024
6286,Sara Ahmed,28/01/2024,Table,Furniture,52.63,-1,,Pakistan,52.63,1,Sara Ahmed,,28/01/2024
6287,Ahmed Raza,14/01/2024,Mouse,Electronics,402.48,,,Pakistan,402.48,1,Ahmed Raza,,14/01/2024
6288,Ali Khan,16/01/2024,Laptop,Electronics, ,-1,,Pakistan,507.98,1,Ali Khan,,16/01/2024
6290,Hina Khan,01/01/2024,Keyboard,Electronics,106.52,2,213.04,Pakistan,106.52,2,Hina Khan,213.04,01/01/2024
6291,Bilal Ahmed,01/01/2024,Headphones,Electronics,916.84,2,1833.68,Pakistan,916.84,2,Bilal Ahmed,1833.68,01/01/2024
6292,Usman Ali,18/01/2024,Mouse,Electronics, ,2,,Pakistan,507.98,2,Usman Ali,,18/01/2024
6296,Ayesha Noor,22/01/2024,Table,Furniture, ,-1,,Pakistan,507.98,1,Ayesha Noor,,22/01/2024
6297,Ayesha Noor,28/01/2024,Chair,Furniture, ,1,,Pakistan,507.98,1,Ayesha Noor,,28/01/2024
6298,Ayesha Noor,26/01/2024,Keyboard,Electronics,,-1,,Pakistan,507.98,1,Ayesha Noor,,26/01/2024
6300,Usman Ali,11/01/2024,Keyboard,Electronics, ,-1,,Pakistan,507.98,1,Usman Ali,,11/01/2024
6302,Bilal Ahmed,13/01/2024,Mouse,Electronics,713.99,-1,,Pakistan,713.99,1,Bilal Ahmed,,13/01/2024
6303,,13/01/2024,Chair,Furniture, ,1,,Pakistan,507.98,1,Unknown,,13/01/2024
6304,,04/01/2024,Phone,Electronics,733.99,1,733.99,Pakistan,733.99,1,Unknown,733.99,04/01/2024
6305,Ayesha Noor,25/01/2024,Headphones,Electronics,,,,Pakistan,507.98,1,Ayesha Noor,,25/01/2024
6307,,29/01/2024,Phone,Electronics, ,,,Pakistan,507.98,1,Unknown,,29/01/2024
6308,Bilal Ahmed,09/01/2024,Keyboard,Electronics, ,1,,Pakistan,507.98,1,Bilal Ahmed,,09/01/2024
6309,,24/01/2024,Table,Furniture, ,2,,Pakistan,507.98,2,Unknown,,24/01/2024
6310,Ayesha Noor,07/01/2024,Phone,Electronics, ,3,,Pakistan,507.98,3,Ayesha Noor,,07/01/2024
6311,,05/01/2024,Table,Furniture,269.72,,,Pakistan,269.72,1,Unknown,,05/01/2024
6312,Hina Khan,26/01/2024,Keyboard,Electronics,,-1,,Pakistan,507.98,1,Hina Khan,,26/01/2024
6313,Ahmed Raza,28/01/2024,Headphones,Electronics, ,-1,,Pakistan,507.98,1,Ahmed Raza,,28/01/2024
6315,Bilal Ahmed,15/01/2024,Headphones,Electronics,,2,,Pakistan,507.98,2,Bilal Ahmed,,15/01/2024
6316,Hina Khan,20/01/2024,Table,Furniture,758.38,,,Pakistan,758.38,1,Hina Khan,,20/01/2024
6318,Bilal Ahmed,28/01/2024,Phone,Electronics,,,,Pakistan,507.98,1,Bilal Ahmed,,28/01/2024
6319,,08/01/2024,Phone,Electronics, ,-1,,Pakistan,507.98,1,Unknown,,08/01/2024
6321,Sara Ahmed,07/01/2024,Laptop,Electronics,299.27,,,Pakistan,299.27,1,Sara Ahmed,,07/01/2024
6322,Hina Khan,19/01/2024,Mouse,Electronics,195.63,,,Pakistan,195.63,1,Hina Khan,,19/01/2024
6323,Sara Ahmed,22/01/2024,Laptop,Electronics,435.89,,,Pakistan,435.89,1,Sara Ahmed,,22/01/2024
6324,Hina Khan,26/01/2024,Headphones,Electronics,,3,,Pakistan,507.98,3,Hina Khan,,26/01/2024
6328,,24/01/2024,Mouse,Electronics,330.01,1,330.01,Pakistan,330.01,1,Unknown,330.01,24/01/2024
6329,Sara Ahmed,10/01/2024,Chair,Furniture, ,1,,Pakistan,507.98,1,Sara Ahmed,,10/01/2024
6330,,08/01/2024,Table,Furniture,888.71,-1,,Pakistan,888.71,1,Unknown,,08/01/2024
6331,Ayesha Noor,06/01/2024,Phone,Electronics,,1,,Pakistan,507.98,1,Ayesha Noor,,06/01/2024
6332,Hina Khan,04/01/2024,Phone,Electronics,553.92,,,Pakistan,553.92,1,Hina Khan,,04/01/2024
6333,Ahmed Raza,12/01/2024,Headphones,Electronics,88.24,-1,,Pakistan,88.24,1,Ahmed Raza,,12/01/2024
6334,Sara Ahmed,04/01/2024,Chair,Furniture, ,-1,,Pakistan,507.98,1,Sara Ahmed,,04/01/2024
6335,Bilal Ahmed,07/01/2024,Monitor,Electronics,,2,,Pakistan,507.98,2,Bilal Ahmed,,07/01/2024
6337,Bilal Ahmed,24/01/2024,Headphones,Electronics,,4,,Pakistan,507.98,4,Bilal Ahmed,,24/01/2024
6338,,07/01/2024,Laptop,Electronics, ,2,,Pakistan,507.98,2,Unknown,,07/01/2024
6340,Usman Ali,04/01/2024,Phone,Electronics, ,-1,,Pakistan,507.98,1,Usman Ali,,04/01/2024
6343,Sara Ahmed,07/01/2024,Headphones,Electronics, ,-1,,Pakistan,507.98,1,Sara Ahmed,,07/01/2024
6345,,30/01/2024,Chair,Furniture,,-1,,Pakistan,507.98,1,Unknown,,30/01/2024
6346,Ayesha Noor,05/01/2024,Phone,Electronics,,,,Pakistan,507.98,1,Ayesha Noor,,05/01/2024
6347,Bilal Ahmed,27/01/2024,Headphones,Electronics,700.23,,,Pakistan,700.23,1,Bilal Ahmed,,27/01/2024
6349,Hina Khan,09/01/2024,Chair,Furniture, ,2,,Pakistan,507.98,2,Hina Khan,,09/01/2024
6350,Ahmed Raza,13/01/2024,Mouse,Electronics,122.25,2,244.5,Pakistan,122.25,2,Ahmed Raza,244.5,13/01/2024
6351,Usman Ali,15/01/2024,Mouse,Electronics,,,,Pakistan,507.98,1,Usman Ali,,15/01/2024
6352,Ali Khan,24/01/2024,Chair,Furniture,61.10,,,Pakistan,61.10,1,Ali Khan,,24/01/2024
6354,Ahmed Raza,10/01/2024,Table,Furniture, ,-1,,Pakistan,507.98,1,Ahmed Raza,,10/01/2024
6355,Hina Khan,14/01/2024,Monitor,Electronics,,-1,,Pakistan,507.98,1,Hina Khan,,14/01/2024
6356,Ali Khan,16/01/2024,Monitor,Electronics,,3,,Pakistan,507.98,3,Ali Khan,,16/01/2024
6357,Bilal Ahmed,07/01/2024,Chair,Furniture,821.52,1,821.52,Pakistan,821.52,1,Bilal Ahmed,821.52,07/01/2024
6358,Bilal Ahmed,27/01/2024,Keyboard,Electronics,,1,,Pakistan,507.98,1,Bilal Ahmed,,27/01/2024
6359,,06/01/2024,Chair,Furniture,646.91,-1,,Pakistan,646.91,1,Unknown,,06/01/2024
6362,Ayesha Noor,19/01/2024,Laptop,Electronics, ,1,,Pakistan,507.98,1,Ayesha Noor,,19/01/2024
6364,,16/01/2024,Monitor,Electronics,,1,,Pakistan,507.98,1,Unknown,,16/01/2024
6365,Usman Ali,13/01/2024,Headphones,Electronics,,3,,Pakistan,507.98,3,Usman Ali,,13/01/2024
6366,Bilal Ahmed,24/01/2024,Headphones,Electronics,535.38,,,Pakistan,535.38,1,Bilal Ahmed,,24/01/2024
6367,Bilal Ahmed,03/01/2024,Phone,Electronics,,4,,Pakistan,507.98,4,Bilal Ahmed,,03/01/2024
6368,,13/01/2024,Phone,Electronics,337.46,2,674.92,Pakistan,337.46,2,Unknown,674.92,13/01/2024
6371,Sara Ahmed,09/01/2024,Headphones,Electronics, ,-1,,Pakistan,507.98,1,Sara Ahmed,,09/01/2024
6373,Bilal Ahmed,30/01/2024,Table,Furniture,,3,,Pakistan,507.98,3,Bilal Ahmed,,30/01/2024
6375,Sara Ahmed,18/01/2024,Table,Furniture,862.94,-1,,Pakistan,862.94,1,Sara Ahmed,,18/01/2024
6376,Hina Khan,28/01/2024,Laptop,Electronics, ,2,,Pakistan,507.98,2,Hina Khan,,28/01/2024
6377,Hina Khan,17/01/2024,Chair,Furniture, ,,,Pakistan,507.98,1,Hina Khan,,17/01/2024
6378,Ahmed Raza,16/01/2024,Monitor,Electronics, ,-1,,Pakistan,507.98,1,Ahmed Raza,,16/01/2024
6379,Hina Khan,29/01/2024,Keyboard,Electronics,,1,,Pakistan,507.98,1,Hina Khan,,29/01/2024
6380,Hina Khan,21/01/2024,Table,Furniture,,2,,Pakistan,507.98,2,Hina Khan,,21/01/2024
6381,Ayesha Noor,10/01/2024,Headphones,Electronics, ,,,Pakistan,507.98,1,Ayesha Noor,,10/01/2024
6382,Bilal Ahmed,03/01/2024,Chair,Furniture,769.27,,,Pakistan,769.27,1,Bilal Ahmed,,03/01/2024
6384,Sara Ahmed,27/01/2024,Chair,Furniture,,3,,Pakistan,507.98,3,Sara Ahmed,,27/01/2024
6385,Hina Khan,12/01/2024,Table,Furniture, ,,,Pakistan,507.98,1,Hina Khan,,12/01/2024
6386,Hina Khan,18/01/2024,Keyboard,Electronics,,3,,Pakistan,507.98,3,Hina Khan,,18/01/2024
6387,Ali Khan,16/01/2024,Chair,Furniture,957.50,,,Pakistan,957.50,1,Ali Khan,,16/01/2024
6388,Sara Ahmed,08/01/2024,Chair,Furniture,832.99,,,Pakistan,832.99,1,Sara Ahmed,,08/01/2024
6389,Ali Khan,11/01/2024,Keyboard,Electronics, ,-1,,Pakistan,507.98,1,Ali Khan,,11/01/2024
6390,Ali Khan,29/01/2024,Phone,Electronics,,-1,,Pakistan,507.98,1,Ali Khan,,29/01/2024
6391,Ahmed Raza,17/01/2024,Chair,Furniture, ,4,,Pakistan,507.98,4,Ahmed Raza,,17/01/2024
6392,Ahmed Raza,28/01/2024,Table,Furniture, ,,,Pakistan,507.98,1,Ahmed Raza,,28/01/2024
6394,Usman Ali,29/01/2024,Laptop,Electronics,,,,Pakistan,507.98,1,Usman Ali,,29/01/2024
6395,Ahmed Raza,04/01/2024,Headphones,Electronics,585.25,,,Pakistan,585.25,1,Ahmed Raza,,04/01/2024
6396,Ahmed Raza,19/01/2024,Headphones,Electronics,922.35,4,3689.4,Pakistan,922.35,4,Ahmed Raza,3689.4,19/01/2024
6398,Usman Ali,16/01/2024,Laptop,Electronics,,-1,,Pakistan,507.98,1,Usman Ali,,16/01/2024
6399,,30/01/2024,Keyboard,Electronics,,,,Pakistan,507.98,1,Unknown,,30/01/2024
6400,Sara Ahmed,06/01/2024,Headphones,Electronics,,-1,,Pakistan,507.98,1,Sara Ahmed,,06/01/2024
6401,,04/01/2024,Headphones,Electronics,,-1,,Pakistan,507.98,1,Unknown,,04/01/2024
6402,Usman Ali,29/01/2024,Mouse,Electronics,740.85,-1,,Pakistan,740.85,1,Usman Ali,,29/01/2024
6403,,30/01/2024,Mouse,Electronics,,2,,Pakistan,507.98,2,Unknown,,30/01/2024
6405,Hina Khan,13/01/2024,Phone,Electronics,,-1,,Pakistan,507.98,1,Hina Khan,,13/01/2024
6407,Bilal Ahmed,10/01/2024,Keyboard,Electronics, ,-1,,Pakistan,507.98,1,Bilal Ahmed,,10/01/2024
6408,Bilal Ahmed,11/01/2024,Headphones,Electronics,,,,Pakistan,507.98,1,Bilal Ahmed,,11/01/2024
6409,Usman Ali,25/01/2024,Monitor,Electronics,,4,,Pakistan,507.98,4,Usman Ali,,25/01/2024
6411,Ahmed Raza,13/01/2024,Mouse,Electronics, ,3,,Pakistan,507.98,3,Ahmed Raza,,13/01/2024
6412,Ahmed Raza,10/01/2024,Phone,Electronics,,3,,Pakistan,507.98,3,Ahmed Raza,,10/01/2024
6413,Bilal Ahmed,05/01/2024,Chair,Furniture,,1,,Pakistan,507.98,1,Bilal Ahmed,,05/01/2024
6415,,24/01/2024,Headphones,Electronics, ,,,Pakistan,507.98,1,Unknown,,24/01/2024
6416,Usman Ali,09/01/2024,Table,Furniture,536.83,2,1073.66,Pakistan,536.83,2,Usman Ali,1073.66,09/01/2024
6417,Ali Khan,10/01/2024,Table,Furniture,,-1,,Pakistan,507.98,1,Ali Khan,,10/01/2024
6418,Bilal Ahmed,04/01/2024,Phone,Electronics,655.76,2,1311.52,Pakistan,655.76,2,Bilal Ahmed,1311.52,04/01/2024
6419,Ayesha Noor,28/01/2024,Headphones,Electronics,,2,,Pakistan,507.98,2,Ayesha Noor,,28/01/2024
6421,Usman Ali,03/01/2024,Keyboard,Electronics, ,,,Pakistan,507.98,1,Usman Ali,,03/01/2024
6422,Hina Khan,26/01/2024,Chair,Furniture,,,,Pakistan,507.98,1,Hina Khan,,26/01/2024
6423,Usman Ali,09/01/2024,Table,Furniture, ,1,,Pakistan,507.98,1,Usman Ali,,09/01/2024
6424,Bilal Ahmed,28/01/2024,Monitor,Electronics,61.74,,,Pakistan,61.74,1,Bilal Ahmed,,28/01/2024
6425,Hina Khan,26/01/2024,Phone,Electronics, ,1,,Pakistan,507.98,1,Hina Khan,,26/01/2024
6426,Ali Khan,07/01/2024,Headphones,Electronics, ,2,,Pakistan,507.98,2,Ali Khan,,07/01/2024
6427,Hina Khan,09/01/2024,Laptop,Electronics,592.97,,,Pakistan,592.97,1,Hina Khan,,09/01/2024
6429,Ayesha Noor,28/01/2024,Headphones,Electronics,355.38,,,Pakistan,355.38,1,Ayesha Noor,,28/01/2024
6430,Ali Khan,18/01/2024,Headphones,Electronics,,4,,Pakistan,507.98,4,Ali Khan,,18/01/2024
6431,Ali Khan,26/01/2024,Mouse,Electronics, ,4,,Pakistan,507.98,4,Ali Khan,,26/01/2024
6432,,09/01/2024,Headphones,Electronics,,2,,Pakistan,507.98,2,Unknown,,09/01/2024
6433,Ayesha Noor,03/01/2024,Keyboard,Electronics,,,,Pakistan,507.98,1,Ayesha Noor,,03/01/2024
6434,Ayesha Noor,21/01/2024,Table,Furniture,,-1,,Pakistan,507.98,1,Ayesha Noor,,21/01/2024
6435,Usman Ali,12/01/2024,Laptop,Electronics,97.57,,,Pakistan,97.57,1,Usman Ali,,12/01/2024
6436,,16/01/2024,Chair,Furniture, ,-1,,Pakistan,507.98,1,Unknown,,16/01/2024
6438,Ali Khan,04/01/2024,Chair,Furniture,,,,Pakistan,507.98,1,Ali Khan,,04/01/2024
6439,Hina Khan,28/01/2024,Laptop,Electronics, ,,,Pakistan,507.98,1,Hina Khan,,28/01/2024
6440,Hina Khan,26/01/2024,Laptop,Electronics, ,,,Pakistan,507.98,1,Hina Khan,,26/01/2024
6441,Bilal Ahmed,15/01/2024,Mouse,Electronics,,-1,,Pakistan,507.98,1,Bilal Ahmed,,15/01/2024
6443,Bilal Ahmed,30/01/2024,Mouse,Electronics,899.12,1,899.12,Pakistan,899.12,1,Bilal Ahmed,899.12,30/01/2024
6444,Ahmed Raza,26/01/2024,Monitor,Electronics, ,2,,Pakistan,507.98,2,Ahmed Raza,,26/01/2024
6445,Ali Khan,25/01/2024,Phone,Electronics, ,-1,,Pakistan,507.98,1,Ali Khan,,25/01/2024
6447,Bilal Ahmed,06/01/2024,Monitor,Electronics, ,,,Pakistan,507.98,1,Bilal Ahmed,,06/01/2024
6450,Ahmed Raza,16/01/2024,Chair,Furniture,811.02,,,Pakistan,811.02,1,Ahmed Raza,,16/01/2024
6454,Ali Khan,17/01/2024,Table,Furniture,287.77,-1,,Pakistan,287.77,1,Ali Khan,,17/01/2024
6455,,30/01/2024,Monitor,Electronics,,,,Pakistan,507.98,1,Unknown,,30/01/2024
6457,Hina Khan,10/01/2024,Mouse,Electronics,,-1,,Pakistan,507.98,1,Hina Khan,,10/01/2024
6459,Ali Khan,28/01/2024,Phone,Electronics,,,,Pakistan,507.98,1,Ali Khan,,28/01/2024
6461,Ayesha Noor,13/01/2024,Monitor,Electronics, ,3,,Pakistan,507.98,3,Ayesha Noor,,13/01/2024
6462,Sara Ahmed,29/01/2024,Table,Furniture,57.19,4,228.76,Pakistan,57.19,4,Sara Ahmed,228.76,29/01/2024
6463,Ali Khan,04/01/2024,Mouse,Electronics,,4,,Pakistan,507.98,4,Ali Khan,,04/01/2024
6464,Ayesha Noor,11/01/2024,Headphones,Electronics,461.61,-1,,Pakistan,461.61,1,Ayesha Noor,,11/01/2024
6465,Sara Ahmed,16/01/2024,Mouse,Electronics,,,,Pakistan,507.98,1,Sara Ahmed,,16/01/2024
6466,Bilal Ahmed,23/01/2024,Laptop,Electronics,739.64,4,2958.56,Pakistan,739.64,4,Bilal Ahmed,2958.56,23/01/2024
6467,Sara Ahmed,17/01/2024,Chair,Furniture,926.29,,,Pakistan,926.29,1,Sara Ahmed,,17/01/2024
6468,Ali Khan,03/01/2024,Chair,Furniture,81.96,-1,,Pakistan,81.96,1,Ali Khan,,03/01/2024
6469,Usman Ali,06/01/2024,Monitor,Electronics,328.64,,,Pakistan,328.64,1,Usman Ali,,06/01/2024
6470,Ayesha Noor,02/01/2024,Table,Furniture,,1,,Pakistan,507.98,1,Ayesha Noor,,02/01/2024
6471,Usman Ali,26/01/2024,Phone,Electronics, ,,,Pakistan,507.98,1,Usman Ali,,26/01/2024
6473,Usman Ali,02/01/2024,Table,Furniture,,,,Pakistan,507.98,1,Usman Ali,,02/01/2024
6474,,19/01/2024,Headphones,Electronics,823.66,-1,,Pakistan,823.66,1,Unknown,,19/01/2024
6475,Hina Khan,29/01/2024,Chair,Furniture,,,,Pakistan,507.98,1,Hina Khan,,29/01/2024
6476,Hina Khan,04/01/2024,Monitor,Electronics,,,,Pakistan,507.98,1,Hina Khan,,04/01/2024
6477,Bilal Ahmed,15/01/2024,Laptop,Electronics, ,3,,Pakistan,507.98,3,Bilal Ahmed,,15/01/2024
6478,Bilal Ahmed,07/01/2024,Chair,Furniture,,-1,,Pakistan,507.98,1,Bilal Ahmed,,07/01/2024
6479,Sara Ahmed,04/01/2024,Keyboard,Electronics,,,,Pakistan,507.98,1,Sara Ahmed,,04/01/2024
6480,Ali Khan,10/01/2024,Keyboard,Electronics,691.70,-1,,Pakistan,691.70,1,Ali Khan,,10/01/2024
6482,Ayesha Noor,19/01/2024,Headphones,Electronics,805.91,-1,,Pakistan,805.91,1,Ayesha Noor,,19/01/2024
6483,Sara Ahmed,13/01/2024,Headphones,Electronics,,3,,Pakistan,507.98,3,Sara Ahmed,,13/01/2024
6485,Sara Ahmed,10/01/2024,Table,Furniture,212.80,4,851.2,Pakistan,212.80,4,Sara Ahmed,851.2,10/01/2024
6486,Ali Khan,25/01/2024,Mouse,Electronics,632.52,1,632.52,Pakistan,632.52,1,Ali Khan,632.52,25/01/2024
6487,Bilal Ahmed,18/01/2024,Monitor,Electronics,,,,Pakistan,507.98,1,Bilal Ahmed,,18/01/2024
6489,Usman Ali,20/01/2024,Keyboard,Electronics,,1,,Pakistan,507.98,1,Usman Ali,,20/01/2024
6491,Ali Khan,20/01/2024,Headphones,Electronics,,3,,Pakistan,507.98,3,Ali Khan,,20/01/2024
6492,Ayesha Noor,18/01/2024,Laptop,Electronics, ,,,Pakistan,507.98,1,Ayesha Noor,,18/01/2024
6493,Usman Ali,07/01/2024,Phone,Electronics,,3,,Pakistan,507.98,3,Usman Ali,,07/01/2024
6495,Sara Ahmed,11/01/2024,Chair,Furniture, ,-1,,Pakistan,507.98,1,Sara Ahmed,,11/01/2024
6496,Hina Khan,07/01/2024,Chair,Furniture, ,,,Pakistan,507.98,1,Hina Khan,,07/01/2024
6497,Sara Ahmed,16/01/2024,Monitor,Electronics,,-1,,Pakistan,507.98,1,Sara Ahmed,,16/01/2024
6498,Sara Ahmed,04/01/2024,Headphones,Electronics,299.75,,,Pakistan,299.75,1,Sara Ahmed,,04/01/2024
6499,Ali Khan,20/01/2024,Keyboard,Electronics,,,,Pakistan,507.98,1,Ali Khan,,20/01/2024
6500,Ahmed Raza,08/01/2024,Phone,Electronics,,-1,,Pakistan,507.98,1,Ahmed Raza,,08/01/2024
6501,Ali Khan,10/01/2024,Phone,Electronics,,,,Pakistan,507.98,1,Ali Khan,,10/01/2024
6502,,12/01/2024,Laptop,Electronics,,,,Pakistan,507.98,1,Unknown,,12/01/2024
6503,Ayesha Noor,22/01/2024,Keyboard,Electronics, ,,,Pakistan,507.98,1,Ayesha Noor,,22/01/2024
6504,Ayesha Noor,08/01/2024,Table,Furniture,,,,Pakistan,507.98,1,Ayesha Noor,,08/01/2024
6505,Sara Ahmed,05/01/2024,Mouse,Electronics, ,-1,,Pakistan,507.98,1,Sara Ahmed,,05/01/2024
6506,Usman Ali,21/01/2024,Mouse,Electronics,701.52,-1,,Pakistan,701.52,1,Usman Ali,,21/01/2024
6508,Usman Ali,12/01/2024,Chair,Furniture, ,2,,Pakistan,507.98,2,Usman Ali,,12/01/2024
6509,Hina Khan,09/01/2024,Table,Furniture,501.11,-1,,Pakistan,501.11,1,Hina Khan,,09/01/2024
6510,Hina Khan,01/01/2024,Laptop,Electronics,42.00,-1,,Pakistan,42.00,1,Hina Khan,,01/01/2024
6511,Ayesha Noor,08/01/2024,Headphones,Electronics,54.49,4,217.96,Pakistan,54.49,4,Ayesha Noor,217.96,08/01/2024
6512,Ali Khan,30/01/2024,Laptop,Electronics,,,,Pakistan,507.98,1,Ali Khan,,30/01/2024
6513,,12/01/2024,Mouse,Electronics,,1,,Pakistan,507.98,1,Unknown,,12/01/2024
6515,Sara Ahmed,01/01/2024,Headphones,Electronics,826.20,-1,,Pakistan,826.20,1,Sara Ahmed,,01/01/2024
6516,Bilal Ahmed,29/01/2024,Keyboard,Electronics, ,4,,Pakistan,507.98,4,Bilal Ahmed,,29/01/2024
6517,Ayesha Noor,29/01/2024,Phone,Electronics, ,1,,Pakistan,507.98,1,Ayesha Noor,,29/01/2024
6518,Ahmed Raza,09/01/2024,Keyboard,Electronics,946.01,-1,,Pakistan,946.01,1,Ahmed Raza,,09/01/2024
6519,Ayesha Noor,16/01/2024,Laptop,Electronics, ,,,Pakistan,507.98,1,Ayesha Noor,,16/01/2024
6520,Sara Ahmed,04/01/2024,Laptop,Electronics,534.86,-1,,Pakistan,534.86,1,Sara Ahmed,,04/01/2024
6524,Ayesha Noor,02/01/2024,Keyboard,Electronics,,-1,,Pakistan,507.98,1,Ayesha Noor,,02/01/2024
6525,Ayesha Noor,24/01/2024,Keyboard,Electronics,365.48,,,Pakistan,365.48,1,Ayesha Noor,,24/01/2024
6526,Ahmed Raza,30/01/2024,Headphones,Electronics,732.00,,,Pakistan,732.00,1,Ahmed Raza,,30/01/2024
6527,Ali Khan,20/01/2024,Mouse,Electronics,,-1,,Pakistan,507.98,1,Ali Khan,,20/01/2024
6528,Ayesha Noor,19/01/2024,Table,Furniture,,4,,Pakistan,507.98,4,Ayesha Noor,,19/01/2024
6529,Ayesha Noor,19/01/2024,Monitor,Electronics,,2,,Pakistan,507.98,2,Ayesha Noor,,19/01/2024
6530,Ali Khan,30/01/2024,Keyboard,Electronics,,,,Pakistan,507.98,1,Ali Khan,,30/01/2024
6531,Bilal Ahmed,06/01/2024,Headphones,Electronics,,,,Pakistan,507.98,1,Bilal Ahmed,,06/01/2024
6534,Ahmed Raza,24/01/2024,Chair,Furniture, ,1,,Pakistan,507.98,1,Ahmed Raza,,24/01/2024
6535,Ayesha Noor,05/01/2024,Mouse,Electronics,953.08,,,Pakistan,953.08,1,Ayesha Noor,,05/01/2024
6537,Sara Ahmed,22/01/2024,Mouse,Electronics, ,-1,,Pakistan,507.98,1,Sara Ahmed,,22/01/2024
6538,Ayesha Noor,06/01/2024,Mouse,Electronics,162.31,3,486.93,Pakistan,162.31,3,Ayesha Noor,486.93,06/01/2024
6539,Ali Khan,21/01/2024,Table,Furniture, ,2,,Pakistan,507.98,2,Ali Khan,,21/01/2024
6540,Ahmed Raza,22/01/2024,Keyboard,Electronics,,,,Pakistan,507.98,1,Ahmed Raza,,22/01/2024
6544,Ali Khan,10/01/2024,Table,Furniture, ,-1,,Pakistan,507.98,1,Ali Khan,,10/01/2024
6545,Ali Khan,25/01/2024,Table,Furniture, ,2,,Pakistan,507.98,2,Ali Khan,,25/01/2024
6546,,19/01/2024,Phone,Electronics,,-1,,Pakistan,507.98,1,Unknown,,19/01/2024
6547,Hina Khan,11/01/2024,Keyboard,Electronics,,-1,,Pakistan,507.98,1,Hina Khan,,11/01/2024
6550,Ayesha Noor,06/01/2024,Laptop,Electronics,,-1,,Pakistan,507.98,1,Ayesha Noor,,06/01/2024
6551,Bilal Ahmed,15/01/2024,Table,Furniture,237.87,3,713.61,Pakistan,237.87,3,Bilal Ahmed,713.61,15/01/2024
6552,Sara Ahmed,25/01/2024,Laptop,Electronics,991.95,-1,,Pakistan,991.95,1,Sara Ahmed,,25/01/2024
6553,Ahmed Raza,24/01/2024,Chair,Furniture,,,,Pakistan,507.98,1,Ahmed Raza,,24/01/2024
6554,Hina Khan,27/01/2024,Laptop,Electronics, ,3,,Pakistan,507.98,3,Hina Khan,,27/01/2024
6555,Ahmed Raza,16/01/2024,Mouse,Electronics, ,4,,Pakistan,507.98,4,Ahmed Raza,,16/01/2024
6556,Bilal Ahmed,18/01/2024,Monitor,Electronics, ,4,,Pakistan,507.98,4,Bilal Ahmed,,18/01/2024
6557,Usman Ali,13/01/2024,Monitor,Electronics, ,,,Pakistan,507.98,1,Usman Ali,,13/01/2024
6559,Hina Khan,01/01/2024,Mouse,Electronics,,-1,,Pakistan,507.98,1,Hina Khan,,01/01/2024
6561,Ayesha Noor,19/01/2024,Keyboard,Electronics, ,3,,Pakistan,507.98,3,Ayesha Noor,,19/01/2024
6562,Sara Ahmed,26/01/2024,Monitor,Electronics, ,-1,,Pakistan,507.98,1,Sara Ahmed,,26/01/2024
6563,Bilal Ahmed,17/01/2024,Phone,Electronics,,2,,Pakistan,507.98,2,Bilal Ahmed,,17/01/2024
6564,Sara Ahmed,08/01/2024,Headphones,Electronics,,2,,Pakistan,507.98,2,Sara Ahmed,,08/01/2024
6565,Bilal Ahmed,07/01/2024,Table,Furniture,,2,,Pakistan,507.98,2,Bilal Ahmed,,07/01/2024
6566,Ayesha Noor,05/01/2024,Headphones,Electronics,619.50,,,Pakistan,619.50,1,Ayesha Noor,,05/01/2024
6568,Ayesha Noor,13/01/2024,Table,Furniture,416.15,3,1248.45,Pakistan,416.15,3,Ayesha Noor,1248.45,13/01/2024
6569,Ahmed Raza,18/01/2024,Headphones,Electronics,,1,,Pakistan,507.98,1,Ahmed Raza,,18/01/2024
6570,Usman Ali,25/01/2024,Chair,Furniture,,,,Pakistan,507.98,1,Usman Ali,,25/01/2024
6571,Hina Khan,03/01/2024,Chair,Furniture,29.58,1,29.58,Pakistan,29.58,1,Hina Khan,29.58,03/01/2024
6572,Sara Ahmed,03/01/2024,Table,Furniture, ,,,Pakistan,507.98,1,Sara Ahmed,,03/01/2024
6573,Ali Khan,22/01/2024,Monitor,Electronics,,-1,,Pakistan,507.98,1,Ali Khan,,22/01/2024
6576,Ahmed Raza,15/01/2024,Table,Furniture, ,,,Pakistan,507.98,1,Ahmed Raza,,15/01/2024
6577,Ayesha Noor,23/01/2024,Chair,Furniture,,-1,,Pakistan,507.98,1,Ayesha Noor,,23/01/2024
6578,Ahmed Raza,22/01/2024,Monitor,Electronics, ,4,,Pakistan,507.98,4,Ahmed Raza,,22/01/2024
6579,Ali Khan,08/01/2024,Mouse,Electronics, ,,,Pakistan,507.98,1,Ali Khan,,08/01/2024
6582,,25/01/2024,Headphones,Electronics,,,,Pakistan,507.98,1,Unknown,,25/01/2024
6583,Usman Ali,12/01/2024,Headphones,Electronics,,-1,,Pakistan,507.98,1,Usman Ali,,12/01/2024
6584,Hina Khan,20/01/2024,Phone,Electronics,,3,,Pakistan,507.98,3,Hina Khan,,20/01/2024
6585,Sara Ahmed,08/01/2024,Table,Furniture, ,-1,,Pakistan,507.98,1,Sara Ahmed,,08/01/2024
6586,Sara Ahmed,10/01/2024,Table,Furniture,,,,Pakistan,507.98,1,Sara Ahmed,,10/01/2024
6588,,23/01/2024,Mouse,Electronics, ,-1,,Pakistan,507.98,1,Unknown,,23/01/2024
6591,Ahmed Raza,10/01/2024,Chair,Furniture, ,-1,,Pakistan,507.98,1,Ahmed Raza,,10/01/2024
6593,,07/01/2024,Table,Furniture,576.05,,,Pakistan,576.05,1,Unknown,,07/01/2024
6595,,10/01/2024,Headphones,Electronics,,3,,Pakistan,507.98,3,Unknown,,10/01/2024
6596,Ayesha Noor,11/01/2024,Chair,Furniture,,-1,,Pakistan,507.98,1,Ayesha Noor,,11/01/2024
6598,Ali Khan,24/01/2024,Headphones,Electronics,738.37,,,Pakistan,738.37,1,Ali Khan,,24/01/2024
6599,Ahmed Raza,16/01/2024,Phone,Electronics,,-1,,Pakistan,507.98,1,Ahmed Raza,,16/01/2024
6600,Usman Ali,06/01/2024,Headphones,Electronics,278.21,-1,,Pakistan,278.21,1,Usman Ali,,06/01/2024
6601,Usman Ali,14/01/2024,Chair,Furniture,625.55,-1,,Pakistan,625.55,1,Usman Ali,,14/01/2024
6602,Ayesha Noor,05/01/2024,Mouse,Electronics,,,,Pakistan,507.98,1,Ayesha Noor,,05/01/2024
6603,Sara Ahmed,20/01/2024,Table,Furniture,,,,Pakistan,507.98,1,Sara Ahmed,,20/01/2024
6604,Ali Khan,10/01/2024,Keyboard,Electronics, ,,,Pakistan,507.98,1,Ali Khan,,10/01/2024
6605,Ali Khan,26/01/2024,Headphones,Electronics, ,,,Pakistan,507.98,1,Ali Khan,,26/01/2024
6606,Ali Khan,26/01/2024,Table,Furniture,,-1,,Pakistan,507.98,1,Ali Khan,,26/01/2024
6607,Sara Ahmed,05/01/2024,Table,Furniture, ,,,Pakistan,507.98,1,Sara Ahmed,,05/01/2024
6608,Ayesha Noor,01/01/2024,Mouse,Electronics,207.36,-1,,Pakistan,207.36,1,Ayesha Noor,,01/01/2024
6609,Ali Khan,03/01/2024,Monitor,Electronics,732.55,,,Pakistan,732.55,1,Ali Khan,,03/01/2024
6610,,04/01/2024,Phone,Electronics,,,,Pakistan,507.98,1,Unknown,,04/01/2024
6611,Ahmed Raza,26/01/2024,Monitor,Electronics,,3,,Pakistan,507.98,3,Ahmed Raza,,26/01/2024
6612,Bilal Ahmed,14/01/2024,Laptop,Electronics, ,1,,Pakistan,507.98,1,Bilal Ahmed,,14/01/2024
6614,Usman Ali,28/01/2024,Chair,Furniture, ,2,,Pakistan,507.98,2,Usman Ali,,28/01/2024
6615,Usman Ali,02/01/2024,Chair,Furniture,,1,,Pakistan,507.98,1,Usman Ali,,02/01/2024
6616,Hina Khan,03/01/2024,Table,Furniture, ,4,,Pakistan,507.98,4,Hina Khan,,03/01/2024
6617,,19/01/2024,Phone,Electronics, ,2,,Pakistan,507.98,2,Unknown,,19/01/2024
6619,Ayesha Noor,17/01/2024,Table,Furniture, ,,,Pakistan,507.98,1,Ayesha Noor,,17/01/2024
6621,Ali Khan,23/01/2024,Laptop,Electronics,84.46,4,337.84,Pakistan,84.46,4,Ali Khan,337.84,23/01/2024
6623,Usman Ali,25/01/2024,Phone,Electronics,,-1,,Pakistan,507.98,1,Usman Ali,,25/01/2024
6624,Ali Khan,16/01/2024,Phone,Electronics,362.12,2,724.24,Pakistan,362.12,2,Ali Khan,724.24,16/01/2024
6625,Ahmed Raza,27/01/2024,Laptop,Electronics, ,2,,Pakistan,507.98,2,Ahmed Raza,,27/01/2024
6627,Bilal Ahmed,14/01/2024,Chair,Furniture,154.67,-1,,Pakistan,154.67,1,Bilal Ahmed,,14/01/2024
6628,Ayesha Noor,18/01/2024,Table,Furniture, ,-1,,Pakistan,507.98,1,Ayesha Noor,,18/01/2024
6630,,05/01/2024,Headphones,Electronics,,3,,Pakistan,507.98,3,Unknown,,05/01/2024
6631,Usman Ali,26/01/2024,Chair,Furniture,52.53,3,157.59,Pakistan,52.53,3,Usman Ali,157.59,26/01/2024
6632,Ali Khan,20/01/2024,Headphones,Electronics,418.05,-1,,Pakistan,418.05,1,Ali Khan,,20/01/2024
6633,Ali Khan,19/01/2024,Monitor,Electronics,496.88,,,Pakistan,496.88,1,Ali Khan,,19/01/2024
6634,Ayesha Noor,24/01/2024,Keyboard,Electronics, ,-1,,Pakistan,507.98,1,Ayesha Noor,,24/01/2024
6635,Ali Khan,24/01/2024,Headphones,Electronics,785.21,4,3140.84,Pakistan,785.21,4,Ali Khan,3140.84,24/01/2024
6636,Ahmed Raza,22/01/2024,Phone,Electronics,,,,Pakistan,507.98,1,Ahmed Raza,,22/01/2024
6637,Ahmed Raza,29/01/2024,Headphones,Electronics,,-1,,Pakistan,507.98,1,Ahmed Raza,,29/01/2024
6638,Ayesha Noor,08/01/2024,Laptop,Electronics,,-1,,Pakistan,507.98,1,Ayesha Noor,,08/01/2024
6639,Bilal Ahmed,21/01/2024,Keyboard,Electronics, ,-1,,Pakistan,507.98,1,Bilal Ahmed,,21/01/2024
6640,Sara Ahmed,10/01/2024,Keyboard,Electronics,,,,Pakistan,507.98,1,Sara Ahmed,,10/01/2024
6642,Ahmed Raza,21/01/2024,Headphones,Electronics, ,3,,Pakistan,507.98,3,Ahmed Raza,,21/01/2024
6643,Ayesha Noor,14/01/2024,Laptop,Electronics,783.01,,,Pakistan,783.01,1,Ayesha Noor,,14/01/2024
6644,Hina Khan,16/01/2024,Table,Furniture, ,,,Pakistan,507.98,1,Hina Khan,,16/01/2024
6646,Ahmed Raza,29/01/2024,Chair,Furniture,,3,,Pakistan,507.98,3,Ahmed Raza,,29/01/2024
6647,Usman Ali,15/01/2024,Monitor,Electronics, ,,,Pakistan,507.98,1,Usman Ali,,15/01/2024
6649,Ayesha Noor,09/01/2024,Monitor,Electronics,,2,,Pakistan,507.98,2,Ayesha Noor,,09/01/2024
6651,Ali Khan,04/01/2024,Mouse,Electronics,,,,Pakistan,507.98,1,Ali Khan,,04/01/2024
6652,Bilal Ahmed,01/01/2024,Headphones,Electronics, ,,,Pakistan,507.98,1,Bilal Ahmed,,01/01/2024
6653,Ali Khan,13/01/2024,Table,Furniture,852.75,,,Pakistan,852.75,1,Ali Khan,,13/01/2024
6654,Ali Khan,07/01/2024,Keyboard,Electronics,,,,Pakistan,507.98,1,Ali Khan,,07/01/2024
6655,,15/01/2024,Monitor,Electronics, ,,,Pakistan,507.98,1,Unknown,,15/01/2024
6656,Bilal Ahmed,14/01/2024,Laptop,Electronics,904.24,-1,,Pakistan,904.24,1,Bilal Ahmed,,14/01/2024
6657,Sara Ahmed,05/01/2024,Table,Furniture,293.71,1,293.71,Pakistan,293.71,1,Sara Ahmed,293.71,05/01/2024
6659,Ali Khan,25/01/2024,Mouse,Electronics,,,,Pakistan,507.98,1,Ali Khan,,25/01/2024
6660,Ali Khan,26/01/2024,Laptop,Electronics, ,3,,Pakistan,507.98,3,Ali Khan,,26/01/2024
6662,Usman Ali,27/01/2024,Table,Furniture,908.68,-1,,Pakistan,908.68,1,Usman Ali,,27/01/2024
6664,Ali Khan,30/01/2024,Laptop,Electronics,418.68,,,Pakistan,418.68,1,Ali Khan,,30/01/2024
6665,Usman Ali,23/01/2024,Laptop,Electronics,953.06,,,Pakistan,953.06,1,Usman Ali,,23/01/2024
6666,Sara Ahmed,09/01/2024,Headphones,Electronics, ,4,,Pakistan,507.98,4,Sara Ahmed,,09/01/2024
6667,Usman Ali,11/01/2024,Keyboard,Electronics,500.77,,,Pakistan,500.77,1,Usman Ali,,11/01/2024
6668,,29/01/2024,Chair,Furniture, ,-1,,Pakistan,507.98,1,Unknown,,29/01/2024
6670,Usman Ali,06/01/2024,Monitor,Electronics, ,,,Pakistan,507.98,1,Usman Ali,,06/01/2024
6671,Sara Ahmed,26/01/2024,Laptop,Electronics, ,4,,Pakistan,507.98,4,Sara Ahmed,,26/01/2024
6672,Bilal Ahmed,19/01/2024,Monitor,Electronics,,,,Pakistan,507.98,1,Bilal Ahmed,,19/01/2024
6673,Ali Khan,14/01/2024,Phone,Electronics,,4,,Pakistan,507.98,4,Ali Khan,,14/01/2024
6674,Sara Ahmed,24/01/2024,Mouse,Electronics, ,,,Pakistan,507.98,1,Sara Ahmed,,24/01/2024
6675,Ali Khan,23/01/2024,Monitor,Electronics, ,,,Pakistan,507.98,1,Ali Khan,,23/01/2024
6676,Ali Khan,04/01/2024,Mouse,Electronics, ,,,Pakistan,507.98,1,Ali Khan,,04/01/2024
6677,Bilal Ahmed,19/01/2024,Phone,Electronics, ,-1,,Pakistan,507.98,1,Bilal Ahmed,,19/01/2024
6678,Bilal Ahmed,18/01/2024,Chair,Furniture,,,,Pakistan,507.98,1,Bilal Ahmed,,18/01/2024
6680,Sara Ahmed,15/01/2024,Table,Furniture,,-1,,Pakistan,507.98,1,Sara Ahmed,,15/01/2024
6681,Bilal Ahmed,20/01/2024,Laptop,Electronics, ,3,,Pakistan,507.98,3,Bilal Ahmed,,20/01/2024
6682,Ayesha Noor,22/01/2024,Table,Furniture,285.80,-1,,Pakistan,285.80,1,Ayesha Noor,,22/01/2024
6683,Sara Ahmed,13/01/2024,Headphones,Electronics, ,-1,,Pakistan,507.98,1,Sara Ahmed,,13/01/2024
6685,Usman Ali,04/01/2024,Mouse,Electronics,781.07,3,2343.21,Pakistan,781.07,3,Usman Ali,2343.21,04/01/2024
6687,Bilal Ahmed,18/01/2024,Headphones,Electronics,403.77,,,Pakistan,403.77,1,Bilal Ahmed,,18/01/2024
6688,Bilal Ahmed,12/01/2024,Headphones,Electronics,,3,,Pakistan,507.98,3,Bilal Ahmed,,12/01/2024
6689,,27/01/2024,Mouse,Electronics, ,1,,Pakistan,507.98,1,Unknown,,27/01/2024
6690,Bilal Ahmed,17/01/2024,Chair,Furniture, ,,,Pakistan,507.98,1,Bilal Ahmed,,17/01/2024
6693,,29/01/2024,Phone,Electronics,494.48,,,Pakistan,494.48,1,Unknown,,29/01/2024
6694,Ahmed Raza,12/01/2024,Keyboard,Electronics,564.52,,,Pakistan,564.52,1,Ahmed Raza,,12/01/2024
6695,Ahmed Raza,05/01/2024,Keyboard,Electronics,751.38,-1,,Pakistan,751.38,1,Ahmed Raza,,05/01/2024
6696,Hina Khan,09/01/2024,Headphones,Electronics,,-1,,Pakistan,507.98,1,Hina Khan,,09/01/2024
6697,,18/01/2024,Table,Furniture,108.96,2,217.92,Pakistan,108.96,2,Unknown,217.92,18/01/2024
6699,Usman Ali,27/01/2024,Phone,Electronics,122.71,2,245.42,Pakistan,122.71,2,Usman Ali,245.42,27/01/2024
6700,Hina Khan,01/01/2024,Mouse,Electronics,96.92,4,387.68,Pakistan,96.92,4,Hina Khan,387.68,01/01/2024
6701,Ahmed Raza,27/01/2024,Table,Furniture, ,1,,Pakistan,507.98,1,Ahmed Raza,,27/01/2024
6702,Hina Khan,16/01/2024,Headphones,Electronics,,2,,Pakistan,507.98,2,Hina Khan,,16/01/2024
6703,Ahmed Raza,26/01/2024,Keyboard,Electronics,988.86,-1,,Pakistan,988.86,1,Ahmed Raza,,26/01/2024
6704,Hina Khan,12/01/2024,Monitor,Electronics, ,,,Pakistan,507.98,1,Hina Khan,,12/01/2024
6706,,18/01/2024,Mouse,Electronics,864.55,-1,,Pakistan,864.55,1,Unknown,,18/01/2024
6707,Hina Khan,17/01/2024,Phone,Electronics,168.67,,,Pakistan,168.67,1,Hina Khan,,17/01/2024
6709,Hina Khan,21/01/2024,Chair,Furniture,578.83,,,Pakistan,578.83,1,Hina Khan,,21/01/2024
6711,Ayesha Noor,03/01/2024,Chair,Furniture,516.86,,,Pakistan,516.86,1,Ayesha Noor,,03/01/2024
6712,,05/01/2024,Mouse,Electronics,136.52,,,Pakistan,136.52,1,Unknown,,05/01/2024
6713,Bilal Ahmed,20/01/2024,Mouse,Electronics, ,-1,,Pakistan,507.98,1,Bilal Ahmed,,20/01/2024
6714,Ahmed Raza,29/01/2024,Keyboard,Electronics, ,-1,,Pakistan,507.98,1,Ahmed Raza,,29/01/2024
6715,Ali Khan,16/01/2024,Keyboard,Electronics,,-1,,Pakistan,507.98,1,Ali Khan,,16/01/2024
6716,Usman Ali,06/01/2024,Keyboard,Electronics,608.58,3,1825.74,Pakistan,608.58,3,Usman Ali,1825.74,06/01/2024
6717,Hina Khan,17/01/2024,Laptop,Electronics,,-1,,Pakistan,507.98,1,Hina Khan,,17/01/2024
6718,Ahmed Raza,08/01/2024,Headphones,Electronics,,,,Pakistan,507.98,1,Ahmed Raza,,08/01/2024
6719,,06/01/2024,Phone,Electronics,,4,,Pakistan,507.98,4,Unknown,,06/01/2024
6720,,03/01/2024,Phone,Electronics, ,,,Pakistan,507.98,1,Unknown,,03/01/2024
6721,Ali Khan,22/01/2024,Chair,Furniture, ,,,Pakistan,507.98,1,Ali Khan,,22/01/2024
6722,Usman Ali,03/01/2024,Keyboard,Electronics,545.62,-1,,Pakistan,545.62,1,Usman Ali,,03/01/2024
6723,Ahmed Raza,04/01/2024,Laptop,Electronics,356.03,1,356.03,Pakistan,356.03,1,Ahmed Raza,356.03,04/01/2024
6724,Hina Khan,26/01/2024,Headphones,Electronics,113.19,-1,,Pakistan,113.19,1,Hina Khan,,26/01/2024
6726,Usman Ali,07/01/2024,Headphones,Electronics,,-1,,Pakistan,507.98,1,Usman Ali,,07/01/2024
6728,Sara Ahmed,21/01/2024,Mouse,Electronics, ,3,,Pakistan,507.98,3,Sara Ahmed,,21/01/2024
6730,Ahmed Raza,22/01/2024,Table,Furniture,,,,Pakistan,507.98,1,Ahmed Raza,,22/01/2024
6731,Sara Ahmed,06/01/2024,Keyboard,Electronics, ,-1,,Pakistan,507.98,1,Sara Ahmed,,06/01/2024
6732,Sara Ahmed,30/01/2024,Keyboard,Electronics,367.53,4,1470.12,Pakistan,367.53,4,Sara Ahmed,1470.12,30/01/2024
6734,Sara Ahmed,28/01/2024,Headphones,Electronics,743.79,,,Pakistan,743.79,1,Sara Ahmed,,28/01/2024
6735,,05/01/2024,Laptop,Electronics,,3,,Pakistan,507.98,3,Unknown,,05/01/2024
6737,Ali Khan,13/01/2024,Keyboard,Electronics,180.06,2,360.12,Pakistan,180.06,2,Ali Khan,360.12,13/01/2024
6742,Ali Khan,15/01/2024,Table,Furniture, ,3,,Pakistan,507.98,3,Ali Khan,,15/01/2024
6743,Ayesha Noor,06/01/2024,Table,Furniture,588.72,1,588.72,Pakistan,588.72,1,Ayesha Noor,588.72,06/01/2024
6744,Ahmed Raza,13/01/2024,Phone,Electronics,575.99,,,Pakistan,575.99,1,Ahmed Raza,,13/01/2024
6745,Ahmed Raza,03/01/2024,Keyboard,Electronics,251.26,2,502.52,Pakistan,251.26,2,Ahmed Raza,502.52,03/01/2024
6746,Ayesha Noor,08/01/2024,Phone,Electronics, ,-1,,Pakistan,507.98,1,Ayesha Noor,,08/01/2024
6751,Hina Khan,27/01/2024,Phone,Electronics,280.66,,,Pakistan,280.66,1,Hina Khan,,27/01/2024
6752,Ahmed Raza,02/01/2024,Phone,Electronics,,4,,Pakistan,507.98,4,Ahmed Raza,,02/01/2024
6753,Ayesha Noor,13/01/2024,Headphones,Electronics, ,2,,Pakistan,507.98,2,Ayesha Noor,,13/01/2024
6756,Ahmed Raza,01/01/2024,Monitor,Electronics,,,,Pakistan,507.98,1,Ahmed Raza,,01/01/2024
6757,Ayesha Noor,30/01/2024,Phone,Electronics, ,,,Pakistan,507.98,1,Ayesha Noor,,30/01/2024
6759,Ayesha Noor,01/01/2024,Monitor,Electronics,233.41,,,Pakistan,233.41,1,Ayesha Noor,,01/01/2024
6761,Hina Khan,28/01/2024,Headphones,Electronics,29.75,2,59.5,Pakistan,29.75,2,Hina Khan,59.5,28/01/2024
6762,Bilal Ahmed,11/01/2024,Mouse,Electronics,,1,,Pakistan,507.98,1,Bilal Ahmed,,11/01/2024
6764,Ahmed Raza,29/01/2024,Mouse,Electronics,,2,,Pakistan,507.98,2,Ahmed Raza,,29/01/2024
6765,Ayesha Noor,03/01/2024,Headphones,Electronics, ,-1,,Pakistan,507.98,1,Ayesha Noor,,03/01/2024
6767,Bilal Ahmed,17/01/2024,Monitor,Electronics, ,-1,,Pakistan,507.98,1,Bilal Ahmed,,17/01/2024
6768,Ali Khan,29/01/2024,Keyboard,Electronics, ,,,Pakistan,507.98,1,Ali Khan,,29/01/2024
6770,Bilal Ahmed,22/01/2024,Phone,Electronics,943.73,-1,,Pakistan,943.73,1,Bilal Ahmed,,22/01/2024
6772,Ayesha Noor,19/01/2024,Chair,Furniture, ,,,Pakistan,507.98,1,Ayesha Noor,,19/01/2024
6775,,06/01/2024,Monitor,Electronics, ,-1,,Pakistan,507.98,1,Unknown,,06/01/2024
6776,Hina Khan,09/01/2024,Mouse,Electronics, ,-1,,Pakistan,507.98,1,Hina Khan,,09/01/2024
6779,Ahmed Raza,28/01/2024,Mouse,Electronics,337.64,-1,,Pakistan,337.64,1,Ahmed Raza,,28/01/2024
6780,Usman Ali,28/01/2024,Chair,Furniture,271.68,,,Pakistan,271.68,1,Usman Ali,,28/01/2024
6781,Usman Ali,18/01/2024,Table,Furniture,,3,,Pakistan,507.98,3,Usman Ali,,18/01/2024
6782,Sara Ahmed,02/01/2024,Laptop,Electronics,640.68,,,Pakistan,640.68,1,Sara Ahmed,,02/01/2024
6783,Ahmed Raza,10/01/2024,Keyboard,Electronics,622.60,,,Pakistan,622.60,1,Ahmed Raza,,10/01/2024
6784,Ayesha Noor,11/01/2024,Chair,Furniture, ,1,,Pakistan,507.98,1,Ayesha Noor,,11/01/2024
6786,,21/01/2024,Phone,Electronics, ,,,Pakistan,507.98,1,Unknown,,21/01/2024
6787,Usman Ali,13/01/2024,Monitor,Electronics, ,1,,Pakistan,507.98,1,Usman Ali,,13/01/2024
6789,Usman Ali,28/01/2024,Laptop,Electronics,918.95,4,3675.8,Pakistan,918.95,4,Usman Ali,3675.8,28/01/2024
6791,Bilal Ahmed,17/01/2024,Laptop,Electronics,337.75,1,337.75,Pakistan,337.75,1,Bilal Ahmed,337.75,17/01/2024
6793,,26/01/2024,Table,Furniture,823.34,-1,,Pakistan,823.34,1,Unknown,,26/01/2024
6794,Ahmed Raza,26/01/2024,Table,Furniture, ,,,Pakistan,507.98,1,Ahmed Raza,,26/01/2024
6795,Usman Ali,25/01/2024,Laptop,Electronics, ,4,,Pakistan,507.98,4,Usman Ali,,25/01/2024
6797,Hina Khan,10/01/2024,Laptop,Electronics, ,4,,Pakistan,507.98,4,Hina Khan,,10/01/2024
6798,Hina Khan,07/01/2024,Laptop,Electronics, ,3,,Pakistan,507.98,3,Hina Khan,,07/01/2024
6799,Ayesha Noor,17/01/2024,Monitor,Electronics,,-1,,Pakistan,507.98,1,Ayesha Noor,,17/01/2024
6800,Bilal Ahmed,13/01/2024,Phone,Electronics, ,,,Pakistan,507.98,1,Bilal Ahmed,,13/01/2024
6801,Sara Ahmed,25/01/2024,Chair,Furniture,,1,,Pakistan,507.98,1,Sara Ahmed,,25/01/2024
6802,Sara Ahmed,28/01/2024,Monitor,Electronics, ,3,,Pakistan,507.98,3,Sara Ahmed,,28/01/2024
6803,Ahmed Raza,26/01/2024,Laptop,Electronics,285.90,4,1143.6,Pakistan,285.90,4,Ahmed Raza,1143.6,26/01/2024
6805,Ahmed Raza,23/01/2024,Monitor,Electronics,,4,,Pakistan,507.98,4,Ahmed Raza,,23/01/2024
6806,Sara Ahmed,28/01/2024,Monitor,Electronics, ,,,Pakistan,507.98,1,Sara Ahmed,,28/01/2024
6807,Ahmed Raza,15/01/2024,Keyboard,Electronics, ,1,,Pakistan,507.98,1,Ahmed Raza,,15/01/2024
6808,Sara Ahmed,07/01/2024,Keyboard,Electronics, ,,,Pakistan,507.98,1,Sara Ahmed,,07/01/2024
6809,Bilal Ahmed,25/01/2024,Headphones,Electronics,803.57,,,Pakistan,803.57,1,Bilal Ahmed,,25/01/2024
6811,,20/01/2024,Phone,Electronics,186.75,4,747,Pakistan,186.75,4,Unknown,747,20/01/2024
6812,Sara Ahmed,05/01/2024,Laptop,Electronics, ,3,,Pakistan,507.98,3,Sara Ahmed,,05/01/2024
6813,Hina Khan,16/01/2024,Laptop,Electronics,380.18,,,Pakistan,380.18,1,Hina Khan,,16/01/2024
6814,Bilal Ahmed,20/01/2024,Chair,Furniture,702.67,3,2108.01,Pakistan,702.67,3,Bilal Ahmed,2108.01,20/01/2024
6816,Ali Khan,24/01/2024,Phone,Electronics,,,,Pakistan,507.98,1,Ali Khan,,24/01/2024
6818,Sara Ahmed,08/01/2024,Phone,Electronics,369.62,,,Pakistan,369.62,1,Sara Ahmed,,08/01/2024
6819,Ahmed Raza,14/01/2024,Chair,Furniture, ,,,Pakistan,507.98,1,Ahmed Raza,,14/01/2024
6820,Hina Khan,29/01/2024,Chair,Furniture, ,4,,Pakistan,507.98,4,Hina Khan,,29/01/2024
6821,Ali Khan,30/01/2024,Mouse,Electronics, ,-1,,Pakistan,507.98,1,Ali Khan,,30/01/2024
6822,Hina Khan,22/01/2024,Monitor,Electronics, ,-1,,Pakistan,507.98,1,Hina Khan,,22/01/2024
6823,Ahmed Raza,24/01/2024,Mouse,Electronics,,1,,Pakistan,507.98,1,Ahmed Raza,,24/01/2024
6824,Usman Ali,05/01/2024,Table,Furniture,889.20,3,2667.6,Pakistan,889.20,3,Usman Ali,2667.6,05/01/2024
6828,Ahmed Raza,07/01/2024,Phone,Electronics, ,2,,Pakistan,507.98,2,Ahmed Raza,,07/01/2024
6829,Hina Khan,01/01/2024,Laptop,Electronics,798.46,,,Pakistan,798.46,1,Hina Khan,,01/01/2024
6830,,05/01/2024,Table,Furniture, ,-1,,Pakistan,507.98,1,Unknown,,05/01/2024
6831,Usman Ali,11/01/2024,Laptop,Electronics, ,4,,Pakistan,507.98,4,Usman Ali,,11/01/2024
6833,Ahmed Raza,24/01/2024,Mouse,Electronics,,3,,Pakistan,507.98,3,Ahmed Raza,,24/01/2024
6834,,29/01/2024,Keyboard,Electronics,,1,,Pakistan,507.98,1,Unknown,,29/01/2024
6835,Ali Khan,29/01/2024,Phone,Electronics,454.00,,,Pakistan,454.00,1,Ali Khan,,29/01/2024
6836,Ali Khan,17/01/2024,Chair,Furniture, ,,,Pakistan,507.98,1,Ali Khan,,17/01/2024
6838,Ahmed Raza,27/01/2024,Monitor,Electronics,,,,Pakistan,507.98,1,Ahmed Raza,,27/01/2024
6839,Usman Ali,15/01/2024,Mouse,Electronics, ,,,Pakistan,507.98,1,Usman Ali,,15/01/2024
6840,Hina Khan,14/01/2024,Chair,Furniture, ,,,Pakistan,507.98,1,Hina Khan,,14/01/2024
6841,Sara Ahmed,01/01/2024,Headphones,Electronics,,1,,Pakistan,507.98,1,Sara Ahmed,,01/01/2024
6842,Ahmed Raza,17/01/2024,Laptop,Electronics, ,,,Pakistan,507.98,1,Ahmed Raza,,17/01/2024
6843,Bilal Ahmed,09/01/2024,Monitor,Electronics, ,-1,,Pakistan,507.98,1,Bilal Ahmed,,09/01/2024
6844,Sara Ahmed,01/01/2024,Monitor,Electronics,,,,Pakistan,507.98,1,Sara Ahmed,,01/01/2024
6845,,05/01/2024,Chair,Furniture, ,4,,Pakistan,507.98,4,Unknown,,05/01/2024
6847,Ayesha Noor,16/01/2024,Table,Furniture,,4,,Pakistan,507.98,4,Ayesha Noor,,16/01/2024
6849,Usman Ali,19/01/2024,Chair,Furniture, ,,,Pakistan,507.98,1,Usman Ali,,19/01/2024
6851,Ahmed Raza,08/01/2024,Headphones,Electronics,,1,,Pakistan,507.98,1,Ahmed Raza,,08/01/2024
6852,Ayesha Noor,02/01/2024,Headphones,Electronics,,4,,Pakistan,507.98,4,Ayesha Noor,,02/01/2024
6853,Ahmed Raza,18/01/2024,Chair,Furniture, ,2,,Pakistan,507.98,2,Ahmed Raza,,18/01/2024
6854,Usman Ali,27/01/2024,Phone,Electronics,,,,Pakistan,507.98,1,Usman Ali,,27/01/2024
6856,,23/01/2024,Phone,Electronics, ,4,,Pakistan,507.98,4,Unknown,,23/01/2024
6857,Sara Ahmed,04/01/2024,Laptop,Electronics,,-1,,Pakistan,507.98,1,Sara Ahmed,,04/01/2024
6858,Ahmed Raza,18/01/2024,Table,Furniture, ,,,Pakistan,507.98,1,Ahmed Raza,,18/01/2024
6859,Ali Khan,03/01/2024,Keyboard,Electronics,514.53,-1,,Pakistan,514.53,1,Ali Khan,,03/01/2024
6860,Ayesha Noor,07/01/2024,Table,Furniture,,-1,,Pakistan,507.98,1,Ayesha Noor,,07/01/2024
6861,Bilal Ahmed,08/01/2024,Monitor,Electronics,897.99,-1,,Pakistan,897.99,1,Bilal Ahmed,,08/01/2024
6863,Sara Ahmed,09/01/2024,Table,Furniture,386.15,4,1544.6,Pakistan,386.15,4,Sara Ahmed,1544.6,09/01/2024
6864,Ahmed Raza,24/01/2024,Monitor,Electronics,636.97,-1,,Pakistan,636.97,1,Ahmed Raza,,24/01/2024
6865,Ahmed Raza,24/01/2024,Laptop,Electronics,899.19,,,Pakistan,899.19,1,Ahmed Raza,,24/01/2024
6866,Ahmed Raza,06/01/2024,Phone,Electronics,332.55,4,1330.2,Pakistan,332.55,4,Ahmed Raza,1330.2,06/01/2024
6867,Ayesha Noor,17/01/2024,Headphones,Electronics,,,,Pakistan,507.98,1,Ayesha Noor,,17/01/2024
6868,Ali Khan,06/01/2024,Chair,Furniture, ,,,Pakistan,507.98,1,Ali Khan,,06/01/2024
6871,Ayesha Noor,03/01/2024,Monitor,Electronics,,-1,,Pakistan,507.98,1,Ayesha Noor,,03/01/2024
6872,Usman Ali,17/01/2024,Keyboard,Electronics, ,-1,,Pakistan,507.98,1,Usman Ali,,17/01/2024
6873,,22/01/2024,Laptop,Electronics, ,,,Pakistan,507.98,1,Unknown,,22/01/2024
6874,Ali Khan,07/01/2024,Laptop,Electronics,95.49,-1,,Pakistan,95.49,1,Ali Khan,,07/01/2024
6875,Ahmed Raza,22/01/2024,Mouse,Electronics, ,,,Pakistan,507.98,1,Ahmed Raza,,22/01/2024
6876,Usman Ali,01/01/2024,Laptop,Electronics, ,1,,Pakistan,507.98,1,Usman Ali,,01/01/2024
6877,Usman Ali,29/01/2024,Keyboard,Electronics,,-1,,Pakistan,507.98,1,Usman Ali,,29/01/2024
6880,Ali Khan,23/01/2024,Keyboard,Electronics, ,-1,,Pakistan,507.98,1,Ali Khan,,23/01/2024
6882,Ayesha Noor,05/01/2024,Chair,Furniture, ,-1,,Pakistan,507.98,1,Ayesha Noor,,05/01/2024
6883,Ali Khan,03/01/2024,Laptop,Electronics,,,,Pakistan,507.98,1,Ali Khan,,03/01/2024
6884,Ahmed Raza,20/01/2024,Table,Furniture,230.26,,,Pakistan,230.26,1,Ahmed Raza,,20/01/2024
6885,Ahmed Raza,10/01/2024,Laptop,Electronics, ,-1,,Pakistan,507.98,1,Ahmed Raza,,10/01/2024
6887,Ahmed Raza,22/01/2024,Phone,Electronics, ,3,,Pakistan,507.98,3,Ahmed Raza,,22/01/2024
6888,Ayesha Noor,17/01/2024,Chair,Furniture,,-1,,Pakistan,507.98,1,Ayesha Noor,,17/01/2024
6889,Bilal Ahmed,24/01/2024,Headphones,Electronics,225.16,1,225.16,Pakistan,225.16,1,Bilal Ahmed,225.16,24/01/2024
6893,Ali Khan,04/01/2024,Laptop,Electronics,883.39,,,Pakistan,883.39,1,Ali Khan,,04/01/2024
6895,Ahmed Raza,02/01/2024,Chair,Furniture,,-1,,Pakistan,507.98,1,Ahmed Raza,,02/01/2024
6896,Ahmed Raza,18/01/2024,Monitor,Electronics,569.44,,,Pakistan,569.44,1,Ahmed Raza,,18/01/2024
6897,Ahmed Raza,27/01/2024,Chair,Furniture,,4,,Pakistan,507.98,4,Ahmed Raza,,27/01/2024
6898,Ahmed Raza,17/01/2024,Table,Furniture, ,,,Pakistan,507.98,1,Ahmed Raza,,17/01/2024
6899,,29/01/2024,Keyboard,Electronics,,,,Pakistan,507.98,1,Unknown,,29/01/2024
6900,,11/01/2024,Monitor,Electronics,568.71,,,Pakistan,568.71,1,Unknown,,11/01/2024
6902,Hina Khan,13/01/2024,Keyboard,Electronics,,-1,,Pakistan,507.98,1,Hina Khan,,13/01/2024
6904,Ayesha Noor,21/01/2024,Monitor,Electronics,,2,,Pakistan,507.98,2,Ayesha Noor,,21/01/2024
6905,Ayesha Noor,03/01/2024,Mouse,Electronics, ,,,Pakistan,507.98,1,Ayesha Noor,,03/01/2024
6907,Ali Khan,10/01/2024,Keyboard,Electronics,,2,,Pakistan,507.98,2,Ali Khan,,10/01/2024
6908,Sara Ahmed,27/01/2024,Mouse,Electronics,,1,,Pakistan,507.98,1,Sara Ahmed,,27/01/2024
6910,Bilal Ahmed,11/01/2024,Monitor,Electronics,59.31,,,Pakistan,59.31,1,Bilal Ahmed,,11/01/2024
6911,Usman Ali,24/01/2024,Table,Furniture,471.83,,,Pakistan,471.83,1,Usman Ali,,24/01/2024
6913,Sara Ahmed,24/01/2024,Mouse,Electronics,,4,,Pakistan,507.98,4,Sara Ahmed,,24/01/2024
6915,,13/01/2024,Phone,Electronics,,2,,Pakistan,507.98,2,Unknown,,13/01/2024
6917,Sara Ahmed,17/01/2024,Table,Furniture,,2,,Pakistan,507.98,2,Sara Ahmed,,17/01/2024
6918,,28/01/2024,Monitor,Electronics,,-1,,Pakistan,507.98,1,Unknown,,28/01/2024
6919,Ayesha Noor,25/01/2024,Table,Furniture,,,,Pakistan,507.98,1,Ayesha Noor,,25/01/2024
6921,Ali Khan,13/01/2024,Laptop,Electronics,,-1,,Pakistan,507.98,1,Ali Khan,,13/01/2024
6922,Bilal Ahmed,27/01/2024,Phone,Electronics,,,,Pakistan,507.98,1,Bilal Ahmed,,27/01/2024
6925,Hina Khan,27/01/2024,Laptop,Electronics,772.73,,,Pakistan,772.73,1,Hina Khan,,27/01/2024
6926,Ahmed Raza,02/01/2024,Phone,Electronics,,1,,Pakistan,507.98,1,Ahmed Raza,,02/01/2024
6927,Bilal Ahmed,24/01/2024,Mouse,Electronics,,-1,,Pakistan,507.98,1,Bilal Ahmed,,24/01/2024
6928,Hina Khan,09/01/2024,Phone,Electronics,857.34,2,1714.68,Pakistan,857.34,2,Hina Khan,1714.68,09/01/2024
6930,Ahmed Raza,27/01/2024,Table,Furniture, ,1,,Pakistan,507.98,1,Ahmed Raza,,27/01/2024
6931,Ali Khan,26/01/2024,Mouse,Electronics, ,,,Pakistan,507.98,1,Ali Khan,,26/01/2024
6932,,28/01/2024,Mouse,Electronics, ,,,Pakistan,507.98,1,Unknown,,28/01/2024
6933,Ahmed Raza,25/01/2024,Monitor,Electronics, ,,,Pakistan,507.98,1,Ahmed Raza,,25/01/2024
6934,Usman Ali,09/01/2024,Laptop,Electronics, ,,,Pakistan,507.98,1,Usman Ali,,09/01/2024
6935,Ali Khan,05/01/2024,Monitor,Electronics,758.43,,,Pakistan,758.43,1,Ali Khan,,05/01/2024
6936,Usman Ali,14/01/2024,Chair,Furniture, ,,,Pakistan,507.98,1,Usman Ali,,14/01/2024
6937,Ahmed Raza,10/01/2024,Mouse,Electronics, ,4,,Pakistan,507.98,4,Ahmed Raza,,10/01/2024
6940,Hina Khan,25/01/2024,Monitor,Electronics,117.48,3,352.44,Pakistan,117.48,3,Hina Khan,352.44,25/01/2024
6941,Ahmed Raza,21/01/2024,Headphones,Electronics,30.22,-1,,Pakistan,30.22,1,Ahmed Raza,,21/01/2024
6942,Ali Khan,19/01/2024,Laptop,Electronics,741.51,,,Pakistan,741.51,1,Ali Khan,,19/01/2024
6943,Ali Khan,22/01/2024,Headphones,Electronics,,4,,Pakistan,507.98,4,Ali Khan,,22/01/2024
6945,Ayesha Noor,16/01/2024,Headphones,Electronics,,,,Pakistan,507.98,1,Ayesha Noor,,16/01/2024
6946,Ayesha Noor,08/01/2024,Table,Furniture,,-1,,Pakistan,507.98,1,Ayesha Noor,,08/01/2024
6947,Ayesha Noor,17/01/2024,Headphones,Electronics,,-1,,Pakistan,507.98,1,Ayesha Noor,,17/01/2024
6948,Usman Ali,03/01/2024,Headphones,Electronics, ,-1,,Pakistan,507.98,1,Usman Ali,,03/01/2024
6949,Ahmed Raza,27/01/2024,Monitor,Electronics,,3,,Pakistan,507.98,3,Ahmed Raza,,27/01/2024
6950,Ahmed Raza,28/01/2024,Mouse,Electronics,455.23,-1,,Pakistan,455.23,1,Ahmed Raza,,28/01/2024
6951,Ali Khan,01/01/2024,Phone,Electronics,48.16,4,192.64,Pakistan,48.16,4,Ali Khan,192.64,01/01/2024
6952,Ahmed Raza,06/01/2024,Monitor,Electronics, ,-1,,Pakistan,507.98,1,Ahmed Raza,,06/01/2024
6953,Ahmed Raza,13/01/2024,Monitor,Electronics,262.21,,,Pakistan,262.21,1,Ahmed Raza,,13/01/2024
6954,Usman Ali,19/01/2024,Table,Furniture,,-1,,Pakistan,507.98,1,Usman Ali,,19/01/2024
6955,Ahmed Raza,21/01/2024,Chair,Furniture,941.93,,,Pakistan,941.93,1,Ahmed Raza,,21/01/2024
6956,Ahmed Raza,20/01/2024,Chair,Furniture, ,2,,Pakistan,507.98,2,Ahmed Raza,,20/01/2024
6957,Ali Khan,15/01/2024,Table,Furniture,,-1,,Pakistan,507.98,1,Ali Khan,,15/01/2024
6958,Ali Khan,01/01/2024,Chair,Furniture,782.43,,,Pakistan,782.43,1,Ali Khan,,01/01/2024
6959,Sara Ahmed,25/01/2024,Table,Furniture,976.89,,,Pakistan,976.89,1,Sara Ahmed,,25/01/2024
6960,Ahmed Raza,20/01/2024,Mouse,Electronics,160.29,-1,,Pakistan,160.29,1,Ahmed Raza,,20/01/2024
6961,Usman Ali,13/01/2024,Table,Furniture,208.39,-1,,Pakistan,208.39,1,Usman Ali,,13/01/2024
6963,Hina Khan,08/01/2024,Phone,Electronics,873.71,,,Pakistan,873.71,1,Hina Khan,,08/01/2024
6964,Ali Khan,23/01/2024,Mouse,Electronics,,-1,,Pakistan,507.98,1,Ali Khan,,23/01/2024
6965,Ali Khan,10/01/2024,Mouse,Electronics, ,,,Pakistan,507.98,1,Ali Khan,,10/01/2024
6966,Bilal Ahmed,20/01/2024,Phone,Electronics, ,-1,,Pakistan,507.98,1,Bilal Ahmed,,20/01/2024
6968,Ali Khan,09/01/2024,Keyboard,Electronics,257.84,-1,,Pakistan,257.84,1,Ali Khan,,09/01/2024
6969,Ali Khan,06/01/2024,Headphones,Electronics,,,,Pakistan,507.98,1,Ali Khan,,06/01/2024
6970,Ayesha Noor,15/01/2024,Monitor,Electronics, ,3,,Pakistan,507.98,3,Ayesha Noor,,15/01/2024
6971,Sara Ahmed,27/01/2024,Laptop,Electronics,,3,,Pakistan,507.98,3,Sara Ahmed,,27/01/2024
6972,Ahmed Raza,11/01/2024,Laptop,Electronics,884.25,,,Pakistan,884.25,1,Ahmed Raza,,11/01/2024
6975,Bilal Ahmed,21/01/2024,Phone,Electronics, ,,,Pakistan,507.98,1,Bilal Ahmed,,21/01/2024
6978,,08/01/2024,Laptop,Electronics,,-1,,Pakistan,507.98,1,Unknown,,08/01/2024
6979,Usman Ali,29/01/2024,Headphones,Electronics,417.36,1,417.36,Pakistan,417.36,1,Usman Ali,417.36,29/01/2024
6980,Ahmed Raza,17/01/2024,Monitor,Electronics,,2,,Pakistan,507.98,2,Ahmed Raza,,17/01/2024
6981,Usman Ali,29/01/2024,Mouse,Electronics,,,,Pakistan,507.98,1,Usman Ali,,29/01/2024
6982,Sara Ahmed,21/01/2024,Chair,Furniture,902.77,,,Pakistan,902.77,1,Sara Ahmed,,21/01/2024
6986,Ayesha Noor,20/01/2024,Chair,Furniture,327.14,3,981.42,Pakistan,327.14,3,Ayesha Noor,981.42,20/01/2024
6987,Ali Khan,19/01/2024,Mouse,Electronics,207.15,-1,,Pakistan,207.15,1,Ali Khan,,19/01/2024
6990,Usman Ali,22/01/2024,Keyboard,Electronics, ,3,,Pakistan,507.98,3,Usman Ali,,22/01/2024
6992,,01/01/2024,Headphones,Electronics,556.94,,,Pakistan,556.94,1,Unknown,,01/01/2024
6993,Sara Ahmed,28/01/2024,Mouse,Electronics,939.64,-1,,Pakistan,939.64,1,Sara Ahmed,,28/01/2024
6995,Usman Ali,25/01/2024,Chair,Furniture, ,-1,,Pakistan,507.98,1,Usman Ali,,25/01/2024
6997,Ali Khan,02/01/2024,Phone,Electronics,,,,Pakistan,507.98,1,Ali Khan,,02/01/2024
6998,Bilal Ahmed,24/01/2024,Mouse,Electronics, ,-1,,Pakistan,507.98,1,Bilal Ahmed,,24/01/2024
6999,Ayesha Noor,21/01/2024,Phone,Electronics,,-1,,Pakistan,507.98,1,Ayesha Noor,,21/01/2024
7000,,07/01/2024,Laptop,Electronics,373.28,,,Pakistan,373.28,1,Unknown,,07/01/2024
7001,Usman Ali,02/01/2024,Monitor,Electronics,,4,,Pakistan,507.98,4,Usman Ali,,02/01/2024
7002,,14/01/2024,Chair,Furniture, ,,,Pakistan,507.98,1,Unknown,,14/01/2024
7003,Sara Ahmed,21/01/2024,Headphones,Electronics,512.02,-1,,Pakistan,512.02,1,Sara Ahmed,,21/01/2024
7004,Usman Ali,13/01/2024,Headphones,Electronics,,1,,Pakistan,507.98,1,Usman Ali,,13/01/2024
7006,Ahmed Raza,04/01/2024,Monitor,Electronics,,,,Pakistan,507.98,1,Ahmed Raza,,04/01/2024
7007,,12/01/2024,Chair,Furniture, ,-1,,Pakistan,507.98,1,Unknown,,12/01/2024
7010,Sara Ahmed,25/01/2024,Headphones,Electronics, ,3,,Pakistan,507.98,3,Sara Ahmed,,25/01/2024
7011,Ayesha Noor,29/01/2024,Table,Furniture,,,,Pakistan,507.98,1,Ayesha Noor,,29/01/2024
7013,Ayesha Noor,16/01/2024,Chair,Furniture,,3,,Pakistan,507.98,3,Ayesha Noor,,16/01/2024
7016,Usman Ali,21/01/2024,Keyboard,Electronics,504.63,-1,,Pakistan,504.63,1,Usman Ali,,21/01/2024
7019,Sara Ahmed,25/01/2024,Mouse,Electronics,,-1,,Pakistan,507.98,1,Sara Ahmed,,25/01/2024
7020,Usman Ali,06/01/2024,Keyboard,Electronics, ,-1,,Pakistan,507.98,1,Usman Ali,,06/01/2024
7021,Bilal Ahmed,25/01/2024,Monitor,Electronics,,-1,,Pakistan,507.98,1,Bilal Ahmed,,25/01/2024
7023,Ayesha Noor,26/01/2024,Keyboard,Electronics,830.64,,,Pakistan,830.64,1,Ayesha Noor,,26/01/2024
7025,Ahmed Raza,18/01/2024,Chair,Furniture,,,,Pakistan,507.98,1,Ahmed Raza,,18/01/2024
7027,Bilal Ahmed,22/01/2024,Headphones,Electronics,957.38,,,Pakistan,957.38,1,Bilal Ahmed,,22/01/2024
7028,Hina Khan,03/01/2024,Keyboard,Electronics,631.25,,,Pakistan,631.25,1,Hina Khan,,03/01/2024
7029,Ali Khan,04/01/2024,Chair,Furniture, ,,,Pakistan,507.98,1,Ali Khan,,04/01/2024
7030,Ali Khan,03/01/2024,Monitor,Electronics,,-1,,Pakistan,507.98,1,Ali Khan,,03/01/2024
7033,Usman Ali,21/01/2024,Laptop,Electronics,,4,,Pakistan,507.98,4,Usman Ali,,21/01/2024
7034,Ahmed Raza,30/01/2024,Mouse,Electronics,,2,,Pakistan,507.98,2,Ahmed Raza,,30/01/2024
7037,,19/01/2024,Phone,Electronics,,,,Pakistan,507.98,1,Unknown,,19/01/2024
7038,Sara Ahmed,21/01/2024,Monitor,Electronics,729.87,,,Pakistan,729.87,1,Sara Ahmed,,21/01/2024
7039,Ahmed Raza,01/01/2024,Monitor,Electronics, ,4,,Pakistan,507.98,4,Ahmed Raza,,01/01/2024
7040,Bilal Ahmed,19/01/2024,Mouse,Electronics,271.12,2,542.24,Pakistan,271.12,2,Bilal Ahmed,542.24,19/01/2024
7041,Sara Ahmed,07/01/2024,Laptop,Electronics, ,4,,Pakistan,507.98,4,Sara Ahmed,,07/01/2024
7043,Bilal Ahmed,26/01/2024,Phone,Electronics,,-1,,Pakistan,507.98,1,Bilal Ahmed,,26/01/2024
7044,Ayesha Noor,26/01/2024,Table,Furniture,397.85,,,Pakistan,397.85,1,Ayesha Noor,,26/01/2024
7045,Ahmed Raza,25/01/2024,Headphones,Electronics,967.71,2,1935.42,Pakistan,967.71,2,Ahmed Raza,1935.42,25/01/2024
7046,Sara Ahmed,01/01/2024,Phone,Electronics,,3,,Pakistan,507.98,3,Sara Ahmed,,01/01/2024
7047,Usman Ali,21/01/2024,Monitor,Electronics,95.93,3,287.79,Pakistan,95.93,3,Usman Ali,287.79,21/01/2024
7048,Ahmed Raza,23/01/2024,Table,Furniture,36.11,,,Pakistan,36.11,1,Ahmed Raza,,23/01/2024
7049,Usman Ali,29/01/2024,Table,Furniture,927.54,-1,,Pakistan,927.54,1,Usman Ali,,29/01/2024
7050,Ali Khan,07/01/2024,Chair,Furniture,,-1,,Pakistan,507.98,1,Ali Khan,,07/01/2024
7051,Sara Ahmed,02/01/2024,Laptop,Electronics,50.01,,,Pakistan,50.01,1,Sara Ahmed,,02/01/2024
7052,Bilal Ahmed,09/01/2024,Chair,Furniture,513.49,3,1540.47,Pakistan,513.49,3,Bilal Ahmed,1540.47,09/01/2024
7053,Ayesha Noor,04/01/2024,Laptop,Electronics, ,-1,,Pakistan,507.98,1,Ayesha Noor,,04/01/2024
7054,Ayesha Noor,04/01/2024,Keyboard,Electronics,891.26,3,2673.78,Pakistan,891.26,3,Ayesha Noor,2673.78,04/01/2024
7055,Hina Khan,22/01/2024,Table,Furniture,,-1,,Pakistan,507.98,1,Hina Khan,,22/01/2024
7057,Ayesha Noor,28/01/2024,Monitor,Electronics, ,3,,Pakistan,507.98,3,Ayesha Noor,,28/01/2024
7058,Sara Ahmed,30/01/2024,Table,Furniture,688.06,,,Pakistan,688.06,1,Sara Ahmed,,30/01/2024
7059,,24/01/2024,Laptop,Electronics,,-1,,Pakistan,507.98,1,Unknown,,24/01/2024
7060,Sara Ahmed,19/01/2024,Phone,Electronics,121.74,,,Pakistan,121.74,1,Sara Ahmed,,19/01/2024
7061,Ayesha Noor,12/01/2024,Phone,Electronics, ,1,,Pakistan,507.98,1,Ayesha Noor,,12/01/2024
7062,Ali Khan,22/01/2024,Mouse,Electronics,,,,Pakistan,507.98,1,Ali Khan,,22/01/2024
7063,Ayesha Noor,13/01/2024,Mouse,Electronics,,-1,,Pakistan,507.98,1,Ayesha Noor,,13/01/2024
7064,Ayesha Noor,05/01/2024,Headphones,Electronics,201.63,2,403.26,Pakistan,201.63,2,Ayesha Noor,403.26,05/01/2024
7065,Ali Khan,17/01/2024,Mouse,Electronics, ,-1,,Pakistan,507.98,1,Ali Khan,,17/01/2024
7066,Bilal Ahmed,16/01/2024,Laptop,Electronics, ,,,Pakistan,507.98,1,Bilal Ahmed,,16/01/2024
7067,Bilal Ahmed,11/01/2024,Keyboard,Electronics,,-1,,Pakistan,507.98,1,Bilal Ahmed,,11/01/2024
7071,Ayesha Noor,01/01/2024,Monitor,Electronics, ,,,Pakistan,507.98,1,Ayesha Noor,,01/01/2024
7072,Ayesha Noor,12/01/2024,Keyboard,Electronics, ,,,Pakistan,507.98,1,Ayesha Noor,,12/01/2024
7073,Ayesha Noor,30/01/2024,Table,Furniture,,-1,,Pakistan,507.98,1,Ayesha Noor,,30/01/2024
7074,Bilal Ahmed,25/01/2024,Headphones,Electronics,,,,Pakistan,507.98,1,Bilal Ahmed,,25/01/2024
7075,,10/01/2024,Phone,Electronics,,,,Pakistan,507.98,1,Unknown,,10/01/2024
7076,Sara Ahmed,26/01/2024,Monitor,Electronics,204.93,,,Pakistan,204.93,1,Sara Ahmed,,26/01/2024
7077,Usman Ali,07/01/2024,Table,Furniture,735.76,,,Pakistan,735.76,1,Usman Ali,,07/01/2024
7078,Bilal Ahmed,05/01/2024,Headphones,Electronics,57.20,-1,,Pakistan,57.20,1,Bilal Ahmed,,05/01/2024
7081,Usman Ali,22/01/2024,Phone,Electronics,,4,,Pakistan,507.98,4,Usman Ali,,22/01/2024
7083,Ayesha Noor,14/01/2024,Table,Furniture,668.31,,,Pakistan,668.31,1,Ayesha Noor,,14/01/2024
7084,,26/01/2024,Monitor,Electronics,279.23,2,558.46,Pakistan,279.23,2,Unknown,558.46,26/01/2024
7085,Usman Ali,17/01/2024,Laptop,Electronics, ,-1,,Pakistan,507.98,1,Usman Ali,,17/01/2024
7086,Ayesha Noor,29/01/2024,Headphones,Electronics,345.46,2,690.92,Pakistan,345.46,2,Ayesha Noor,690.92,29/01/2024
7088,Bilal Ahmed,08/01/2024,Laptop,Electronics,,,,Pakistan,507.98,1,Bilal Ahmed,,08/01/2024
7089,Ahmed Raza,13/01/2024,Chair,Furniture,,1,,Pakistan,507.98,1,Ahmed Raza,,13/01/2024
7090,Bilal Ahmed,18/01/2024,Table,Furniture,,4,,Pakistan,507.98,4,Bilal Ahmed,,18/01/2024
7091,Sara Ahmed,29/01/2024,Phone,Electronics, ,,,Pakistan,507.98,1,Sara Ahmed,,29/01/2024
7092,,11/01/2024,Headphones,Electronics,,,,Pakistan,507.98,1,Unknown,,11/01/2024
7094,Sara Ahmed,02/01/2024,Table,Furniture,,1,,Pakistan,507.98,1,Sara Ahmed,,02/01/2024
7095,Sara Ahmed,20/01/2024,Laptop,Electronics,,2,,Pakistan,507.98,2,Sara Ahmed,,20/01/2024
7096,Ayesha Noor,09/01/2024,Headphones,Electronics, ,-1,,Pakistan,507.98,1,Ayesha Noor,,09/01/2024
7097,Bilal Ahmed,24/01/2024,Keyboard,Electronics,111.44,,,Pakistan,111.44,1,Bilal Ahmed,,24/01/2024
7098,Ahmed Raza,06/01/2024,Headphones,Electronics,359.87,,,Pakistan,359.87,1,Ahmed Raza,,06/01/2024
7100,,02/01/2024,Table,Furniture,990.92,,,Pakistan,990.92,1,Unknown,,02/01/2024
7101,Ali Khan,06/01/2024,Mouse,Electronics,,,,Pakistan,507.98,1,Ali Khan,,06/01/2024
7103,Hina Khan,14/01/2024,Keyboard,Electronics, ,,,Pakistan,507.98,1,Hina Khan,,14/01/2024
7104,Ali Khan,25/01/2024,Keyboard,Electronics,111.23,2,222.46,Pakistan,111.23,2,Ali Khan,222.46,25/01/2024
7105,,15/01/2024,Headphones,Electronics,,,,Pakistan,507.98,1,Unknown,,15/01/2024
7106,Bilal Ahmed,14/01/2024,Keyboard,Electronics,673.91,,,Pakistan,673.91,1,Bilal Ahmed,,14/01/2024
7107,Ahmed Raza,03/01/2024,Phone,Electronics,,3,,Pakistan,507.98,3,Ahmed Raza,,03/01/2024
7108,Hina Khan,19/01/2024,Chair,Furniture,,3,,Pakistan,507.98,3,Hina Khan,,19/01/2024
7109,Hina Khan,01/01/2024,Headphones,Electronics,,-1,,Pakistan,507.98,1,Hina Khan,,01/01/2024
7113,Sara Ahmed,26/01/2024,Laptop,Electronics,,3,,Pakistan,507.98,3,Sara Ahmed,,26/01/2024
7114,Ahmed Raza,08/01/2024,Mouse,Electronics,321.71,2,643.42,Pakistan,321.71,2,Ahmed Raza,643.42,08/01/2024
7115,Bilal Ahmed,27/01/2024,Mouse,Electronics,747.85,,,Pakistan,747.85,1,Bilal Ahmed,,27/01/2024
7116,,15/01/2024,Laptop,Electronics,602.91,-1,,Pakistan,602.91,1,Unknown,,15/01/2024
7117,Sara Ahmed,23/01/2024,Mouse,Electronics,,,,Pakistan,507.98,1,Sara Ahmed,,23/01/2024
7118,Bilal Ahmed,23/01/2024,Mouse,Electronics,,,,Pakistan,507.98,1,Bilal Ahmed,,23/01/2024
7119,Ayesha Noor,11/01/2024,Table,Furniture,775.83,3,2327.49,Pakistan,775.83,3,Ayesha Noor,2327.49,11/01/2024
7120,Hina Khan,06/01/2024,Headphones,Electronics, ,-1,,Pakistan,507.98,1,Hina Khan,,06/01/2024
7121,Usman Ali,14/01/2024,Phone,Electronics,,4,,Pakistan,507.98,4,Usman Ali,,14/01/2024
7122,Ali Khan,22/01/2024,Keyboard,Electronics,516.33,-1,,Pakistan,516.33,1,Ali Khan,,22/01/2024
7123,,19/01/2024,Laptop,Electronics, ,,,Pakistan,507.98,1,Unknown,,19/01/2024
7124,Ali Khan,23/01/2024,Table,Furniture,253.76,-1,,Pakistan,253.76,1,Ali Khan,,23/01/2024
7126,Hina Khan,02/01/2024,Laptop,Electronics, ,,,Pakistan,507.98,1,Hina Khan,,02/01/2024
7127,Ayesha Noor,24/01/2024,Keyboard,Electronics, ,-1,,Pakistan,507.98,1,Ayesha Noor,,24/01/2024
7129,Sara Ahmed,08/01/2024,Table,Furniture, ,1,,Pakistan,507.98,1,Sara Ahmed,,08/01/2024
7130,Sara Ahmed,11/01/2024,Mouse,Electronics, ,4,,Pakistan,507.98,4,Sara Ahmed,,11/01/2024
7132,Usman Ali,27/01/2024,Mouse,Electronics,,-1,,Pakistan,507.98,1,Usman Ali,,27/01/2024
7133,Ahmed Raza,08/01/2024,Chair,Furniture,718.78,-1,,Pakistan,718.78,1,Ahmed Raza,,08/01/2024
7134,Ahmed Raza,06/01/2024,Mouse,Electronics,868.07,4,3472.28,Pakistan,868.07,4,Ahmed Raza,3472.28,06/01/2024
7135,Usman Ali,02/01/2024,Keyboard,Electronics,,4,,Pakistan,507.98,4,Usman Ali,,02/01/2024
7138,Ayesha Noor,05/01/2024,Keyboard,Electronics, ,,,Pakistan,507.98,1,Ayesha Noor,,05/01/2024
7139,Ayesha Noor,06/01/2024,Phone,Electronics,,,,Pakistan,507.98,1,Ayesha Noor,,06/01/2024
7140,Sara Ahmed,20/01/2024,Monitor,Electronics,806.81,4,3227.24,Pakistan,806.81,4,Sara Ahmed,3227.24,20/01/2024
7141,Ahmed Raza,17/01/2024,Headphones,Electronics,,1,,Pakistan,507.98,1,Ahmed Raza,,17/01/2024
7142,Bilal Ahmed,10/01/2024,Mouse,Electronics,,4,,Pakistan,507.98,4,Bilal Ahmed,,10/01/2024
7143,Ayesha Noor,04/01/2024,Laptop,Electronics,152.66,-1,,Pakistan,152.66,1,Ayesha Noor,,04/01/2024
7144,Ayesha Noor,05/01/2024,Mouse,Electronics,726.84,2,1453.68,Pakistan,726.84,2,Ayesha Noor,1453.68,05/01/2024
7145,,04/01/2024,Mouse,Electronics,31.86,2,63.72,Pakistan,31.86,2,Unknown,63.72,04/01/2024
7146,Bilal Ahmed,24/01/2024,Monitor,Electronics, ,3,,Pakistan,507.98,3,Bilal Ahmed,,24/01/2024
7148,,01/01/2024,Headphones,Electronics, ,,,Pakistan,507.98,1,Unknown,,01/01/2024
7150,,25/01/2024,Keyboard,Electronics, ,,,Pakistan,507.98,1,Unknown,,25/01/2024
7151,Ali Khan,16/01/2024,Phone,Electronics, ,3,,Pakistan,507.98,3,Ali Khan,,16/01/2024
7152,,13/01/2024,Table,Furniture,68.82,1,68.82,Pakistan,68.82,1,Unknown,68.82,13/01/2024
7153,Sara Ahmed,05/01/2024,Table,Furniture,240.00,-1,,Pakistan,240.00,1,Sara Ahmed,,05/01/2024
7154,Ayesha Noor,10/01/2024,Chair,Furniture,,,,Pakistan,507.98,1,Ayesha Noor,,10/01/2024
7157,Ayesha Noor,23/01/2024,Mouse,Electronics, ,-1,,Pakistan,507.98,1,Ayesha Noor,,23/01/2024
7158,Ayesha Noor,14/01/2024,Keyboard,Electronics, ,,,Pakistan,507.98,1,Ayesha Noor,,14/01/2024
7159,Hina Khan,01/01/2024,Phone,Electronics,87.48,-1,,Pakistan,87.48,1,Hina Khan,,01/01/2024
7160,Sara Ahmed,28/01/2024,Table,Furniture,637.45,3,1912.35,Pakistan,637.45,3,Sara Ahmed,1912.35,28/01/2024
7161,Hina Khan,21/01/2024,Phone,Electronics,,-1,,Pakistan,507.98,1,Hina Khan,,21/01/2024
7162,,30/01/2024,Monitor,Electronics,,-1,,Pakistan,507.98,1,Unknown,,30/01/2024
7163,Sara Ahmed,28/01/2024,Monitor,Electronics, ,3,,Pakistan,507.98,3,Sara Ahmed,,28/01/2024
7164,Bilal Ahmed,08/01/2024,Phone,Electronics, ,3,,Pakistan,507.98,3,Bilal Ahmed,,08/01/2024
7165,Ayesha Noor,27/01/2024,Keyboard,Electronics,651.59,,,Pakistan,651.59,1,Ayesha Noor,,27/01/2024
7166,Ali Khan,12/01/2024,Mouse,Electronics,,-1,,Pakistan,507.98,1,Ali Khan,,12/01/2024
7170,Hina Khan,01/01/2024,Laptop,Electronics,802.98,,,Pakistan,802.98,1,Hina Khan,,01/01/2024
7171,Ahmed Raza,25/01/2024,Phone,Electronics,585.59,,,Pakistan,585.59,1,Ahmed Raza,,25/01/2024
7172,Ayesha Noor,04/01/2024,Phone,Electronics, ,3,,Pakistan,507.98,3,Ayesha Noor,,04/01/2024
7174,Sara Ahmed,25/01/2024,Headphones,Electronics,,,,Pakistan,507.98,1,Sara Ahmed,,25/01/2024
7175,Bilal Ahmed,20/01/2024,Headphones,Electronics, ,2,,Pakistan,507.98,2,Bilal Ahmed,,20/01/2024
7177,Ahmed Raza,11/01/2024,Headphones,Electronics,,3,,Pakistan,507.98,3,Ahmed Raza,,11/01/2024
7178,Bilal Ahmed,02/01/2024,Chair,Furniture,,,,Pakistan,507.98,1,Bilal Ahmed,,02/01/2024
7179,,29/01/2024,Headphones,Electronics,,3,,Pakistan,507.98,3,Unknown,,29/01/2024
7180,Ahmed Raza,18/01/2024,Monitor,Electronics,,2,,Pakistan,507.98,2,Ahmed Raza,,18/01/2024
7181,Hina Khan,18/01/2024,Monitor,Electronics,930.66,,,Pakistan,930.66,1,Hina Khan,,18/01/2024
7182,,07/01/2024,Monitor,Electronics, ,,,Pakistan,507.98,1,Unknown,,07/01/2024
7183,,08/01/2024,Laptop,Electronics,424.23,4,1696.92,Pakistan,424.23,4,Unknown,1696.92,08/01/2024
7184,Hina Khan,09/01/2024,Chair,Furniture,532.07,-1,,Pakistan,532.07,1,Hina Khan,,09/01/2024
7186,Hina Khan,17/01/2024,Headphones,Electronics,649.84,3,1949.52,Pakistan,649.84,3,Hina Khan,1949.52,17/01/2024
7187,Ali Khan,28/01/2024,Headphones,Electronics,982.03,-1,,Pakistan,982.03,1,Ali Khan,,28/01/2024
7188,,29/01/2024,Laptop,Electronics,,-1,,Pakistan,507.98,1,Unknown,,29/01/2024
7189,Usman Ali,16/01/2024,Chair,Furniture, ,-1,,Pakistan,507.98,1,Usman Ali,,16/01/2024
7190,,11/01/2024,Chair,Furniture, ,-1,,Pakistan,507.98,1,Unknown,,11/01/2024
7192,Hina Khan,08/01/2024,Monitor,Electronics,,-1,,Pakistan,507.98,1,Hina Khan,,08/01/2024
7193,Sara Ahmed,11/01/2024,Phone,Electronics,,,,Pakistan,507.98,1,Sara Ahmed,,11/01/2024
7194,,04/01/2024,Phone,Electronics,395.84,1,395.84,Pakistan,395.84,1,Unknown,395.84,04/01/2024
7196,Ayesha Noor,23/01/2024,Phone,Electronics,,,,Pakistan,507.98,1,Ayesha Noor,,23/01/2024
7197,Ayesha Noor,05/01/2024,Headphones,Electronics, ,4,,Pakistan,507.98,4,Ayesha Noor,,05/01/2024
7198,Ayesha Noor,30/01/2024,Mouse,Electronics,477.16,3,1431.48,Pakistan,477.16,3,Ayesha Noor,1431.48,30/01/2024
7199,Usman Ali,26/01/2024,Keyboard,Electronics, ,4,,Pakistan,507.98,4,Usman Ali,,26/01/2024
7202,Ali Khan,23/01/2024,Phone,Electronics,737.09,-1,,Pakistan,737.09,1,Ali Khan,,23/01/2024
7203,Ali Khan,13/01/2024,Keyboard,Electronics,,,,Pakistan,507.98,1,Ali Khan,,13/01/2024
7204,Ayesha Noor,11/01/2024,Laptop,Electronics,551.04,-1,,Pakistan,551.04,1,Ayesha Noor,,11/01/2024
7205,Ayesha Noor,03/01/2024,Chair,Furniture,,-1,,Pakistan,507.98,1,Ayesha Noor,,03/01/2024
7208,Ahmed Raza,15/01/2024,Table,Furniture,,-1,,Pakistan,507.98,1,Ahmed Raza,,15/01/2024
7209,Usman Ali,08/01/2024,Mouse,Electronics,815.32,-1,,Pakistan,815.32,1,Usman Ali,,08/01/2024
7210,Ahmed Raza,28/01/2024,Mouse,Electronics,,-1,,Pakistan,507.98,1,Ahmed Raza,,28/01/2024
7211,Bilal Ahmed,16/01/2024,Headphones,Electronics,,,,Pakistan,507.98,1,Bilal Ahmed,,16/01/2024
7212,Usman Ali,29/01/2024,Phone,Electronics, ,1,,Pakistan,507.98,1,Usman Ali,,29/01/2024
7213,Ali Khan,05/01/2024,Headphones,Electronics,,1,,Pakistan,507.98,1,Ali Khan,,05/01/2024
7215,,26/01/2024,Mouse,Electronics,876.22,-1,,Pakistan,876.22,1,Unknown,,26/01/2024
7216,Ahmed Raza,29/01/2024,Headphones,Electronics,,3,,Pakistan,507.98,3,Ahmed Raza,,29/01/2024
7217,Ayesha Noor,12/01/2024,Mouse,Electronics, ,-1,,Pakistan,507.98,1,Ayesha Noor,,12/01/2024
7219,Bilal Ahmed,27/01/2024,Headphones,Electronics, ,-1,,Pakistan,507.98,1,Bilal Ahmed,,27/01/2024
7220,Hina Khan,26/01/2024,Laptop,Electronics,522.42,-1,,Pakistan,522.42,1,Hina Khan,,26/01/2024
7221,,29/01/2024,Laptop,Electronics,,4,,Pakistan,507.98,4,Unknown,,29/01/2024
7223,Ahmed Raza,15/01/2024,Keyboard,Electronics,,-1,,Pakistan,507.98,1,Ahmed Raza,,15/01/2024
7225,,25/01/2024,Keyboard,Electronics, ,-1,,Pakistan,507.98,1,Unknown,,25/01/2024
7226,Ali Khan,07/01/2024,Mouse,Electronics,,,,Pakistan,507.98,1,Ali Khan,,07/01/2024
7227,Ayesha Noor,26/01/2024,Keyboard,Electronics, ,-1,,Pakistan,507.98,1,Ayesha Noor,,26/01/2024
7228,Hina Khan,25/01/2024,Laptop,Electronics,,3,,Pakistan,507.98,3,Hina Khan,,25/01/2024
7230,Hina Khan,21/01/2024,Table,Furniture,428.20,2,856.4,Pakistan,428.20,2,Hina Khan,856.4,21/01/2024
7232,Ali Khan,17/01/2024,Laptop,Electronics,,3,,Pakistan,507.98,3,Ali Khan,,17/01/2024
7234,Hina Khan,29/01/2024,Monitor,Electronics,980.37,-1,,Pakistan,980.37,1,Hina Khan,,29/01/2024
7235,Bilal Ahmed,02/01/2024,Mouse,Electronics,509.51,,,Pakistan,509.51,1,Bilal Ahmed,,02/01/2024
7237,Hina Khan,01/01/2024,Monitor,Electronics, ,-1,,Pakistan,507.98,1,Hina Khan,,01/01/2024
7238,,07/01/2024,Headphones,Electronics, ,3,,Pakistan,507.98,3,Unknown,,07/01/2024
7239,Sara Ahmed,04/01/2024,Mouse,Electronics, ,,,Pakistan,507.98,1,Sara Ahmed,,04/01/2024
7240,Sara Ahmed,13/01/2024,Headphones,Electronics,,-1,,Pakistan,507.98,1,Sara Ahmed,,13/01/2024
7241,Sara Ahmed,21/01/2024,Keyboard,Electronics,734.31,,,Pakistan,734.31,1,Sara Ahmed,,21/01/2024
7243,,28/01/2024,Chair,Furniture,,,,Pakistan,507.98,1,Unknown,,28/01/2024
7244,Ahmed Raza,06/01/2024,Chair,Furniture,,4,,Pakistan,507.98,4,Ahmed Raza,,06/01/2024
7245,Ali Khan,03/01/2024,Keyboard,Electronics,239.86,1,239.86,Pakistan,239.86,1,Ali Khan,239.86,03/01/2024
7247,Bilal Ahmed,13/01/2024,Phone,Electronics, ,-1,,Pakistan,507.98,1,Bilal Ahmed,,13/01/2024
7248,Ali Khan,20/01/2024,Table,Furniture,904.06,,,Pakistan,904.06,1,Ali Khan,,20/01/2024
7251,Bilal Ahmed,08/01/2024,Keyboard,Electronics,805.29,,,Pakistan,805.29,1,Bilal Ahmed,,08/01/2024
7252,Ahmed Raza,07/01/2024,Table,Furniture, ,,,Pakistan,507.98,1,Ahmed Raza,,07/01/2024
7253,Hina Khan,02/01/2024,Mouse,Electronics,,,,Pakistan,507.98,1,Hina Khan,,02/01/2024
7254,Ahmed Raza,27/01/2024,Chair,Furniture, ,1,,Pakistan,507.98,1,Ahmed Raza,,27/01/2024
7255,Bilal Ahmed,01/01/2024,Mouse,Electronics,,,,Pakistan,507.98,1,Bilal Ahmed,,01/01/2024
7256,Ali Khan,12/01/2024,Chair,Furniture, ,-1,,Pakistan,507.98,1,Ali Khan,,12/01/2024
7257,Usman Ali,23/01/2024,Table,Furniture,,,,Pakistan,507.98,1,Usman Ali,,23/01/2024
7258,Ayesha Noor,21/01/2024,Table,Furniture,,-1,,Pakistan,507.98,1,Ayesha Noor,,21/01/2024
7260,Usman Ali,14/01/2024,Chair,Furniture, ,3,,Pakistan,507.98,3,Usman Ali,,14/01/2024
7263,,17/01/2024,Phone,Electronics, ,,,Pakistan,507.98,1,Unknown,,17/01/2024
7264,Bilal Ahmed,22/01/2024,Chair,Furniture,835.40,,,Pakistan,835.40,1,Bilal Ahmed,,22/01/2024
7266,Usman Ali,09/01/2024,Keyboard,Electronics,,-1,,Pakistan,507.98,1,Usman Ali,,09/01/2024
7267,,04/01/2024,Mouse,Electronics, ,-1,,Pakistan,507.98,1,Unknown,,04/01/2024
7268,Ahmed Raza,25/01/2024,Headphones,Electronics,,-1,,Pakistan,507.98,1,Ahmed Raza,,25/01/2024
7270,Usman Ali,12/01/2024,Headphones,Electronics, ,-1,,Pakistan,507.98,1,Usman Ali,,12/01/2024
7271,Bilal Ahmed,26/01/2024,Chair,Furniture, ,1,,Pakistan,507.98,1,Bilal Ahmed,,26/01/2024
7272,Bilal Ahmed,30/01/2024,Headphones,Electronics,878.68,-1,,Pakistan,878.68,1,Bilal Ahmed,,30/01/2024
7273,Hina Khan,22/01/2024,Headphones,Electronics,277.28,,,Pakistan,277.28,1,Hina Khan,,22/01/2024
7279,Ahmed Raza,17/01/2024,Keyboard,Electronics,291.04,-1,,Pakistan,291.04,1,Ahmed Raza,,17/01/2024
7281,Sara Ahmed,15/01/2024,Keyboard,Electronics, ,-1,,Pakistan,507.98,1,Sara Ahmed,,15/01/2024
7282,Usman Ali,07/01/2024,Keyboard,Electronics,187.22,,,Pakistan,187.22,1,Usman Ali,,07/01/2024
7285,Usman Ali,15/01/2024,Monitor,Electronics,,,,Pakistan,507.98,1,Usman Ali,,15/01/2024
7286,,28/01/2024,Monitor,Electronics,,,,Pakistan,507.98,1,Unknown,,28/01/2024
7289,Ayesha Noor,19/01/2024,Phone,Electronics, ,,,Pakistan,507.98,1,Ayesha Noor,,19/01/2024
7290,Usman Ali,08/01/2024,Laptop,Electronics, ,3,,Pakistan,507.98,3,Usman Ali,,08/01/2024
7293,,01/01/2024,Keyboard,Electronics, ,-1,,Pakistan,507.98,1,Unknown,,01/01/2024
7295,Ahmed Raza,02/01/2024,Phone,Electronics, ,3,,Pakistan,507.98,3,Ahmed Raza,,02/01/2024
7296,Bilal Ahmed,15/01/2024,Mouse,Electronics, ,2,,Pakistan,507.98,2,Bilal Ahmed,,15/01/2024
7297,,03/01/2024,Laptop,Electronics, ,-1,,Pakistan,507.98,1,Unknown,,03/01/2024
7298,,13/01/2024,Keyboard,Electronics, ,-1,,Pakistan,507.98,1,Unknown,,13/01/2024
7299,Ahmed Raza,18/01/2024,Chair,Furniture, ,-1,,Pakistan,507.98,1,Ahmed Raza,,18/01/2024
7301,Usman Ali,26/01/2024,Laptop,Electronics,916.27,,,Pakistan,916.27,1,Usman Ali,,26/01/2024
7302,Ali Khan,30/01/2024,Table,Furniture,,-1,,Pakistan,507.98,1,Ali Khan,,30/01/2024
7304,Ahmed Raza,24/01/2024,Keyboard,Electronics, ,,,Pakistan,507.98,1,Ahmed Raza,,24/01/2024
7305,Ayesha Noor,10/01/2024,Chair,Furniture,137.02,2,274.04,Pakistan,137.02,2,Ayesha Noor,274.04,10/01/2024
7306,Bilal Ahmed,01/01/2024,Laptop,Electronics,597.96,,,Pakistan,597.96,1,Bilal Ahmed,,01/01/2024
7307,Usman Ali,25/01/2024,Chair,Furniture, ,,,Pakistan,507.98,1,Usman Ali,,25/01/2024
7308,Ahmed Raza,29/01/2024,Chair,Furniture,672.22,,,Pakistan,672.22,1,Ahmed Raza,,29/01/2024
7310,Hina Khan,20/01/2024,Monitor,Electronics,,-1,,Pakistan,507.98,1,Hina Khan,,20/01/2024
7312,,27/01/2024,Table,Furniture,,-1,,Pakistan,507.98,1,Unknown,,27/01/2024
7314,,05/01/2024,Keyboard,Electronics, ,-1,,Pakistan,507.98,1,Unknown,,05/01/2024
7315,Hina Khan,30/01/2024,Keyboard,Electronics,122.60,-1,,Pakistan,122.60,1,Hina Khan,,30/01/2024
7316,Usman Ali,11/01/2024,Monitor,Electronics, ,3,,Pakistan,507.98,3,Usman Ali,,11/01/2024
7318,Ali Khan,11/01/2024,Laptop,Electronics,30.52,1,30.52,Pakistan,30.52,1,Ali Khan,30.52,11/01/2024
7321,,15/01/2024,Mouse,Electronics, ,,,Pakistan,507.98,1,Unknown,,15/01/2024
7322,Usman Ali,07/01/2024,Table,Furniture,202.04,,,Pakistan,202.04,1,Usman Ali,,07/01/2024
7323,Ali Khan,15/01/2024,Table,Furniture, ,,,Pakistan,507.98,1,Ali Khan,,15/01/2024
7324,Usman Ali,10/01/2024,Monitor,Electronics,,-1,,Pakistan,507.98,1,Usman Ali,,10/01/2024
7326,Hina Khan,20/01/2024,Laptop,Electronics, ,,,Pakistan,507.98,1,Hina Khan,,20/01/2024
7327,Usman Ali,09/01/2024,Headphones,Electronics, ,-1,,Pakistan,507.98,1,Usman Ali,,09/01/2024
7328,Ayesha Noor,19/01/2024,Keyboard,Electronics, ,1,,Pakistan,507.98,1,Ayesha Noor,,19/01/2024
7329,Ahmed Raza,08/01/2024,Phone,Electronics,740.66,-1,,Pakistan,740.66,1,Ahmed Raza,,08/01/2024
7332,,27/01/2024,Monitor,Electronics,333.52,,,Pakistan,333.52,1,Unknown,,27/01/2024
7333,Bilal Ahmed,05/01/2024,Monitor,Electronics,,4,,Pakistan,507.98,4,Bilal Ahmed,,05/01/2024
7336,Ayesha Noor,11/01/2024,Mouse,Electronics,486.70,-1,,Pakistan,486.70,1,Ayesha Noor,,11/01/2024
7337,Ali Khan,24/01/2024,Chair,Furniture, ,-1,,Pakistan,507.98,1,Ali Khan,,24/01/2024
7338,Bilal Ahmed,06/01/2024,Phone,Electronics,750.89,1,750.89,Pakistan,750.89,1,Bilal Ahmed,750.89,06/01/2024
7340,Ayesha Noor,09/01/2024,Laptop,Electronics, ,-1,,Pakistan,507.98,1,Ayesha Noor,,09/01/2024
7342,Sara Ahmed,11/01/2024,Phone,Electronics, ,,,Pakistan,507.98,1,Sara Ahmed,,11/01/2024
7343,Ayesha Noor,21/01/2024,Phone,Electronics, ,,,Pakistan,507.98,1,Ayesha Noor,,21/01/2024
7346,Usman Ali,02/01/2024,Keyboard,Electronics, ,4,,Pakistan,507.98,4,Usman Ali,,02/01/2024
7349,Usman Ali,20/01/2024,Table,Furniture,836.86,4,3347.44,Pakistan,836.86,4,Usman Ali,3347.44,20/01/2024
7350,Sara Ahmed,02/01/2024,Table,Furniture,,3,,Pakistan,507.98,3,Sara Ahmed,,02/01/2024
7351,Ayesha Noor,03/01/2024,Chair,Furniture,257.75,,,Pakistan,257.75,1,Ayesha Noor,,03/01/2024
7353,,29/01/2024,Headphones,Electronics, ,-1,,Pakistan,507.98,1,Unknown,,29/01/2024
7354,Ayesha Noor,30/01/2024,Headphones,Electronics,23.30,1,23.3,Pakistan,23.30,1,Ayesha Noor,23.3,30/01/2024
7356,Sara Ahmed,12/01/2024,Keyboard,Electronics,23.92,-1,,Pakistan,23.92,1,Sara Ahmed,,12/01/2024
7357,Bilal Ahmed,06/01/2024,Keyboard,Electronics,,-1,,Pakistan,507.98,1,Bilal Ahmed,,06/01/2024
7358,Ahmed Raza,15/01/2024,Keyboard,Electronics, ,,,Pakistan,507.98,1,Ahmed Raza,,15/01/2024
7363,Usman Ali,27/01/2024,Laptop,Electronics,,-1,,Pakistan,507.98,1,Usman Ali,,27/01/2024
7364,Ali Khan,17/01/2024,Mouse,Electronics,,-1,,Pakistan,507.98,1,Ali Khan,,17/01/2024
7365,Ali Khan,15/01/2024,Mouse,Electronics,653.54,-1,,Pakistan,653.54,1,Ali Khan,,15/01/2024
7366,Ali Khan,30/01/2024,Monitor,Electronics,146.87,4,587.48,Pakistan,146.87,4,Ali Khan,587.48,30/01/2024
7367,Ahmed Raza,19/01/2024,Monitor,Electronics,673.49,2,1346.98,Pakistan,673.49,2,Ahmed Raza,1346.98,19/01/2024
7368,Hina Khan,04/01/2024,Phone,Electronics,,,,Pakistan,507.98,1,Hina Khan,,04/01/2024
7369,Usman Ali,23/01/2024,Laptop,Electronics,,,,Pakistan,507.98,1,Usman Ali,,23/01/2024
7370,,22/01/2024,Mouse,Electronics, ,4,,Pakistan,507.98,4,Unknown,,22/01/2024
7372,Ayesha Noor,07/01/2024,Laptop,Electronics, ,,,Pakistan,507.98,1,Ayesha Noor,,07/01/2024
7373,Ayesha Noor,26/01/2024,Chair,Furniture,342.60,4,1370.4,Pakistan,342.60,4,Ayesha Noor,1370.4,26/01/2024
7374,Ali Khan,15/01/2024,Headphones,Electronics,,,,Pakistan,507.98,1,Ali Khan,,15/01/2024
7375,Sara Ahmed,11/01/2024,Keyboard,Electronics,,3,,Pakistan,507.98,3,Sara Ahmed,,11/01/2024
7376,Ahmed Raza,25/01/2024,Headphones,Electronics,,-1,,Pakistan,507.98,1,Ahmed Raza,,25/01/2024
7377,Ahmed Raza,13/01/2024,Keyboard,Electronics,509.70,-1,,Pakistan,509.70,1,Ahmed Raza,,13/01/2024
7379,Ali Khan,29/01/2024,Mouse,Electronics,,,,Pakistan,507.98,1,Ali Khan,,29/01/2024
7380,Sara Ahmed,21/01/2024,Chair,Furniture,136.60,-1,,Pakistan,136.60,1,Sara Ahmed,,21/01/2024
7381,Usman Ali,05/01/2024,Monitor,Electronics, ,,,Pakistan,507.98,1,Usman Ali,,05/01/2024
7382,Ahmed Raza,04/01/2024,Keyboard,Electronics,371.16,2,742.32,Pakistan,371.16,2,Ahmed Raza,742.32,04/01/2024
7384,Bilal Ahmed,12/01/2024,Table,Furniture, ,,,Pakistan,507.98,1,Bilal Ahmed,,12/01/2024
7385,Ayesha Noor,21/01/2024,Mouse,Electronics,,,,Pakistan,507.98,1,Ayesha Noor,,21/01/2024
7386,Ali Khan,25/01/2024,Keyboard,Electronics,,,,Pakistan,507.98,1,Ali Khan,,25/01/2024
7388,Ahmed Raza,02/01/2024,Headphones,Electronics,,-1,,Pakistan,507.98,1,Ahmed Raza,,02/01/2024
7389,,23/01/2024,Laptop,Electronics,988.73,-1,,Pakistan,988.73,1,Unknown,,23/01/2024
7391,Hina Khan,29/01/2024,Keyboard,Electronics, ,4,,Pakistan,507.98,4,Hina Khan,,29/01/2024
7392,Ali Khan,15/01/2024,Mouse,Electronics,,1,,Pakistan,507.98,1,Ali Khan,,15/01/2024
7393,Hina Khan,30/01/2024,Phone,Electronics,438.04,-1,,Pakistan,438.04,1,Hina Khan,,30/01/2024
7395,Ahmed Raza,26/01/2024,Laptop,Electronics,534.30,2,1068.6,Pakistan,534.30,2,Ahmed Raza,1068.6,26/01/2024
7396,Bilal Ahmed,03/01/2024,Mouse,Electronics,,1,,Pakistan,507.98,1,Bilal Ahmed,,03/01/2024
7397,Bilal Ahmed,03/01/2024,Headphones,Electronics, ,,,Pakistan,507.98,1,Bilal Ahmed,,03/01/2024
7398,Usman Ali,16/01/2024,Mouse,Electronics,,,,Pakistan,507.98,1,Usman Ali,,16/01/2024
7399,Usman Ali,30/01/2024,Keyboard,Electronics,,2,,Pakistan,507.98,2,Usman Ali,,30/01/2024
7400,Ayesha Noor,22/01/2024,Table,Furniture, ,,,Pakistan,507.98,1,Ayesha Noor,,22/01/2024
7401,Ali Khan,04/01/2024,Mouse,Electronics,,,,Pakistan,507.98,1,Ali Khan,,04/01/2024
7402,Usman Ali,13/01/2024,Monitor,Electronics, ,3,,Pakistan,507.98,3,Usman Ali,,13/01/2024
7404,Ahmed Raza,24/01/2024,Headphones,Electronics,,4,,Pakistan,507.98,4,Ahmed Raza,,24/01/2024
7405,Usman Ali,25/01/2024,Keyboard,Electronics, ,-1,,Pakistan,507.98,1,Usman Ali,,25/01/2024
7406,Bilal Ahmed,14/01/2024,Table,Furniture, ,,,Pakistan,507.98,1,Bilal Ahmed,,14/01/2024
7407,Usman Ali,04/01/2024,Chair,Furniture,250.04,3,750.12,Pakistan,250.04,3,Usman Ali,750.12,04/01/2024
7410,Ali Khan,27/01/2024,Chair,Furniture,,3,,Pakistan,507.98,3,Ali Khan,,27/01/2024
7411,,13/01/2024,Chair,Furniture,,,,Pakistan,507.98,1,Unknown,,13/01/2024
7412,Ayesha Noor,04/01/2024,Phone,Electronics,,-1,,Pakistan,507.98,1,Ayesha Noor,,04/01/2024
7413,Sara Ahmed,14/01/2024,Phone,Electronics,29.68,,,Pakistan,29.68,1,Sara Ahmed,,14/01/2024
7415,Usman Ali,27/01/2024,Phone,Electronics,287.85,-1,,Pakistan,287.85,1,Usman Ali,,27/01/2024
7419,Usman Ali,10/01/2024,Keyboard,Electronics,,-1,,Pakistan,507.98,1,Usman Ali,,10/01/2024
7420,Usman Ali,11/01/2024,Keyboard,Electronics,627.94,,,Pakistan,627.94,1,Usman Ali,,11/01/2024
7421,Usman Ali,15/01/2024,Monitor,Electronics,,,,Pakistan,507.98,1,Usman Ali,,15/01/2024
7422,Ayesha Noor,15/01/2024,Laptop,Electronics,,,,Pakistan,507.98,1,Ayesha Noor,,15/01/2024
7424,Bilal Ahmed,02/01/2024,Mouse,Electronics,736.23,1,736.23,Pakistan,736.23,1,Bilal Ahmed,736.23,02/01/2024
7425,Hina Khan,19/01/2024,Mouse,Electronics,539.13,,,Pakistan,539.13,1,Hina Khan,,19/01/2024
7427,Ali Khan,14/01/2024,Mouse,Electronics,696.43,-1,,Pakistan,696.43,1,Ali Khan,,14/01/2024
7428,Ayesha Noor,25/01/2024,Chair,Furniture, ,,,Pakistan,507.98,1,Ayesha Noor,,25/01/2024
7429,Bilal Ahmed,29/01/2024,Monitor,Electronics,919.06,,,Pakistan,919.06,1,Bilal Ahmed,,29/01/2024
7430,Ayesha Noor,01/01/2024,Laptop,Electronics,,,,Pakistan,507.98,1,Ayesha Noor,,01/01/2024
7431,Ayesha Noor,04/01/2024,Keyboard,Electronics,105.89,-1,,Pakistan,105.89,1,Ayesha Noor,,04/01/2024
7432,Usman Ali,18/01/2024,Headphones,Electronics,712.43,3,2137.29,Pakistan,712.43,3,Usman Ali,2137.29,18/01/2024
7433,,22/01/2024,Monitor,Electronics,982.18,-1,,Pakistan,982.18,1,Unknown,,22/01/2024
7434,Sara Ahmed,27/01/2024,Chair,Furniture,104.26,4,417.04,Pakistan,104.26,4,Sara Ahmed,417.04,27/01/2024
7435,Usman Ali,17/01/2024,Monitor,Electronics,518.14,4,2072.56,Pakistan,518.14,4,Usman Ali,2072.56,17/01/2024
7437,Usman Ali,01/01/2024,Headphones,Electronics,75.07,2,150.14,Pakistan,75.07,2,Usman Ali,150.14,01/01/2024
7438,Ali Khan,19/01/2024,Laptop,Electronics,599.23,4,2396.92,Pakistan,599.23,4,Ali Khan,2396.92,19/01/2024
7439,Bilal Ahmed,15/01/2024,Phone,Electronics, ,-1,,Pakistan,507.98,1,Bilal Ahmed,,15/01/2024
7440,Ayesha Noor,05/01/2024,Monitor,Electronics,894.64,3,2683.92,Pakistan,894.64,3,Ayesha Noor,2683.92,05/01/2024
7441,Ahmed Raza,26/01/2024,Table,Furniture, ,4,,Pakistan,507.98,4,Ahmed Raza,,26/01/2024
7442,Bilal Ahmed,26/01/2024,Laptop,Electronics, ,,,Pakistan,507.98,1,Bilal Ahmed,,26/01/2024
7443,Hina Khan,10/01/2024,Chair,Furniture,,,,Pakistan,507.98,1,Hina Khan,,10/01/2024
7444,Hina Khan,19/01/2024,Headphones,Electronics,,4,,Pakistan,507.98,4,Hina Khan,,19/01/2024
7446,Ayesha Noor,21/01/2024,Laptop,Electronics,,3,,Pakistan,507.98,3,Ayesha Noor,,21/01/2024
7447,Ahmed Raza,01/01/2024,Chair,Furniture,152.60,2,305.2,Pakistan,152.60,2,Ahmed Raza,305.2,01/01/2024
7448,,01/01/2024,Mouse,Electronics, ,-1,,Pakistan,507.98,1,Unknown,,01/01/2024
7449,Ayesha Noor,13/01/2024,Table,Furniture,,1,,Pakistan,507.98,1,Ayesha Noor,,13/01/2024
7450,Hina Khan,26/01/2024,Table,Furniture, ,,,Pakistan,507.98,1,Hina Khan,,26/01/2024
7451,Ayesha Noor,19/01/2024,Keyboard,Electronics, ,-1,,Pakistan,507.98,1,Ayesha Noor,,19/01/2024
7452,Sara Ahmed,05/01/2024,Table,Furniture, ,,,Pakistan,507.98,1,Sara Ahmed,,05/01/2024
7453,Bilal Ahmed,03/01/2024,Mouse,Electronics,,3,,Pakistan,507.98,3,Bilal Ahmed,,03/01/2024
7454,Ayesha Noor,27/01/2024,Mouse,Electronics, ,-1,,Pakistan,507.98,1,Ayesha Noor,,27/01/2024
7455,Hina Khan,29/01/2024,Headphones,Electronics,,4,,Pakistan,507.98,4,Hina Khan,,29/01/2024
7457,Ahmed Raza,20/01/2024,Chair,Furniture,,-1,,Pakistan,507.98,1,Ahmed Raza,,20/01/2024
7458,Ayesha Noor,04/01/2024,Keyboard,Electronics,,4,,Pakistan,507.98,4,Ayesha Noor,,04/01/2024
7460,Ahmed Raza,27/01/2024,Table,Furniture,,-1,,Pakistan,507.98,1,Ahmed Raza,,27/01/2024
7461,Usman Ali,22/01/2024,Phone,Electronics, ,-1,,Pakistan,507.98,1,Usman Ali,,22/01/2024
7463,Ahmed Raza,02/01/2024,Monitor,Electronics,,-1,,Pakistan,507.98,1,Ahmed Raza,,02/01/2024
7464,Ali Khan,25/01/2024,Table,Furniture, ,1,,Pakistan,507.98,1,Ali Khan,,25/01/2024
7465,Ahmed Raza,06/01/2024,Mouse,Electronics, ,1,,Pakistan,507.98,1,Ahmed Raza,,06/01/2024
7467,,29/01/2024,Monitor,Electronics,,1,,Pakistan,507.98,1,Unknown,,29/01/2024
7468,,08/01/2024,Monitor,Electronics,972.74,,,Pakistan,972.74,1,Unknown,,08/01/2024
7469,Usman Ali,03/01/2024,Headphones,Electronics,,-1,,Pakistan,507.98,1,Usman Ali,,03/01/2024
7470,Ahmed Raza,18/01/2024,Headphones,Electronics, ,3,,Pakistan,507.98,3,Ahmed Raza,,18/01/2024
7471,Ahmed Raza,22/01/2024,Chair,Furniture,,,,Pakistan,507.98,1,Ahmed Raza,,22/01/2024
7472,,27/01/2024,Table,Furniture,672.33,-1,,Pakistan,672.33,1,Unknown,,27/01/2024
7473,,02/01/2024,Keyboard,Electronics,,,,Pakistan,507.98,1,Unknown,,02/01/2024
7475,Ali Khan,16/01/2024,Laptop,Electronics, ,4,,Pakistan,507.98,4,Ali Khan,,16/01/2024
7476,Ahmed Raza,01/01/2024,Phone,Electronics,999.49,,,Pakistan,999.49,1,Ahmed Raza,,01/01/2024
7478,Ayesha Noor,09/01/2024,Table,Furniture,,4,,Pakistan,507.98,4,Ayesha Noor,,09/01/2024
7479,Usman Ali,21/01/2024,Monitor,Electronics,770.49,,,Pakistan,770.49,1,Usman Ali,,21/01/2024
7481,Usman Ali,26/01/2024,Chair,Furniture, ,-1,,Pakistan,507.98,1,Usman Ali,,26/01/2024
7482,Usman Ali,08/01/2024,Chair,Furniture,581.79,-1,,Pakistan,581.79,1,Usman Ali,,08/01/2024
7483,Ayesha Noor,15/01/2024,Monitor,Electronics, ,,,Pakistan,507.98,1,Ayesha Noor,,15/01/2024
7484,,05/01/2024,Headphones,Electronics,646.87,-1,,Pakistan,646.87,1,Unknown,,05/01/2024
7485,Ayesha Noor,28/01/2024,Phone,Electronics,,-1,,Pakistan,507.98,1,Ayesha Noor,,28/01/2024
7486,Bilal Ahmed,22/01/2024,Monitor,Electronics,,-1,,Pakistan,507.98,1,Bilal Ahmed,,22/01/2024
7488,Ayesha Noor,29/01/2024,Phone,Electronics, ,2,,Pakistan,507.98,2,Ayesha Noor,,29/01/2024
7489,Usman Ali,21/01/2024,Table,Furniture,797.38,,,Pakistan,797.38,1,Usman Ali,,21/01/2024
7490,Bilal Ahmed,15/01/2024,Laptop,Electronics, ,,,Pakistan,507.98,1,Bilal Ahmed,,15/01/2024
7491,Sara Ahmed,23/01/2024,Keyboard,Electronics, ,-1,,Pakistan,507.98,1,Sara Ahmed,,23/01/2024
7492,Sara Ahmed,10/01/2024,Mouse,Electronics,,,,Pakistan,507.98,1,Sara Ahmed,,10/01/2024
7494,Bilal Ahmed,15/01/2024,Phone,Electronics, ,,,Pakistan,507.98,1,Bilal Ahmed,,15/01/2024
7495,Ali Khan,18/01/2024,Keyboard,Electronics,786.49,3,2359.47,Pakistan,786.49,3,Ali Khan,2359.47,18/01/2024
7497,Ahmed Raza,02/01/2024,Mouse,Electronics,772.01,-1,,Pakistan,772.01,1,Ahmed Raza,,02/01/2024
7498,Bilal Ahmed,18/01/2024,Laptop,Electronics, ,,,Pakistan,507.98,1,Bilal Ahmed,,18/01/2024
7499,,11/01/2024,Laptop,Electronics,,2,,Pakistan,507.98,2,Unknown,,11/01/2024
7500,Ahmed Raza,30/01/2024,Phone,Electronics, ,4,,Pakistan,507.98,4,Ahmed Raza,,30/01/2024
7502,Usman Ali,09/01/2024,Laptop,Electronics, ,4,,Pakistan,507.98,4,Usman Ali,,09/01/2024
7503,Hina Khan,22/01/2024,Monitor,Electronics, ,,,Pakistan,507.98,1,Hina Khan,,22/01/2024
7504,Ali Khan,27/01/2024,Chair,Furniture,623.66,-1,,Pakistan,623.66,1,Ali Khan,,27/01/2024
7505,,25/01/2024,Chair,Furniture,,,,Pakistan,507.98,1,Unknown,,25/01/2024
7506,Ahmed Raza,05/01/2024,Table,Furniture,498.07,,,Pakistan,498.07,1,Ahmed Raza,,05/01/2024
7507,Ahmed Raza,22/01/2024,Keyboard,Electronics,977.89,1,977.89,Pakistan,977.89,1,Ahmed Raza,977.89,22/01/2024
7508,Ali Khan,23/01/2024,Headphones,Electronics,879.95,-1,,Pakistan,879.95,1,Ali Khan,,23/01/2024
7509,Ayesha Noor,17/01/2024,Phone,Electronics,,,,Pakistan,507.98,1,Ayesha Noor,,17/01/2024
7510,Ahmed Raza,20/01/2024,Table,Furniture,,-1,,Pakistan,507.98,1,Ahmed Raza,,20/01/2024
7511,Ayesha Noor,15/01/2024,Laptop,Electronics,,-1,,Pakistan,507.98,1,Ayesha Noor,,15/01/2024
7512,Bilal Ahmed,16/01/2024,Mouse,Electronics, ,,,Pakistan,507.98,1,Bilal Ahmed,,16/01/2024
7514,Ahmed Raza,22/01/2024,Table,Furniture,,-1,,Pakistan,507.98,1,Ahmed Raza,,22/01/2024
7515,Bilal Ahmed,08/01/2024,Monitor,Electronics,,3,,Pakistan,507.98,3,Bilal Ahmed,,08/01/2024
7517,Sara Ahmed,28/01/2024,Keyboard,Electronics, ,-1,,Pakistan,507.98,1,Sara Ahmed,,28/01/2024
7518,Hina Khan,13/01/2024,Mouse,Electronics,,-1,,Pakistan,507.98,1,Hina Khan,,13/01/2024
7519,Hina Khan,01/01/2024,Chair,Furniture,76.08,,,Pakistan,76.08,1,Hina Khan,,01/01/2024
7520,,15/01/2024,Phone,Electronics, ,4,,Pakistan,507.98,4,Unknown,,15/01/2024
7521,Ali Khan,11/01/2024,Headphones,Electronics,,,,Pakistan,507.98,1,Ali Khan,,11/01/2024
7522,Hina Khan,07/01/2024,Table,Furniture, ,,,Pakistan,507.98,1,Hina Khan,,07/01/2024
7523,,26/01/2024,Monitor,Electronics,,,,Pakistan,507.98,1,Unknown,,26/01/2024
7525,Hina Khan,28/01/2024,Mouse,Electronics,671.96,,,Pakistan,671.96,1,Hina Khan,,28/01/2024
7526,,07/01/2024,Headphones,Electronics,,-1,,Pakistan,507.98,1,Unknown,,07/01/2024
7527,Ahmed Raza,27/01/2024,Headphones,Electronics,,-1,,Pakistan,507.98,1,Ahmed Raza,,27/01/2024
7528,Ayesha Noor,16/01/2024,Keyboard,Electronics, ,,,Pakistan,507.98,1,Ayesha Noor,,16/01/2024
7530,Bilal Ahmed,28/01/2024,Laptop,Electronics, ,-1,,Pakistan,507.98,1,Bilal Ahmed,,28/01/2024
7532,Hina Khan,23/01/2024,Keyboard,Electronics, ,-1,,Pakistan,507.98,1,Hina Khan,,23/01/2024
7533,Ayesha Noor,26/01/2024,Chair,Furniture,,-1,,Pakistan,507.98,1,Ayesha Noor,,26/01/2024
7534,Ali Khan,08/01/2024,Monitor,Electronics,919.30,2,1838.6,Pakistan,919.30,2,Ali Khan,1838.6,08/01/2024
7535,Ali Khan,06/01/2024,Headphones,Electronics, ,4,,Pakistan,507.98,4,Ali Khan,,06/01/2024
7538,Usman Ali,10/01/2024,Chair,Furniture,321.23,,,Pakistan,321.23,1,Usman Ali,,10/01/2024
7539,Sara Ahmed,11/01/2024,Keyboard,Electronics,,4,,Pakistan,507.98,4,Sara Ahmed,,11/01/2024
7540,Sara Ahmed,12/01/2024,Laptop,Electronics,,,,Pakistan,507.98,1,Sara Ahmed,,12/01/2024
7543,Usman Ali,21/01/2024,Chair,Furniture,,4,,Pakistan,507.98,4,Usman Ali,,21/01/2024
7544,Ayesha Noor,22/01/2024,Headphones,Electronics,346.65,-1,,Pakistan,346.65,1,Ayesha Noor,,22/01/2024
7545,Ali Khan,09/01/2024,Chair,Furniture,88.88,-1,,Pakistan,88.88,1,Ali Khan,,09/01/2024
7546,,12/01/2024,Chair,Furniture,,-1,,Pakistan,507.98,1,Unknown,,12/01/2024
7549,Ali Khan,19/01/2024,Table,Furniture, ,,,Pakistan,507.98,1,Ali Khan,,19/01/2024
7550,Ali Khan,04/01/2024,Monitor,Electronics,826.19,,,Pakistan,826.19,1,Ali Khan,,04/01/2024
7552,Ayesha Noor,11/01/2024,Table,Furniture, ,-1,,Pakistan,507.98,1,Ayesha Noor,,11/01/2024
7553,Ali Khan,16/01/2024,Laptop,Electronics, ,1,,Pakistan,507.98,1,Ali Khan,,16/01/2024
7554,,18/01/2024,Monitor,Electronics,242.31,,,Pakistan,242.31,1,Unknown,,18/01/2024
7555,Ahmed Raza,28/01/2024,Headphones,Electronics,161.01,,,Pakistan,161.01,1,Ahmed Raza,,28/01/2024
7557,Sara Ahmed,24/01/2024,Monitor,Electronics,,,,Pakistan,507.98,1,Sara Ahmed,,24/01/2024
7558,Hina Khan,23/01/2024,Mouse,Electronics,914.77,,,Pakistan,914.77,1,Hina Khan,,23/01/2024
7559,Sara Ahmed,15/01/2024,Mouse,Electronics,,3,,Pakistan,507.98,3,Sara Ahmed,,15/01/2024
7560,,21/01/2024,Keyboard,Electronics,818.93,-1,,Pakistan,818.93,1,Unknown,,21/01/2024
7563,Ayesha Noor,18/01/2024,Table,Furniture,513.00,,,Pakistan,513.00,1,Ayesha Noor,,18/01/2024
7564,Ayesha Noor,19/01/2024,Laptop,Electronics,,2,,Pakistan,507.98,2,Ayesha Noor,,19/01/2024
7565,,17/01/2024,Chair,Furniture,,-1,,Pakistan,507.98,1,Unknown,,17/01/2024
7566,Ahmed Raza,09/01/2024,Table,Furniture,,2,,Pakistan,507.98,2,Ahmed Raza,,09/01/2024
7567,Ali Khan,12/01/2024,Table,Furniture,300.05,-1,,Pakistan,300.05,1,Ali Khan,,12/01/2024
7569,Usman Ali,19/01/2024,Headphones,Electronics,,,,Pakistan,507.98,1,Usman Ali,,19/01/2024
7570,Hina Khan,11/01/2024,Table,Furniture,,3,,Pakistan,507.98,3,Hina Khan,,11/01/2024
7571,Sara Ahmed,12/01/2024,Table,Furniture, ,,,Pakistan,507.98,1,Sara Ahmed,,12/01/2024
7572,Ali Khan,26/01/2024,Monitor,Electronics,,,,Pakistan,507.98,1,Ali Khan,,26/01/2024
7573,Hina Khan,08/01/2024,Laptop,Electronics, ,,,Pakistan,507.98,1,Hina Khan,,08/01/2024
7574,,01/01/2024,Table,Furniture,,-1,,Pakistan,507.98,1,Unknown,,01/01/2024
7575,,20/01/2024,Table,Furniture,,-1,,Pakistan,507.98,1,Unknown,,20/01/2024
7576,Sara Ahmed,13/01/2024,Headphones,Electronics, ,1,,Pakistan,507.98,1,Sara Ahmed,,13/01/2024
7577,Ali Khan,27/01/2024,Mouse,Electronics, ,-1,,Pakistan,507.98,1,Ali Khan,,27/01/2024
7578,Usman Ali,08/01/2024,Mouse,Electronics,,-1,,Pakistan,507.98,1,Usman Ali,,08/01/2024
7579,Ahmed Raza,11/01/2024,Monitor,Electronics,151.25,3,453.75,Pakistan,151.25,3,Ahmed Raza,453.75,11/01/2024
7580,Usman Ali,14/01/2024,Monitor,Electronics,521.56,-1,,Pakistan,521.56,1,Usman Ali,,14/01/2024
7582,Bilal Ahmed,26/01/2024,Headphones,Electronics,351.77,3,1055.31,Pakistan,351.77,3,Bilal Ahmed,1055.31,26/01/2024
7583,Ali Khan,04/01/2024,Table,Furniture,80.55,2,161.1,Pakistan,80.55,2,Ali Khan,161.1,04/01/2024
7584,Ayesha Noor,02/01/2024,Phone,Electronics,,,,Pakistan,507.98,1,Ayesha Noor,,02/01/2024
7585,Sara Ahmed,16/01/2024,Chair,Furniture,630.24,,,Pakistan,630.24,1,Sara Ahmed,,16/01/2024
7586,Bilal Ahmed,07/01/2024,Chair,Furniture,583.41,,,Pakistan,583.41,1,Bilal Ahmed,,07/01/2024
7587,Hina Khan,03/01/2024,Laptop,Electronics, ,2,,Pakistan,507.98,2,Hina Khan,,03/01/2024
7588,Usman Ali,08/01/2024,Chair,Furniture, ,2,,Pakistan,507.98,2,Usman Ali,,08/01/2024
7589,Ayesha Noor,28/01/2024,Laptop,Electronics, ,,,Pakistan,507.98,1,Ayesha Noor,,28/01/2024
7591,Ayesha Noor,15/01/2024,Keyboard,Electronics,,-1,,Pakistan,507.98,1,Ayesha Noor,,15/01/2024
7592,Usman Ali,20/01/2024,Monitor,Electronics,,4,,Pakistan,507.98,4,Usman Ali,,20/01/2024
7593,Ahmed Raza,10/01/2024,Keyboard,Electronics, ,,,Pakistan,507.98,1,Ahmed Raza,,10/01/2024
7594,Usman Ali,14/01/2024,Keyboard,Electronics, ,-1,,Pakistan,507.98,1,Usman Ali,,14/01/2024
7595,Usman Ali,24/01/2024,Headphones,Electronics,224.12,,,Pakistan,224.12,1,Usman Ali,,24/01/2024
7596,Ayesha Noor,08/01/2024,Chair,Furniture,893.28,1,893.28,Pakistan,893.28,1,Ayesha Noor,893.28,08/01/2024
7599,Ayesha Noor,19/01/2024,Table,Furniture,,-1,,Pakistan,507.98,1,Ayesha Noor,,19/01/2024
7600,,25/01/2024,Laptop,Electronics, ,,,Pakistan,507.98,1,Unknown,,25/01/2024
7601,Ali Khan,06/01/2024,Headphones,Electronics, ,,,Pakistan,507.98,1,Ali Khan,,06/01/2024
7602,Ayesha Noor,26/01/2024,Headphones,Electronics,,,,Pakistan,507.98,1,Ayesha Noor,,26/01/2024
7604,,08/01/2024,Mouse,Electronics, ,2,,Pakistan,507.98,2,Unknown,,08/01/2024
7605,Usman Ali,01/01/2024,Mouse,Electronics, ,-1,,Pakistan,507.98,1,Usman Ali,,01/01/2024
7607,Usman Ali,04/01/2024,Mouse,Electronics,56.11,-1,,Pakistan,56.11,1,Usman Ali,,04/01/2024
7608,,19/01/2024,Monitor,Electronics, ,,,Pakistan,507.98,1,Unknown,,19/01/2024
7609,Ayesha Noor,05/01/2024,Keyboard,Electronics,,4,,Pakistan,507.98,4,Ayesha Noor,,05/01/2024
7610,Usman Ali,25/01/2024,Keyboard,Electronics,,,,Pakistan,507.98,1,Usman Ali,,25/01/2024
7611,Usman Ali,21/01/2024,Mouse,Electronics, ,-1,,Pakistan,507.98,1,Usman Ali,,21/01/2024
7613,Bilal Ahmed,17/01/2024,Keyboard,Electronics,396.55,-1,,Pakistan,396.55,1,Bilal Ahmed,,17/01/2024
7614,Ahmed Raza,01/01/2024,Chair,Furniture, ,,,Pakistan,507.98,1,Ahmed Raza,,01/01/2024
7615,Hina Khan,14/01/2024,Chair,Furniture,,,,Pakistan,507.98,1,Hina Khan,,14/01/2024
7616,Usman Ali,07/01/2024,Mouse,Electronics,357.02,-1,,Pakistan,357.02,1,Usman Ali,,07/01/2024
7617,Hina Khan,28/01/2024,Keyboard,Electronics,860.77,-1,,Pakistan,860.77,1,Hina Khan,,28/01/2024
7618,Hina Khan,22/01/2024,Laptop,Electronics, ,4,,Pakistan,507.98,4,Hina Khan,,22/01/2024
7619,Usman Ali,28/01/2024,Chair,Furniture,,1,,Pakistan,507.98,1,Usman Ali,,28/01/2024
7621,Ahmed Raza,14/01/2024,Chair,Furniture, ,-1,,Pakistan,507.98,1,Ahmed Raza,,14/01/2024
7623,Usman Ali,06/01/2024,Laptop,Electronics,444.29,4,1777.16,Pakistan,444.29,4,Usman Ali,1777.16,06/01/2024
7624,Ali Khan,19/01/2024,Mouse,Electronics,,,,Pakistan,507.98,1,Ali Khan,,19/01/2024
7625,,18/01/2024,Mouse,Electronics,,,,Pakistan,507.98,1,Unknown,,18/01/2024
7627,Usman Ali,13/01/2024,Mouse,Electronics,320.76,-1,,Pakistan,320.76,1,Usman Ali,,13/01/2024
7628,Bilal Ahmed,14/01/2024,Phone,Electronics,326.33,-1,,Pakistan,326.33,1,Bilal Ahmed,,14/01/2024
7629,Ayesha Noor,11/01/2024,Chair,Furniture,619.68,-1,,Pakistan,619.68,1,Ayesha Noor,,11/01/2024
7631,Hina Khan,15/01/2024,Monitor,Electronics, ,3,,Pakistan,507.98,3,Hina Khan,,15/01/2024
7633,Hina Khan,27/01/2024,Table,Furniture,367.79,4,1471.16,Pakistan,367.79,4,Hina Khan,1471.16,27/01/2024
7634,Hina Khan,28/01/2024,Table,Furniture,,3,,Pakistan,507.98,3,Hina Khan,,28/01/2024
7635,Ayesha Noor,01/01/2024,Chair,Furniture, ,2,,Pakistan,507.98,2,Ayesha Noor,,01/01/2024
7636,Ali Khan,11/01/2024,Monitor,Electronics,,2,,Pakistan,507.98,2,Ali Khan,,11/01/2024
7638,Ayesha Noor,27/01/2024,Monitor,Electronics,,,,Pakistan,507.98,1,Ayesha Noor,,27/01/2024
7640,Bilal Ahmed,07/01/2024,Monitor,Electronics, ,-1,,Pakistan,507.98,1,Bilal Ahmed,,07/01/2024
7641,Ayesha Noor,21/01/2024,Monitor,Electronics,,4,,Pakistan,507.98,4,Ayesha Noor,,21/01/2024
7642,Ayesha Noor,25/01/2024,Chair,Furniture,,-1,,Pakistan,507.98,1,Ayesha Noor,,25/01/2024
7643,Bilal Ahmed,15/01/2024,Chair,Furniture,,-1,,Pakistan,507.98,1,Bilal Ahmed,,15/01/2024
7644,Sara Ahmed,19/01/2024,Phone,Electronics, ,,,Pakistan,507.98,1,Sara Ahmed,,19/01/2024
7645,Ahmed Raza,09/01/2024,Laptop,Electronics,,4,,Pakistan,507.98,4,Ahmed Raza,,09/01/2024
7647,Sara Ahmed,29/01/2024,Headphones,Electronics,690.48,,,Pakistan,690.48,1,Sara Ahmed,,29/01/2024
7648,,02/01/2024,Mouse,Electronics,,,,Pakistan,507.98,1,Unknown,,02/01/2024
7650,Ayesha Noor,15/01/2024,Phone,Electronics,521.49,3,1564.47,Pakistan,521.49,3,Ayesha Noor,1564.47,15/01/2024
7652,,11/01/2024,Laptop,Electronics,,-1,,Pakistan,507.98,1,Unknown,,11/01/2024
7654,Ali Khan,16/01/2024,Table,Furniture, ,-1,,Pakistan,507.98,1,Ali Khan,,16/01/2024
7655,Ahmed Raza,15/01/2024,Keyboard,Electronics, ,-1,,Pakistan,507.98,1,Ahmed Raza,,15/01/2024
7656,Sara Ahmed,17/01/2024,Phone,Electronics,,2,,Pakistan,507.98,2,Sara Ahmed,,17/01/2024
7657,Ahmed Raza,11/01/2024,Headphones,Electronics,,4,,Pakistan,507.98,4,Ahmed Raza,,11/01/2024
7658,Hina Khan,21/01/2024,Monitor,Electronics,,,,Pakistan,507.98,1,Hina Khan,,21/01/2024
7659,Ayesha Noor,05/01/2024,Headphones,Electronics, ,,,Pakistan,507.98,1,Ayesha Noor,,05/01/2024
7660,Ayesha Noor,18/01/2024,Laptop,Electronics,910.64,-1,,Pakistan,910.64,1,Ayesha Noor,,18/01/2024
7661,,09/01/2024,Keyboard,Electronics,335.02,-1,,Pakistan,335.02,1,Unknown,,09/01/2024
7662,Bilal Ahmed,18/01/2024,Chair,Furniture, ,,,Pakistan,507.98,1,Bilal Ahmed,,18/01/2024
7663,,04/01/2024,Table,Furniture,802.38,,,Pakistan,802.38,1,Unknown,,04/01/2024
7664,Hina Khan,17/01/2024,Phone,Electronics,391.63,,,Pakistan,391.63,1,Hina Khan,,17/01/2024
7666,Ayesha Noor,19/01/2024,Table,Furniture,513.23,,,Pakistan,513.23,1,Ayesha Noor,,19/01/2024
7667,Ayesha Noor,27/01/2024,Monitor,Electronics, ,-1,,Pakistan,507.98,1,Ayesha Noor,,27/01/2024
7668,Ali Khan,28/01/2024,Headphones,Electronics, ,,,Pakistan,507.98,1,Ali Khan,,28/01/2024
7670,Bilal Ahmed,19/01/2024,Phone,Electronics,841.06,-1,,Pakistan,841.06,1,Bilal Ahmed,,19/01/2024
7671,Ali Khan,07/01/2024,Monitor,Electronics,,,,Pakistan,507.98,1,Ali Khan,,07/01/2024
7674,Hina Khan,15/01/2024,Keyboard,Electronics, ,1,,Pakistan,507.98,1,Hina Khan,,15/01/2024
7675,Ayesha Noor,25/01/2024,Laptop,Electronics,206.38,4,825.52,Pakistan,206.38,4,Ayesha Noor,825.52,25/01/2024
7676,,26/01/2024,Keyboard,Electronics,,-1,,Pakistan,507.98,1,Unknown,,26/01/2024
7677,Ayesha Noor,07/01/2024,Laptop,Electronics,597.64,,,Pakistan,597.64,1,Ayesha Noor,,07/01/2024
7679,,14/01/2024,Mouse,Electronics,,,,Pakistan,507.98,1,Unknown,,14/01/2024
7680,Ahmed Raza,01/01/2024,Mouse,Electronics,,,,Pakistan,507.98,1,Ahmed Raza,,01/01/2024
7682,Sara Ahmed,09/01/2024,Phone,Electronics, ,3,,Pakistan,507.98,3,Sara Ahmed,,09/01/2024
7685,Hina Khan,25/01/2024,Table,Furniture,743.61,,,Pakistan,743.61,1,Hina Khan,,25/01/2024
7686,Hina Khan,28/01/2024,Monitor,Electronics, ,-1,,Pakistan,507.98,1,Hina Khan,,28/01/2024
7687,Ayesha Noor,13/01/2024,Table,Furniture,921.45,-1,,Pakistan,921.45,1,Ayesha Noor,,13/01/2024
7688,Ayesha Noor,03/01/2024,Laptop,Electronics,342.52,-1,,Pakistan,342.52,1,Ayesha Noor,,03/01/2024
7689,Ayesha Noor,24/01/2024,Table,Furniture, ,-1,,Pakistan,507.98,1,Ayesha Noor,,24/01/2024
7690,Ayesha Noor,13/01/2024,Headphones,Electronics, ,3,,Pakistan,507.98,3,Ayesha Noor,,13/01/2024
7691,Ahmed Raza,03/01/2024,Chair,Furniture,560.61,1,560.61,Pakistan,560.61,1,Ahmed Raza,560.61,03/01/2024
7692,Bilal Ahmed,13/01/2024,Phone,Electronics,525.99,,,Pakistan,525.99,1,Bilal Ahmed,,13/01/2024
7693,,22/01/2024,Mouse,Electronics,127.17,1,127.17,Pakistan,127.17,1,Unknown,127.17,22/01/2024
7694,Ali Khan,23/01/2024,Phone,Electronics, ,-1,,Pakistan,507.98,1,Ali Khan,,23/01/2024
7695,Sara Ahmed,30/01/2024,Mouse,Electronics,,-1,,Pakistan,507.98,1,Sara Ahmed,,30/01/2024
7697,Ahmed Raza,22/01/2024,Headphones,Electronics,,,,Pakistan,507.98,1,Ahmed Raza,,22/01/2024
7698,Hina Khan,13/01/2024,Phone,Electronics,514.93,4,2059.72,Pakistan,514.93,4,Hina Khan,2059.72,13/01/2024
7699,Usman Ali,20/01/2024,Chair,Furniture,731.42,-1,,Pakistan,731.42,1,Usman Ali,,20/01/2024
7700,Hina Khan,28/01/2024,Phone,Electronics,305.68,2,611.36,Pakistan,305.68,2,Hina Khan,611.36,28/01/2024
7701,Ayesha Noor,22/01/2024,Headphones,Electronics, ,,,Pakistan,507.98,1,Ayesha Noor,,22/01/2024
7703,Ali Khan,14/01/2024,Laptop,Electronics,202.54,,,Pakistan,202.54,1,Ali Khan,,14/01/2024
7705,Usman Ali,09/01/2024,Phone,Electronics,,4,,Pakistan,507.98,4,Usman Ali,,09/01/2024
7706,Hina Khan,22/01/2024,Laptop,Electronics, ,-1,,Pakistan,507.98,1,Hina Khan,,22/01/2024
7707,Sara Ahmed,25/01/2024,Table,Furniture,,-1,,Pakistan,507.98,1,Sara Ahmed,,25/01/2024
7708,Sara Ahmed,26/01/2024,Laptop,Electronics, ,,,Pakistan,507.98,1,Sara Ahmed,,26/01/2024
7709,Sara Ahmed,03/01/2024,Laptop,Electronics, ,-1,,Pakistan,507.98,1,Sara Ahmed,,03/01/2024
7710,Ali Khan,11/01/2024,Table,Furniture,154.05,3,462.15,Pakistan,154.05,3,Ali Khan,462.15,11/01/2024
7711,Usman Ali,16/01/2024,Phone,Electronics,623.97,-1,,Pakistan,623.97,1,Usman Ali,,16/01/2024
7713,Ayesha Noor,28/01/2024,Keyboard,Electronics,717.43,-1,,Pakistan,717.43,1,Ayesha Noor,,28/01/2024
7715,Ahmed Raza,05/01/2024,Table,Furniture,695.12,1,695.12,Pakistan,695.12,1,Ahmed Raza,695.12,05/01/2024
7716,Ahmed Raza,19/01/2024,Keyboard,Electronics, ,-1,,Pakistan,507.98,1,Ahmed Raza,,19/01/2024
7718,Bilal Ahmed,25/01/2024,Keyboard,Electronics, ,-1,,Pakistan,507.98,1,Bilal Ahmed,,25/01/2024
7719,,04/01/2024,Monitor,Electronics,935.22,1,935.22,Pakistan,935.22,1,Unknown,935.22,04/01/2024
7720,Ali Khan,27/01/2024,Monitor,Electronics,,-1,,Pakistan,507.98,1,Ali Khan,,27/01/2024
7721,Ayesha Noor,27/01/2024,Headphones,Electronics,,-1,,Pakistan,507.98,1,Ayesha Noor,,27/01/2024
7722,Ali Khan,24/01/2024,Monitor,Electronics, ,-1,,Pakistan,507.98,1,Ali Khan,,24/01/2024
7723,Ali Khan,18/01/2024,Mouse,Electronics, ,-1,,Pakistan,507.98,1,Ali Khan,,18/01/2024
7724,Ali Khan,17/01/2024,Chair,Furniture,21.57,2,43.14,Pakistan,21.57,2,Ali Khan,43.14,17/01/2024
7725,Ahmed Raza,08/01/2024,Chair,Furniture, ,4,,Pakistan,507.98,4,Ahmed Raza,,08/01/2024
7726,Usman Ali,28/01/2024,Phone,Electronics,,3,,Pakistan,507.98,3,Usman Ali,,28/01/2024
7728,Bilal Ahmed,22/01/2024,Monitor,Electronics,,,,Pakistan,507.98,1,Bilal Ahmed,,22/01/2024
7729,Bilal Ahmed,16/01/2024,Chair,Furniture,296.21,,,Pakistan,296.21,1,Bilal Ahmed,,16/01/2024
7732,Ahmed Raza,27/01/2024,Table,Furniture,357.13,2,714.26,Pakistan,357.13,2,Ahmed Raza,714.26,27/01/2024
7734,Sara Ahmed,25/01/2024,Mouse,Electronics,997.13,-1,,Pakistan,997.13,1,Sara Ahmed,,25/01/2024
7735,Ayesha Noor,04/01/2024,Mouse,Electronics, ,2,,Pakistan,507.98,2,Ayesha Noor,,04/01/2024
7736,,16/01/2024,Headphones,Electronics, ,1,,Pakistan,507.98,1,Unknown,,16/01/2024
7738,Ali Khan,10/01/2024,Monitor,Electronics,933.05,,,Pakistan,933.05,1,Ali Khan,,10/01/2024
7739,,28/01/2024,Phone,Electronics,348.97,,,Pakistan,348.97,1,Unknown,,28/01/2024
7740,Sara Ahmed,24/01/2024,Table,Furniture,,,,Pakistan,507.98,1,Sara Ahmed,,24/01/2024
7744,Bilal Ahmed,21/01/2024,Chair,Furniture,,-1,,Pakistan,507.98,1,Bilal Ahmed,,21/01/2024
7745,Ali Khan,04/01/2024,Keyboard,Electronics,,1,,Pakistan,507.98,1,Ali Khan,,04/01/2024
7747,Usman Ali,01/01/2024,Table,Furniture,,-1,,Pakistan,507.98,1,Usman Ali,,01/01/2024
7748,Ali Khan,21/01/2024,Chair,Furniture,892.83,,,Pakistan,892.83,1,Ali Khan,,21/01/2024
7749,Ayesha Noor,12/01/2024,Table,Furniture, ,-1,,Pakistan,507.98,1,Ayesha Noor,,12/01/2024
7750,Ayesha Noor,28/01/2024,Phone,Electronics,,2,,Pakistan,507.98,2,Ayesha Noor,,28/01/2024
7752,Bilal Ahmed,16/01/2024,Monitor,Electronics, ,,,Pakistan,507.98,1,Bilal Ahmed,,16/01/2024
7755,Ali Khan,03/01/2024,Phone,Electronics,,,,Pakistan,507.98,1,Ali Khan,,03/01/2024
7756,Usman Ali,05/01/2024,Phone,Electronics, ,,,Pakistan,507.98,1,Usman Ali,,05/01/2024
7757,Usman Ali,16/01/2024,Table,Furniture, ,,,Pakistan,507.98,1,Usman Ali,,16/01/2024
7758,Usman Ali,13/01/2024,Laptop,Electronics, ,,,Pakistan,507.98,1,Usman Ali,,13/01/2024
7761,Ayesha Noor,01/01/2024,Monitor,Electronics,67.53,4,270.12,Pakistan,67.53,4,Ayesha Noor,270.12,01/01/2024
7762,,29/01/2024,Chair,Furniture,,,,Pakistan,507.98,1,Unknown,,29/01/2024
7765,Ahmed Raza,03/01/2024,Keyboard,Electronics, ,,,Pakistan,507.98,1,Ahmed Raza,,03/01/2024
7767,Hina Khan,02/01/2024,Monitor,Electronics,525.49,-1,,Pakistan,525.49,1,Hina Khan,,02/01/2024
7768,,14/01/2024,Phone,Electronics, ,2,,Pakistan,507.98,2,Unknown,,14/01/2024
7770,Usman Ali,18/01/2024,Chair,Furniture,,1,,Pakistan,507.98,1,Usman Ali,,18/01/2024
7771,Usman Ali,01/01/2024,Table,Furniture,120.42,,,Pakistan,120.42,1,Usman Ali,,01/01/2024
7772,Hina Khan,04/01/2024,Phone,Electronics,,3,,Pakistan,507.98,3,Hina Khan,,04/01/2024
7779,Ayesha Noor,15/01/2024,Laptop,Electronics,914.77,,,Pakistan,914.77,1,Ayesha Noor,,15/01/2024
7780,Ali Khan,20/01/2024,Monitor,Electronics, ,,,Pakistan,507.98,1,Ali Khan,,20/01/2024
7781,Hina Khan,10/01/2024,Keyboard,Electronics,,-1,,Pakistan,507.98,1,Hina Khan,,10/01/2024
7782,Sara Ahmed,28/01/2024,Monitor,Electronics, ,-1,,Pakistan,507.98,1,Sara Ahmed,,28/01/2024
7783,Bilal Ahmed,10/01/2024,Phone,Electronics,827.10,-1,,Pakistan,827.10,1,Bilal Ahmed,,10/01/2024
7784,Sara Ahmed,15/01/2024,Chair,Furniture, ,-1,,Pakistan,507.98,1,Sara Ahmed,,15/01/2024
7785,Ayesha Noor,24/01/2024,Chair,Furniture, ,-1,,Pakistan,507.98,1,Ayesha Noor,,24/01/2024
7787,,08/01/2024,Keyboard,Electronics,,,,Pakistan,507.98,1,Unknown,,08/01/2024
7788,Bilal Ahmed,18/01/2024,Table,Furniture, ,2,,Pakistan,507.98,2,Bilal Ahmed,,18/01/2024
7791,Ayesha Noor,28/01/2024,Monitor,Electronics,,-1,,Pakistan,507.98,1,Ayesha Noor,,28/01/2024
7792,Ayesha Noor,03/01/2024,Mouse,Electronics,899.84,-1,,Pakistan,899.84,1,Ayesha Noor,,03/01/2024
7793,Ayesha Noor,21/01/2024,Table,Furniture,838.69,1,838.69,Pakistan,838.69,1,Ayesha Noor,838.69,21/01/2024
7794,,05/01/2024,Table,Furniture,687.38,4,2749.52,Pakistan,687.38,4,Unknown,2749.52,05/01/2024
7795,Ali Khan,03/01/2024,Monitor,Electronics,,,,Pakistan,507.98,1,Ali Khan,,03/01/2024
7796,Sara Ahmed,28/01/2024,Phone,Electronics,130.83,-1,,Pakistan,130.83,1,Sara Ahmed,,28/01/2024
7797,Hina Khan,22/01/2024,Table,Furniture, ,-1,,Pakistan,507.98,1,Hina Khan,,22/01/2024
7798,Sara Ahmed,01/01/2024,Chair,Furniture,,-1,,Pakistan,507.98,1,Sara Ahmed,,01/01/2024
7799,Ayesha Noor,10/01/2024,Table,Furniture, ,,,Pakistan,507.98,1,Ayesha Noor,,10/01/2024
7800,Ali Khan,23/01/2024,Keyboard,Electronics,,,,Pakistan,507.98,1,Ali Khan,,23/01/2024
7801,,06/01/2024,Headphones,Electronics, ,-1,,Pakistan,507.98,1,Unknown,,06/01/2024
7802,Bilal Ahmed,02/01/2024,Laptop,Electronics, ,3,,Pakistan,507.98,3,Bilal Ahmed,,02/01/2024
7803,Ahmed Raza,06/01/2024,Mouse,Electronics, ,,,Pakistan,507.98,1,Ahmed Raza,,06/01/2024
7804,Ahmed Raza,08/01/2024,Keyboard,Electronics, ,,,Pakistan,507.98,1,Ahmed Raza,,08/01/2024
7805,Ahmed Raza,20/01/2024,Headphones,Electronics,588.58,4,2354.32,Pakistan,588.58,4,Ahmed Raza,2354.32,20/01/2024
7807,Ayesha Noor,05/01/2024,Table,Furniture, ,-1,,Pakistan,507.98,1,Ayesha Noor,,05/01/2024
7809,Usman Ali,09/01/2024,Chair,Furniture,,1,,Pakistan,507.98,1,Usman Ali,,09/01/2024
7815,,27/01/2024,Mouse,Electronics,,4,,Pakistan,507.98,4,Unknown,,27/01/2024
7816,Bilal Ahmed,03/01/2024,Mouse,Electronics, ,,,Pakistan,507.98,1,Bilal Ahmed,,03/01/2024
7818,Ahmed Raza,10/01/2024,Mouse,Electronics,152.39,3,457.17,Pakistan,152.39,3,Ahmed Raza,457.17,10/01/2024
7819,Hina Khan,28/01/2024,Mouse,Electronics,178.59,,,Pakistan,178.59,1,Hina Khan,,28/01/2024
7820,Ayesha Noor,05/01/2024,Keyboard,Electronics,35.28,-1,,Pakistan,35.28,1,Ayesha Noor,,05/01/2024
7821,Ahmed Raza,05/01/2024,Headphones,Electronics, ,-1,,Pakistan,507.98,1,Ahmed Raza,,05/01/2024
7822,,21/01/2024,Chair,Furniture, ,,,Pakistan,507.98,1,Unknown,,21/01/2024
7823,Sara Ahmed,22/01/2024,Mouse,Electronics,,1,,Pakistan,507.98,1,Sara Ahmed,,22/01/2024
7824,Sara Ahmed,30/01/2024,Keyboard,Electronics,,2,,Pakistan,507.98,2,Sara Ahmed,,30/01/2024
7826,Ayesha Noor,05/01/2024,Mouse,Electronics,965.60,-1,,Pakistan,965.60,1,Ayesha Noor,,05/01/2024
7827,Ayesha Noor,01/01/2024,Chair,Furniture,342.66,-1,,Pakistan,342.66,1,Ayesha Noor,,01/01/2024
7830,Bilal Ahmed,28/01/2024,Table,Furniture, ,,,Pakistan,507.98,1,Bilal Ahmed,,28/01/2024
7831,Usman Ali,30/01/2024,Phone,Electronics, ,4,,Pakistan,507.98,4,Usman Ali,,30/01/2024
7833,Hina Khan,16/01/2024,Table,Furniture,,,,Pakistan,507.98,1,Hina Khan,,16/01/2024
7834,Usman Ali,12/01/2024,Monitor,Electronics, ,-1,,Pakistan,507.98,1,Usman Ali,,12/01/2024
7835,Ayesha Noor,24/01/2024,Headphones,Electronics,996.89,,,Pakistan,996.89,1,Ayesha Noor,,24/01/2024
7837,Ali Khan,21/01/2024,Table,Furniture, ,,,Pakistan,507.98,1,Ali Khan,,21/01/2024
7838,Ali Khan,14/01/2024,Chair,Furniture,231.35,2,462.7,Pakistan,231.35,2,Ali Khan,462.7,14/01/2024
7839,Ayesha Noor,18/01/2024,Mouse,Electronics, ,,,Pakistan,507.98,1,Ayesha Noor,,18/01/2024
7841,,14/01/2024,Table,Furniture,,,,Pakistan,507.98,1,Unknown,,14/01/2024
7842,Usman Ali,30/01/2024,Mouse,Electronics, ,4,,Pakistan,507.98,4,Usman Ali,,30/01/2024
7844,Usman Ali,16/01/2024,Chair,Furniture,449.93,,,Pakistan,449.93,1,Usman Ali,,16/01/2024
7845,Sara Ahmed,13/01/2024,Table,Furniture, ,4,,Pakistan,507.98,4,Sara Ahmed,,13/01/2024
7847,Hina Khan,03/01/2024,Keyboard,Electronics,,,,Pakistan,507.98,1,Hina Khan,,03/01/2024
7848,Bilal Ahmed,07/01/2024,Laptop,Electronics,,,,Pakistan,507.98,1,Bilal Ahmed,,07/01/2024
7849,Ayesha Noor,11/01/2024,Mouse,Electronics,,1,,Pakistan,507.98,1,Ayesha Noor,,11/01/2024
7850,Ahmed Raza,02/01/2024,Monitor,Electronics,,-1,,Pakistan,507.98,1,Ahmed Raza,,02/01/2024
7853,Usman Ali,18/01/2024,Keyboard,Electronics,365.03,,,Pakistan,365.03,1,Usman Ali,,18/01/2024
7854,Ali Khan,15/01/2024,Keyboard,Electronics,960.82,4,3843.28,Pakistan,960.82,4,Ali Khan,3843.28,15/01/2024
7855,Bilal Ahmed,23/01/2024,Phone,Electronics, ,4,,Pakistan,507.98,4,Bilal Ahmed,,23/01/2024
7856,Hina Khan,12/01/2024,Chair,Furniture,,4,,Pakistan,507.98,4,Hina Khan,,12/01/2024
7858,Hina Khan,25/01/2024,Headphones,Electronics, ,,,Pakistan,507.98,1,Hina Khan,,25/01/2024
7859,Bilal Ahmed,07/01/2024,Phone,Electronics,,-1,,Pakistan,507.98,1,Bilal Ahmed,,07/01/2024
7860,Hina Khan,18/01/2024,Monitor,Electronics,,,,Pakistan,507.98,1,Hina Khan,,18/01/2024
7861,Usman Ali,14/01/2024,Laptop,Electronics,826.54,-1,,Pakistan,826.54,1,Usman Ali,,14/01/2024
7862,Sara Ahmed,07/01/2024,Chair,Furniture, ,-1,,Pakistan,507.98,1,Sara Ahmed,,07/01/2024
7863,Bilal Ahmed,17/01/2024,Headphones,Electronics,341.78,-1,,Pakistan,341.78,1,Bilal Ahmed,,17/01/2024
7864,Ahmed Raza,18/01/2024,Monitor,Electronics, ,,,Pakistan,507.98,1,Ahmed Raza,,18/01/2024
7865,Usman Ali,22/01/2024,Keyboard,Electronics,,,,Pakistan,507.98,1,Usman Ali,,22/01/2024
7866,Usman Ali,08/01/2024,Headphones,Electronics, ,1,,Pakistan,507.98,1,Usman Ali,,08/01/2024
7867,Ayesha Noor,02/01/2024,Keyboard,Electronics,756.48,-1,,Pakistan,756.48,1,Ayesha Noor,,02/01/2024
7868,Ayesha Noor,04/01/2024,Monitor,Electronics, ,-1,,Pakistan,507.98,1,Ayesha Noor,,04/01/2024
7869,Ayesha Noor,26/01/2024,Keyboard,Electronics, ,,,Pakistan,507.98,1,Ayesha Noor,,26/01/2024
7870,Ahmed Raza,07/01/2024,Keyboard,Electronics,756.72,-1,,Pakistan,756.72,1,Ahmed Raza,,07/01/2024
7871,Hina Khan,13/01/2024,Monitor,Electronics,706.32,,,Pakistan,706.32,1,Hina Khan,,13/01/2024
7872,Usman Ali,30/01/2024,Table,Furniture, ,-1,,Pakistan,507.98,1,Usman Ali,,30/01/2024
7875,Sara Ahmed,19/01/2024,Laptop,Electronics,,2,,Pakistan,507.98,2,Sara Ahmed,,19/01/2024
7876,Ahmed Raza,05/01/2024,Phone,Electronics,,-1,,Pakistan,507.98,1,Ahmed Raza,,05/01/2024
7877,Ayesha Noor,09/01/2024,Mouse,Electronics,885.07,-1,,Pakistan,885.07,1,Ayesha Noor,,09/01/2024
7878,Usman Ali,30/01/2024,Keyboard,Electronics,,1,,Pakistan,507.98,1,Usman Ali,,30/01/2024
7879,Ahmed Raza,27/01/2024,Chair,Furniture, ,-1,,Pakistan,507.98,1,Ahmed Raza,,27/01/2024
7880,Ahmed Raza,08/01/2024,Keyboard,Electronics,754.34,4,3017.36,Pakistan,754.34,4,Ahmed Raza,3017.36,08/01/2024
7881,Bilal Ahmed,23/01/2024,Mouse,Electronics,513.67,,,Pakistan,513.67,1,Bilal Ahmed,,23/01/2024
7882,Usman Ali,24/01/2024,Chair,Furniture, ,-1,,Pakistan,507.98,1,Usman Ali,,24/01/2024
7883,Sara Ahmed,11/01/2024,Chair,Furniture,137.85,-1,,Pakistan,137.85,1,Sara Ahmed,,11/01/2024
7887,Sara Ahmed,09/01/2024,Keyboard,Electronics,,,,Pakistan,507.98,1,Sara Ahmed,,09/01/2024
7889,Usman Ali,29/01/2024,Chair,Furniture,,,,Pakistan,507.98,1,Usman Ali,,29/01/2024
7890,Ayesha Noor,09/01/2024,Headphones,Electronics,,-1,,Pakistan,507.98,1,Ayesha Noor,,09/01/2024
7891,Sara Ahmed,16/01/2024,Phone,Electronics,,1,,Pakistan,507.98,1,Sara Ahmed,,16/01/2024
7892,Hina Khan,01/01/2024,Table,Furniture, ,,,Pakistan,507.98,1,Hina Khan,,01/01/2024
7893,Sara Ahmed,18/01/2024,Laptop,Electronics,320.84,,,Pakistan,320.84,1,Sara Ahmed,,18/01/2024
7894,,19/01/2024,Keyboard,Electronics, ,,,Pakistan,507.98,1,Unknown,,19/01/2024
7895,Sara Ahmed,30/01/2024,Headphones,Electronics,904.25,,,Pakistan,904.25,1,Sara Ahmed,,30/01/2024
7896,Ayesha Noor,23/01/2024,Chair,Furniture, ,3,,Pakistan,507.98,3,Ayesha Noor,,23/01/2024
7897,Usman Ali,10/01/2024,Table,Furniture, ,,,Pakistan,507.98,1,Usman Ali,,10/01/2024
7899,Sara Ahmed,16/01/2024,Monitor,Electronics,,-1,,Pakistan,507.98,1,Sara Ahmed,,16/01/2024
7900,Hina Khan,03/01/2024,Chair,Furniture, ,2,,Pakistan,507.98,2,Hina Khan,,03/01/2024
7901,Bilal Ahmed,20/01/2024,Phone,Electronics,466.37,1,466.37,Pakistan,466.37,1,Bilal Ahmed,466.37,20/01/2024
7903,Ali Khan,10/01/2024,Chair,Furniture,,-1,,Pakistan,507.98,1,Ali Khan,,10/01/2024
7904,Ali Khan,14/01/2024,Chair,Furniture,,2,,Pakistan,507.98,2,Ali Khan,,14/01/2024
7905,Sara Ahmed,19/01/2024,Chair,Furniture,,3,,Pakistan,507.98,3,Sara Ahmed,,19/01/2024
7906,Ali Khan,24/01/2024,Monitor,Electronics,,,,Pakistan,507.98,1,Ali Khan,,24/01/2024
7908,Sara Ahmed,29/01/2024,Laptop,Electronics,400.62,-1,,Pakistan,400.62,1,Sara Ahmed,,29/01/2024
7909,Bilal Ahmed,03/01/2024,Chair,Furniture, ,2,,Pakistan,507.98,2,Bilal Ahmed,,03/01/2024
7911,Ayesha Noor,07/01/2024,Mouse,Electronics, ,-1,,Pakistan,507.98,1,Ayesha Noor,,07/01/2024
7912,Sara Ahmed,13/01/2024,Phone,Electronics,320.82,,,Pakistan,320.82,1,Sara Ahmed,,13/01/2024
7914,Hina Khan,01/01/2024,Phone,Electronics,694.95,-1,,Pakistan,694.95,1,Hina Khan,,01/01/2024
7915,Ayesha Noor,21/01/2024,Keyboard,Electronics, ,3,,Pakistan,507.98,3,Ayesha Noor,,21/01/2024
7918,,29/01/2024,Laptop,Electronics,,,,Pakistan,507.98,1,Unknown,,29/01/2024
7919,,09/01/2024,Phone,Electronics,551.95,3,1655.85,Pakistan,551.95,3,Unknown,1655.85,09/01/2024
7920,Ali Khan,17/01/2024,Keyboard,Electronics,615.28,2,1230.56,Pakistan,615.28,2,Ali Khan,1230.56,17/01/2024
7922,Bilal Ahmed,23/01/2024,Headphones,Electronics, ,,,Pakistan,507.98,1,Bilal Ahmed,,23/01/2024
7924,Ahmed Raza,19/01/2024,Mouse,Electronics,593.74,-1,,Pakistan,593.74,1,Ahmed Raza,,19/01/2024
7925,Ali Khan,12/01/2024,Monitor,Electronics, ,,,Pakistan,507.98,1,Ali Khan,,12/01/2024
7926,Sara Ahmed,16/01/2024,Table,Furniture,584.86,,,Pakistan,584.86,1,Sara Ahmed,,16/01/2024
7927,Hina Khan,05/01/2024,Keyboard,Electronics,,3,,Pakistan,507.98,3,Hina Khan,,05/01/2024
7928,Usman Ali,02/01/2024,Chair,Furniture,517.05,,,Pakistan,517.05,1,Usman Ali,,02/01/2024
7929,Ayesha Noor,25/01/2024,Table,Furniture, ,,,Pakistan,507.98,1,Ayesha Noor,,25/01/2024
7930,Hina Khan,17/01/2024,Laptop,Electronics,,-1,,Pakistan,507.98,1,Hina Khan,,17/01/2024
7931,Usman Ali,21/01/2024,Keyboard,Electronics,,3,,Pakistan,507.98,3,Usman Ali,,21/01/2024
7933,Hina Khan,23/01/2024,Laptop,Electronics,507.67,1,507.67,Pakistan,507.67,1,Hina Khan,507.67,23/01/2024
7934,,10/01/2024,Keyboard,Electronics, ,-1,,Pakistan,507.98,1,Unknown,,10/01/2024
7935,Usman Ali,26/01/2024,Table,Furniture,751.27,,,Pakistan,751.27,1,Usman Ali,,26/01/2024
7937,Ali Khan,02/01/2024,Phone,Electronics,,-1,,Pakistan,507.98,1,Ali Khan,,02/01/2024
7939,Bilal Ahmed,17/01/2024,Chair,Furniture,213.99,,,Pakistan,213.99,1,Bilal Ahmed,,17/01/2024
7940,Ahmed Raza,17/01/2024,Chair,Furniture, ,,,Pakistan,507.98,1,Ahmed Raza,,17/01/2024
7941,Bilal Ahmed,26/01/2024,Table,Furniture,,3,,Pakistan,507.98,3,Bilal Ahmed,,26/01/2024
7942,Bilal Ahmed,30/01/2024,Laptop,Electronics,694.57,-1,,Pakistan,694.57,1,Bilal Ahmed,,30/01/2024
7943,Ayesha Noor,18/01/2024,Monitor,Electronics, ,1,,Pakistan,507.98,1,Ayesha Noor,,18/01/2024
7944,Hina Khan,19/01/2024,Laptop,Electronics,,2,,Pakistan,507.98,2,Hina Khan,,19/01/2024
7945,Ahmed Raza,21/01/2024,Monitor,Electronics,281.49,-1,,Pakistan,281.49,1,Ahmed Raza,,21/01/2024
7947,Ayesha Noor,30/01/2024,Keyboard,Electronics,477.57,-1,,Pakistan,477.57,1,Ayesha Noor,,30/01/2024
7949,Ali Khan,11/01/2024,Mouse,Electronics, ,-1,,Pakistan,507.98,1,Ali Khan,,11/01/2024
7950,Ali Khan,20/01/2024,Chair,Furniture, ,,,Pakistan,507.98,1,Ali Khan,,20/01/2024
7952,Ali Khan,21/01/2024,Phone,Electronics,,,,Pakistan,507.98,1,Ali Khan,,21/01/2024
7953,Bilal Ahmed,08/01/2024,Phone,Electronics,54.15,2,108.3,Pakistan,54.15,2,Bilal Ahmed,108.3,08/01/2024
7954,Ahmed Raza,28/01/2024,Keyboard,Electronics,,-1,,Pakistan,507.98,1,Ahmed Raza,,28/01/2024
7957,Bilal Ahmed,05/01/2024,Laptop,Electronics,,,,Pakistan,507.98,1,Bilal Ahmed,,05/01/2024
7958,,23/01/2024,Laptop,Electronics,988.61,-1,,Pakistan,988.61,1,Unknown,,23/01/2024
7959,Sara Ahmed,28/01/2024,Keyboard,Electronics,596.23,,,Pakistan,596.23,1,Sara Ahmed,,28/01/2024
7960,Hina Khan,24/01/2024,Headphones,Electronics, ,,,Pakistan,507.98,1,Hina Khan,,24/01/2024
7962,Bilal Ahmed,23/01/2024,Laptop,Electronics, ,,,Pakistan,507.98,1,Bilal Ahmed,,23/01/2024
7965,Bilal Ahmed,17/01/2024,Keyboard,Electronics, ,,,Pakistan,507.98,1,Bilal Ahmed,,17/01/2024
7967,Ayesha Noor,22/01/2024,Keyboard,Electronics,,,,Pakistan,507.98,1,Ayesha Noor,,22/01/2024
7968,Ahmed Raza,17/01/2024,Chair,Furniture,,2,,Pakistan,507.98,2,Ahmed Raza,,17/01/2024
7969,Bilal Ahmed,22/01/2024,Headphones,Electronics, ,3,,Pakistan,507.98,3,Bilal Ahmed,,22/01/2024
7970,Bilal Ahmed,07/01/2024,Laptop,Electronics,,,,Pakistan,507.98,1,Bilal Ahmed,,07/01/2024
7971,Hina Khan,08/01/2024,Chair,Furniture,997.91,1,997.91,Pakistan,997.91,1,Hina Khan,997.91,08/01/2024
7972,Sara Ahmed,16/01/2024,Headphones,Electronics, ,,,Pakistan,507.98,1,Sara Ahmed,,16/01/2024
7974,Sara Ahmed,08/01/2024,Phone,Electronics,,3,,Pakistan,507.98,3,Sara Ahmed,,08/01/2024
7976,Ayesha Noor,18/01/2024,Mouse,Electronics,663.12,3,1989.36,Pakistan,663.12,3,Ayesha Noor,1989.36,18/01/2024
7977,Usman Ali,24/01/2024,Mouse,Electronics, ,4,,Pakistan,507.98,4,Usman Ali,,24/01/2024
7979,Usman Ali,26/01/2024,Chair,Furniture, ,,,Pakistan,507.98,1,Usman Ali,,26/01/2024
7981,Hina Khan,23/01/2024,Keyboard,Electronics, ,-1,,Pakistan,507.98,1,Hina Khan,,23/01/2024
7982,Hina Khan,25/01/2024,Table,Furniture,864.25,-1,,Pakistan,864.25,1,Hina Khan,,25/01/2024
7983,Ayesha Noor,03/01/2024,Laptop,Electronics,,3,,Pakistan,507.98,3,Ayesha Noor,,03/01/2024
7984,Ahmed Raza,18/01/2024,Headphones,Electronics,487.47,-1,,Pakistan,487.47,1,Ahmed Raza,,18/01/2024
7985,Ali Khan,25/01/2024,Table,Furniture,849.83,,,Pakistan,849.83,1,Ali Khan,,25/01/2024
7986,Ali Khan,12/01/2024,Table,Furniture,203.73,,,Pakistan,203.73,1,Ali Khan,,12/01/2024
7988,Sara Ahmed,10/01/2024,Monitor,Electronics,,-1,,Pakistan,507.98,1,Sara Ahmed,,10/01/2024
7989,,14/01/2024,Phone,Electronics,647.23,-1,,Pakistan,647.23,1,Unknown,,14/01/2024
7990,Bilal Ahmed,26/01/2024,Mouse,Electronics,,,,Pakistan,507.98,1,Bilal Ahmed,,26/01/2024
7991,Hina Khan,26/01/2024,Table,Furniture,,1,,Pakistan,507.98,1,Hina Khan,,26/01/2024
7992,Usman Ali,29/01/2024,Table,Furniture,984.29,,,Pakistan,984.29,1,Usman Ali,,29/01/2024
7994,Bilal Ahmed,02/01/2024,Keyboard,Electronics,,,,Pakistan,507.98,1,Bilal Ahmed,,02/01/2024
7996,Usman Ali,16/01/2024,Keyboard,Electronics,,1,,Pakistan,507.98,1,Usman Ali,,16/01/2024
7997,Ahmed Raza,27/01/2024,Phone,Electronics,354.84,,,Pakistan,354.84,1,Ahmed Raza,,27/01/2024
7998,Ayesha Noor,11/01/2024,Monitor,Electronics, ,,,Pakistan,507.98,1,Ayesha Noor,,11/01/2024
7999,Usman Ali,12/01/2024,Headphones,Electronics, ,-1,,Pakistan,507.98,1,Usman Ali,,12/01/2024
8000,,17/01/2024,Chair,Furniture, ,-1,,Pakistan,507.98,1,Unknown,,17/01/2024
8001,Bilal Ahmed,15/01/2024,Keyboard,Electronics, ,,,Pakistan,507.98,1,Bilal Ahmed,,15/01/2024
8002,Sara Ahmed,01/01/2024,Mouse,Electronics,,,,Pakistan,507.98,1,Sara Ahmed,,01/01/2024
8003,Sara Ahmed,13/01/2024,Keyboard,Electronics, ,-1,,Pakistan,507.98,1,Sara Ahmed,,13/01/2024
8004,Sara Ahmed,30/01/2024,Laptop,Electronics, ,,,Pakistan,507.98,1,Sara Ahmed,,30/01/2024
8009,Sara Ahmed,18/01/2024,Laptop,Electronics, ,-1,,Pakistan,507.98,1,Sara Ahmed,,18/01/2024
8010,Ayesha Noor,18/01/2024,Mouse,Electronics,,-1,,Pakistan,507.98,1,Ayesha Noor,,18/01/2024
8011,Ayesha Noor,10/01/2024,Table,Furniture, ,,,Pakistan,507.98,1,Ayesha Noor,,10/01/2024
8012,,08/01/2024,Mouse,Electronics, ,4,,Pakistan,507.98,4,Unknown,,08/01/2024
8014,Ali Khan,05/01/2024,Table,Furniture,476.87,,,Pakistan,476.87,1,Ali Khan,,05/01/2024
8015,Usman Ali,08/01/2024,Chair,Furniture,,-1,,Pakistan,507.98,1,Usman Ali,,08/01/2024
8016,Ahmed Raza,20/01/2024,Keyboard,Electronics,,-1,,Pakistan,507.98,1,Ahmed Raza,,20/01/2024
8017,Sara Ahmed,13/01/2024,Laptop,Electronics,773.11,,,Pakistan,773.11,1,Sara Ahmed,,13/01/2024
8018,Hina Khan,05/01/2024,Table,Furniture, ,-1,,Pakistan,507.98,1,Hina Khan,,05/01/2024
8019,,28/01/2024,Phone,Electronics, ,,,Pakistan,507.98,1,Unknown,,28/01/2024
8020,Hina Khan,19/01/2024,Phone,Electronics,,,,Pakistan,507.98,1,Hina Khan,,19/01/2024
8021,Hina Khan,16/01/2024,Keyboard,Electronics,,1,,Pakistan,507.98,1,Hina Khan,,16/01/2024
8023,Ayesha Noor,14/01/2024,Monitor,Electronics,,,,Pakistan,507.98,1,Ayesha Noor,,14/01/2024
8024,Ali Khan,22/01/2024,Chair,Furniture,,-1,,Pakistan,507.98,1,Ali Khan,,22/01/2024
8027,Ayesha Noor,05/01/2024,Laptop,Electronics, ,2,,Pakistan,507.98,2,Ayesha Noor,,05/01/2024
8028,Sara Ahmed,25/01/2024,Phone,Electronics,926.43,,,Pakistan,926.43,1,Sara Ahmed,,25/01/2024
8031,Hina Khan,07/01/2024,Headphones,Electronics,,1,,Pakistan,507.98,1,Hina Khan,,07/01/2024
8034,Usman Ali,13/01/2024,Table,Furniture,,1,,Pakistan,507.98,1,Usman Ali,,13/01/2024
8036,Bilal Ahmed,25/01/2024,Monitor,Electronics, ,4,,Pakistan,507.98,4,Bilal Ahmed,,25/01/2024
8039,Bilal Ahmed,22/01/2024,Monitor,Electronics,,-1,,Pakistan,507.98,1,Bilal Ahmed,,22/01/2024
8040,,01/01/2024,Headphones,Electronics, ,3,,Pakistan,507.98,3,Unknown,,01/01/2024
8041,Sara Ahmed,22/01/2024,Table,Furniture,672.87,-1,,Pakistan,672.87,1,Sara Ahmed,,22/01/2024
8042,Hina Khan,21/01/2024,Headphones,Electronics,,3,,Pakistan,507.98,3,Hina Khan,,21/01/2024
8044,Ahmed Raza,25/01/2024,Headphones,Electronics,,3,,Pakistan,507.98,3,Ahmed Raza,,25/01/2024
8045,Sara Ahmed,23/01/2024,Phone,Electronics, ,4,,Pakistan,507.98,4,Sara Ahmed,,23/01/2024
8046,Ayesha Noor,27/01/2024,Table,Furniture,,,,Pakistan,507.98,1,Ayesha Noor,,27/01/2024
8047,Sara Ahmed,20/01/2024,Table,Furniture, ,2,,Pakistan,507.98,2,Sara Ahmed,,20/01/2024
8048,,24/01/2024,Headphones,Electronics, ,,,Pakistan,507.98,1,Unknown,,24/01/2024
8049,Ahmed Raza,30/01/2024,Keyboard,Electronics,,4,,Pakistan,507.98,4,Ahmed Raza,,30/01/2024
8050,Ayesha Noor,13/01/2024,Laptop,Electronics,481.71,-1,,Pakistan,481.71,1,Ayesha Noor,,13/01/2024
8052,Sara Ahmed,04/01/2024,Laptop,Electronics,878.50,2,1757,Pakistan,878.50,2,Sara Ahmed,1757,04/01/2024
8053,Ahmed Raza,18/01/2024,Chair,Furniture, ,3,,Pakistan,507.98,3,Ahmed Raza,,18/01/2024
8054,Bilal Ahmed,28/01/2024,Table,Furniture,,,,Pakistan,507.98,1,Bilal Ahmed,,28/01/2024
8055,Ayesha Noor,19/01/2024,Chair,Furniture,,,,Pakistan,507.98,1,Ayesha Noor,,19/01/2024
8056,Ayesha Noor,29/01/2024,Keyboard,Electronics, ,3,,Pakistan,507.98,3,Ayesha Noor,,29/01/2024
8057,Hina Khan,29/01/2024,Headphones,Electronics, ,,,Pakistan,507.98,1,Hina Khan,,29/01/2024
8058,Usman Ali,30/01/2024,Mouse,Electronics,,,,Pakistan,507.98,1,Usman Ali,,30/01/2024
8059,Bilal Ahmed,16/01/2024,Laptop,Electronics, ,,,Pakistan,507.98,1,Bilal Ahmed,,16/01/2024
8061,Ahmed Raza,20/01/2024,Mouse,Electronics, ,-1,,Pakistan,507.98,1,Ahmed Raza,,20/01/2024
8062,Ayesha Noor,11/01/2024,Keyboard,Electronics,238.97,2,477.94,Pakistan,238.97,2,Ayesha Noor,477.94,11/01/2024
8063,,09/01/2024,Laptop,Electronics,150.75,,,Pakistan,150.75,1,Unknown,,09/01/2024
8067,,29/01/2024,Headphones,Electronics, ,-1,,Pakistan,507.98,1,Unknown,,29/01/2024
8068,Bilal Ahmed,17/01/2024,Laptop,Electronics, ,,,Pakistan,507.98,1,Bilal Ahmed,,17/01/2024
8069,Usman Ali,11/01/2024,Chair,Furniture, ,-1,,Pakistan,507.98,1,Usman Ali,,11/01/2024
8070,Ahmed Raza,11/01/2024,Keyboard,Electronics,59.79,-1,,Pakistan,59.79,1,Ahmed Raza,,11/01/2024
8071,,29/01/2024,Chair,Furniture,437.59,-1,,Pakistan,437.59,1,Unknown,,29/01/2024
8072,Ali Khan,03/01/2024,Headphones,Electronics, ,-1,,Pakistan,507.98,1,Ali Khan,,03/01/2024
8073,Usman Ali,24/01/2024,Keyboard,Electronics,,-1,,Pakistan,507.98,1,Usman Ali,,24/01/2024
8074,Ahmed Raza,21/01/2024,Phone,Electronics, ,,,Pakistan,507.98,1,Ahmed Raza,,21/01/2024
8075,Ahmed Raza,23/01/2024,Table,Furniture,556.43,,,Pakistan,556.43,1,Ahmed Raza,,23/01/2024
8076,Sara Ahmed,07/01/2024,Headphones,Electronics,,,,Pakistan,507.98,1,Sara Ahmed,,07/01/2024
8077,Ali Khan,24/01/2024,Monitor,Electronics,,4,,Pakistan,507.98,4,Ali Khan,,24/01/2024
8079,Ali Khan,13/01/2024,Keyboard,Electronics,,4,,Pakistan,507.98,4,Ali Khan,,13/01/2024
8082,Ayesha Noor,07/01/2024,Chair,Furniture, ,,,Pakistan,507.98,1,Ayesha Noor,,07/01/2024
8083,Ahmed Raza,17/01/2024,Monitor,Electronics, ,,,Pakistan,507.98,1,Ahmed Raza,,17/01/2024
8084,Bilal Ahmed,23/01/2024,Laptop,Electronics, ,,,Pakistan,507.98,1,Bilal Ahmed,,23/01/2024
8085,Sara Ahmed,15/01/2024,Mouse,Electronics,375.10,1,375.1,Pakistan,375.10,1,Sara Ahmed,375.1,15/01/2024
8086,Ali Khan,11/01/2024,Laptop,Electronics, ,,,Pakistan,507.98,1,Ali Khan,,11/01/2024
8088,Ali Khan,28/01/2024,Laptop,Electronics,820.13,-1,,Pakistan,820.13,1,Ali Khan,,28/01/2024
8089,Bilal Ahmed,15/01/2024,Mouse,Electronics, ,4,,Pakistan,507.98,4,Bilal Ahmed,,15/01/2024
8091,Ahmed Raza,24/01/2024,Monitor,Electronics,,-1,,Pakistan,507.98,1,Ahmed Raza,,24/01/2024
8092,Ali Khan,06/01/2024,Mouse,Electronics,,-1,,Pakistan,507.98,1,Ali Khan,,06/01/2024
8093,,01/01/2024,Table,Furniture, ,2,,Pakistan,507.98,2,Unknown,,01/01/2024
8094,Ali Khan,05/01/2024,Keyboard,Electronics,,-1,,Pakistan,507.98,1,Ali Khan,,05/01/2024
8095,Bilal Ahmed,04/01/2024,Laptop,Electronics, ,-1,,Pakistan,507.98,1,Bilal Ahmed,,04/01/2024
8096,Ayesha Noor,13/01/2024,Laptop,Electronics, ,-1,,Pakistan,507.98,1,Ayesha Noor,,13/01/2024
8097,,25/01/2024,Headphones,Electronics,,,,Pakistan,507.98,1,Unknown,,25/01/2024
8101,Bilal Ahmed,12/01/2024,Headphones,Electronics, ,4,,Pakistan,507.98,4,Bilal Ahmed,,12/01/2024
8104,Usman Ali,17/01/2024,Laptop,Electronics,,2,,Pakistan,507.98,2,Usman Ali,,17/01/2024
8105,Ahmed Raza,20/01/2024,Table,Furniture, ,,,Pakistan,507.98,1,Ahmed Raza,,20/01/2024
8106,Sara Ahmed,26/01/2024,Monitor,Electronics,613.50,,,Pakistan,613.50,1,Sara Ahmed,,26/01/2024
8107,Hina Khan,12/01/2024,Monitor,Electronics,465.45,-1,,Pakistan,465.45,1,Hina Khan,,12/01/2024
8109,Sara Ahmed,19/01/2024,Table,Furniture,,-1,,Pakistan,507.98,1,Sara Ahmed,,19/01/2024
8111,,11/01/2024,Phone,Electronics,50.99,-1,,Pakistan,50.99,1,Unknown,,11/01/2024
8112,Ali Khan,21/01/2024,Table,Furniture,,,,Pakistan,507.98,1,Ali Khan,,21/01/2024
8113,Ali Khan,10/01/2024,Monitor,Electronics,960.86,-1,,Pakistan,960.86,1,Ali Khan,,10/01/2024
8114,Sara Ahmed,15/01/2024,Headphones,Electronics, ,-1,,Pakistan,507.98,1,Sara Ahmed,,15/01/2024
8115,Ahmed Raza,15/01/2024,Monitor,Electronics,,-1,,Pakistan,507.98,1,Ahmed Raza,,15/01/2024
8117,Hina Khan,01/01/2024,Headphones,Electronics,,,,Pakistan,507.98,1,Hina Khan,,01/01/2024
8118,Sara Ahmed,05/01/2024,Chair,Furniture,,,,Pakistan,507.98,1,Sara Ahmed,,05/01/2024
8119,Usman Ali,17/01/2024,Mouse,Electronics,,-1,,Pakistan,507.98,1,Usman Ali,,17/01/2024
8120,Usman Ali,01/01/2024,Table,Furniture,593.42,2,1186.84,Pakistan,593.42,2,Usman Ali,1186.84,01/01/2024
8121,Ali Khan,30/01/2024,Mouse,Electronics, ,,,Pakistan,507.98,1,Ali Khan,,30/01/2024
8122,Ahmed Raza,21/01/2024,Headphones,Electronics,,-1,,Pakistan,507.98,1,Ahmed Raza,,21/01/2024
8123,Ahmed Raza,12/01/2024,Keyboard,Electronics,,1,,Pakistan,507.98,1,Ahmed Raza,,12/01/2024
8124,Ahmed Raza,28/01/2024,Chair,Furniture,,-1,,Pakistan,507.98,1,Ahmed Raza,,28/01/2024
8125,Ali Khan,27/01/2024,Keyboard,Electronics, ,-1,,Pakistan,507.98,1,Ali Khan,,27/01/2024
8126,,25/01/2024,Headphones,Electronics,,,,Pakistan,507.98,1,Unknown,,25/01/2024
8127,Usman Ali,06/01/2024,Keyboard,Electronics,470.73,,,Pakistan,470.73,1,Usman Ali,,06/01/2024
8128,,07/01/2024,Mouse,Electronics, ,-1,,Pakistan,507.98,1,Unknown,,07/01/2024
8129,Sara Ahmed,21/01/2024,Keyboard,Electronics,793.23,1,793.23,Pakistan,793.23,1,Sara Ahmed,793.23,21/01/2024
8130,Ali Khan,20/01/2024,Laptop,Electronics, ,1,,Pakistan,507.98,1,Ali Khan,,20/01/2024
8131,Ayesha Noor,12/01/2024,Laptop,Electronics,,,,Pakistan,507.98,1,Ayesha Noor,,12/01/2024
8132,Hina Khan,11/01/2024,Laptop,Electronics,,-1,,Pakistan,507.98,1,Hina Khan,,11/01/2024
8133,Ahmed Raza,21/01/2024,Chair,Furniture, ,1,,Pakistan,507.98,1,Ahmed Raza,,21/01/2024
8136,,01/01/2024,Table,Furniture, ,1,,Pakistan,507.98,1,Unknown,,01/01/2024
8138,Ahmed Raza,22/01/2024,Monitor,Electronics, ,,,Pakistan,507.98,1,Ahmed Raza,,22/01/2024
8139,Bilal Ahmed,10/01/2024,Laptop,Electronics,599.68,1,599.68,Pakistan,599.68,1,Bilal Ahmed,599.68,10/01/2024
8140,Ali Khan,26/01/2024,Keyboard,Electronics,,,,Pakistan,507.98,1,Ali Khan,,26/01/2024
8142,Ali Khan,11/01/2024,Chair,Furniture,,-1,,Pakistan,507.98,1,Ali Khan,,11/01/2024
8144,Ali Khan,12/01/2024,Mouse,Electronics, ,,,Pakistan,507.98,1,Ali Khan,,12/01/2024
8145,Bilal Ahmed,16/01/2024,Mouse,Electronics,,-1,,Pakistan,507.98,1,Bilal Ahmed,,16/01/2024
8147,Bilal Ahmed,08/01/2024,Laptop,Electronics,34.87,1,34.87,Pakistan,34.87,1,Bilal Ahmed,34.87,08/01/2024
8148,Usman Ali,07/01/2024,Keyboard,Electronics, ,-1,,Pakistan,507.98,1,Usman Ali,,07/01/2024
8149,Ayesha Noor,04/01/2024,Headphones,Electronics, ,4,,Pakistan,507.98,4,Ayesha Noor,,04/01/2024
8150,Usman Ali,21/01/2024,Phone,Electronics,,,,Pakistan,507.98,1,Usman Ali,,21/01/2024
8151,Ahmed Raza,09/01/2024,Keyboard,Electronics, ,3,,Pakistan,507.98,3,Ahmed Raza,,09/01/2024
8152,Usman Ali,16/01/2024,Laptop,Electronics,225.87,,,Pakistan,225.87,1,Usman Ali,,16/01/2024
8153,Ahmed Raza,10/01/2024,Phone,Electronics,921.01,,,Pakistan,921.01,1,Ahmed Raza,,10/01/2024
8154,Ayesha Noor,18/01/2024,Mouse,Electronics,,3,,Pakistan,507.98,3,Ayesha Noor,,18/01/2024
8155,Ali Khan,19/01/2024,Headphones,Electronics, ,,,Pakistan,507.98,1,Ali Khan,,19/01/2024
8156,Ali Khan,06/01/2024,Chair,Furniture, ,,,Pakistan,507.98,1,Ali Khan,,06/01/2024
8157,Ali Khan,24/01/2024,Keyboard,Electronics, ,-1,,Pakistan,507.98,1,Ali Khan,,24/01/2024
8159,Ayesha Noor,19/01/2024,Monitor,Electronics,300.35,-1,,Pakistan,300.35,1,Ayesha Noor,,19/01/2024
8160,,23/01/2024,Keyboard,Electronics, ,,,Pakistan,507.98,1,Unknown,,23/01/2024
8162,Ahmed Raza,13/01/2024,Laptop,Electronics, ,-1,,Pakistan,507.98,1,Ahmed Raza,,13/01/2024
8163,Usman Ali,15/01/2024,Table,Furniture,321.48,1,321.48,Pakistan,321.48,1,Usman Ali,321.48,15/01/2024
8164,Sara Ahmed,19/01/2024,Keyboard,Electronics,,-1,,Pakistan,507.98,1,Sara Ahmed,,19/01/2024
8167,Bilal Ahmed,26/01/2024,Keyboard,Electronics,353.58,,,Pakistan,353.58,1,Bilal Ahmed,,26/01/2024
8168,,26/01/2024,Laptop,Electronics,,-1,,Pakistan,507.98,1,Unknown,,26/01/2024
8169,,16/01/2024,Chair,Furniture,,-1,,Pakistan,507.98,1,Unknown,,16/01/2024
8170,Hina Khan,12/01/2024,Phone,Electronics,,,,Pakistan,507.98,1,Hina Khan,,12/01/2024
8171,,10/01/2024,Mouse,Electronics, ,,,Pakistan,507.98,1,Unknown,,10/01/2024
8173,Bilal Ahmed,03/01/2024,Monitor,Electronics, ,1,,Pakistan,507.98,1,Bilal Ahmed,,03/01/2024
8174,,24/01/2024,Chair,Furniture, ,2,,Pakistan,507.98,2,Unknown,,24/01/2024
8175,Usman Ali,28/01/2024,Chair,Furniture,293.01,,,Pakistan,293.01,1,Usman Ali,,28/01/2024
8176,,05/01/2024,Headphones,Electronics, ,-1,,Pakistan,507.98,1,Unknown,,05/01/2024
8177,Bilal Ahmed,20/01/2024,Phone,Electronics, ,-1,,Pakistan,507.98,1,Bilal Ahmed,,20/01/2024
8180,Hina Khan,29/01/2024,Laptop,Electronics,,,,Pakistan,507.98,1,Hina Khan,,29/01/2024
8184,Sara Ahmed,24/01/2024,Headphones,Electronics, ,1,,Pakistan,507.98,1,Sara Ahmed,,24/01/2024
8185,,25/01/2024,Table,Furniture,192.62,2,385.24,Pakistan,192.62,2,Unknown,385.24,25/01/2024
8187,,21/01/2024,Phone,Electronics,103.33,4,413.32,Pakistan,103.33,4,Unknown,413.32,21/01/2024
8188,Ahmed Raza,20/01/2024,Phone,Electronics, ,-1,,Pakistan,507.98,1,Ahmed Raza,,20/01/2024
8189,Ali Khan,03/01/2024,Table,Furniture,331.89,-1,,Pakistan,331.89,1,Ali Khan,,03/01/2024
8191,Hina Khan,12/01/2024,Headphones,Electronics, ,1,,Pakistan,507.98,1,Hina Khan,,12/01/2024
8192,Bilal Ahmed,30/01/2024,Phone,Electronics, ,2,,Pakistan,507.98,2,Bilal Ahmed,,30/01/2024
8193,Ayesha Noor,11/01/2024,Laptop,Electronics, ,-1,,Pakistan,507.98,1,Ayesha Noor,,11/01/2024
8194,Hina Khan,09/01/2024,Chair,Furniture,,,,Pakistan,507.98,1,Hina Khan,,09/01/2024
8195,Sara Ahmed,24/01/2024,Monitor,Electronics,924.67,-1,,Pakistan,924.67,1,Sara Ahmed,,24/01/2024
8196,Usman Ali,13/01/2024,Laptop,Electronics,,-1,,Pakistan,507.98,1,Usman Ali,,13/01/2024
8197,Ayesha Noor,09/01/2024,Laptop,Electronics,,4,,Pakistan,507.98,4,Ayesha Noor,,09/01/2024
8198,Bilal Ahmed,24/01/2024,Chair,Furniture, ,-1,,Pakistan,507.98,1,Bilal Ahmed,,24/01/2024
8200,Ali Khan,03/01/2024,Headphones,Electronics,,2,,Pakistan,507.98,2,Ali Khan,,03/01/2024
8201,Ali Khan,26/01/2024,Laptop,Electronics,399.48,-1,,Pakistan,399.48,1,Ali Khan,,26/01/2024
8204,Hina Khan,18/01/2024,Headphones,Electronics, ,,,Pakistan,507.98,1,Hina Khan,,18/01/2024
8206,Ahmed Raza,06/01/2024,Mouse,Electronics,,-1,,Pakistan,507.98,1,Ahmed Raza,,06/01/2024
8207,Usman Ali,26/01/2024,Phone,Electronics, ,-1,,Pakistan,507.98,1,Usman Ali,,26/01/2024
8208,Bilal Ahmed,21/01/2024,Phone,Electronics,,4,,Pakistan,507.98,4,Bilal Ahmed,,21/01/2024
8209,Usman Ali,08/01/2024,Chair,Furniture,,-1,,Pakistan,507.98,1,Usman Ali,,08/01/2024
8211,,11/01/2024,Phone,Electronics,481.06,,,Pakistan,481.06,1,Unknown,,11/01/2024
8212,Bilal Ahmed,01/01/2024,Laptop,Electronics, ,,,Pakistan,507.98,1,Bilal Ahmed,,01/01/2024
8213,Bilal Ahmed,05/01/2024,Headphones,Electronics, ,-1,,Pakistan,507.98,1,Bilal Ahmed,,05/01/2024
8215,Bilal Ahmed,25/01/2024,Mouse,Electronics,425.01,,,Pakistan,425.01,1,Bilal Ahmed,,25/01/2024
8216,Ahmed Raza,06/01/2024,Phone,Electronics,952.11,4,3808.44,Pakistan,952.11,4,Ahmed Raza,3808.44,06/01/2024
8217,Sara Ahmed,27/01/2024,Laptop,Electronics,,2,,Pakistan,507.98,2,Sara Ahmed,,27/01/2024
8218,Sara Ahmed,08/01/2024,Phone,Electronics,,2,,Pakistan,507.98,2,Sara Ahmed,,08/01/2024
8219,Ali Khan,28/01/2024,Keyboard,Electronics,,4,,Pakistan,507.98,4,Ali Khan,,28/01/2024
8220,Hina Khan,26/01/2024,Mouse,Electronics,,2,,Pakistan,507.98,2,Hina Khan,,26/01/2024
8221,Usman Ali,21/01/2024,Keyboard,Electronics,,2,,Pakistan,507.98,2,Usman Ali,,21/01/2024
8222,,25/01/2024,Headphones,Electronics,,4,,Pakistan,507.98,4,Unknown,,25/01/2024
8224,Usman Ali,10/01/2024,Phone,Electronics, ,,,Pakistan,507.98,1,Usman Ali,,10/01/2024
8225,Ayesha Noor,27/01/2024,Keyboard,Electronics, ,,,Pakistan,507.98,1,Ayesha Noor,,27/01/2024
8226,Sara Ahmed,22/01/2024,Chair,Furniture, ,,,Pakistan,507.98,1,Sara Ahmed,,22/01/2024
8228,Bilal Ahmed,21/01/2024,Laptop,Electronics,499.52,,,Pakistan,499.52,1,Bilal Ahmed,,21/01/2024
8229,Hina Khan,14/01/2024,Keyboard,Electronics, ,-1,,Pakistan,507.98,1,Hina Khan,,14/01/2024
8230,Bilal Ahmed,19/01/2024,Phone,Electronics, ,1,,Pakistan,507.98,1,Bilal Ahmed,,19/01/2024
8231,Ayesha Noor,19/01/2024,Monitor,Electronics, ,-1,,Pakistan,507.98,1,Ayesha Noor,,19/01/2024
8233,Ahmed Raza,10/01/2024,Table,Furniture,257.99,-1,,Pakistan,257.99,1,Ahmed Raza,,10/01/2024
8235,Ahmed Raza,22/01/2024,Keyboard,Electronics,180.10,2,360.2,Pakistan,180.10,2,Ahmed Raza,360.2,22/01/2024
8236,Hina Khan,03/01/2024,Laptop,Electronics, ,-1,,Pakistan,507.98,1,Hina Khan,,03/01/2024
8238,Usman Ali,09/01/2024,Headphones,Electronics,547.34,,,Pakistan,547.34,1,Usman Ali,,09/01/2024
8239,Ahmed Raza,14/01/2024,Laptop,Electronics,239.33,-1,,Pakistan,239.33,1,Ahmed Raza,,14/01/2024
8240,Ayesha Noor,20/01/2024,Chair,Furniture,,,,Pakistan,507.98,1,Ayesha Noor,,20/01/2024
8241,,07/01/2024,Mouse,Electronics,515.68,,,Pakistan,515.68,1,Unknown,,07/01/2024
8242,,07/01/2024,Chair,Furniture,457.73,-1,,Pakistan,457.73,1,Unknown,,07/01/2024
8243,Bilal Ahmed,29/01/2024,Mouse,Electronics, ,3,,Pakistan,507.98,3,Bilal Ahmed,,29/01/2024
8244,Sara Ahmed,19/01/2024,Headphones,Electronics,940.85,,,Pakistan,940.85,1,Sara Ahmed,,19/01/2024
8245,Hina Khan,21/01/2024,Table,Furniture,40.53,1,40.53,Pakistan,40.53,1,Hina Khan,40.53,21/01/2024
8246,Ahmed Raza,06/01/2024,Chair,Furniture,945.25,,,Pakistan,945.25,1,Ahmed Raza,,06/01/2024
8247,Ayesha Noor,10/01/2024,Chair,Furniture,331.47,,,Pakistan,331.47,1,Ayesha Noor,,10/01/2024
8250,Hina Khan,28/01/2024,Mouse,Electronics,610.99,-1,,Pakistan,610.99,1,Hina Khan,,28/01/2024
8251,Ayesha Noor,21/01/2024,Mouse,Electronics, ,-1,,Pakistan,507.98,1,Ayesha Noor,,21/01/2024
8252,Usman Ali,06/01/2024,Laptop,Electronics, ,1,,Pakistan,507.98,1,Usman Ali,,06/01/2024
8253,Ali Khan,03/01/2024,Chair,Furniture,,,,Pakistan,507.98,1,Ali Khan,,03/01/2024
8254,Sara Ahmed,10/01/2024,Mouse,Electronics, ,,,Pakistan,507.98,1,Sara Ahmed,,10/01/2024
8257,Hina Khan,17/01/2024,Phone,Electronics,653.97,-1,,Pakistan,653.97,1,Hina Khan,,17/01/2024
8258,Hina Khan,06/01/2024,Mouse,Electronics,,,,Pakistan,507.98,1,Hina Khan,,06/01/2024
8259,Ayesha Noor,03/01/2024,Laptop,Electronics,64.40,-1,,Pakistan,64.40,1,Ayesha Noor,,03/01/2024
8261,,17/01/2024,Keyboard,Electronics,,,,Pakistan,507.98,1,Unknown,,17/01/2024
8262,Ahmed Raza,22/01/2024,Phone,Electronics, ,,,Pakistan,507.98,1,Ahmed Raza,,22/01/2024
8264,Bilal Ahmed,24/01/2024,Chair,Furniture, ,-1,,Pakistan,507.98,1,Bilal Ahmed,,24/01/2024
8265,Ali Khan,28/01/2024,Mouse,Electronics,,2,,Pakistan,507.98,2,Ali Khan,,28/01/2024
8266,,03/01/2024,Mouse,Electronics, ,-1,,Pakistan,507.98,1,Unknown,,03/01/2024
8267,Ali Khan,21/01/2024,Headphones,Electronics, ,3,,Pakistan,507.98,3,Ali Khan,,21/01/2024
8269,Ahmed Raza,26/01/2024,Headphones,Electronics,,-1,,Pakistan,507.98,1,Ahmed Raza,,26/01/2024
8270,Hina Khan,27/01/2024,Phone,Electronics,,-1,,Pakistan,507.98,1,Hina Khan,,27/01/2024
8271,Ahmed Raza,19/01/2024,Laptop,Electronics,,-1,,Pakistan,507.98,1,Ahmed Raza,,19/01/2024
8272,Sara Ahmed,09/01/2024,Headphones,Electronics,,-1,,Pakistan,507.98,1,Sara Ahmed,,09/01/2024
8273,Ahmed Raza,26/01/2024,Chair,Furniture, ,,,Pakistan,507.98,1,Ahmed Raza,,26/01/2024
8274,Ali Khan,16/01/2024,Monitor,Electronics,,2,,Pakistan,507.98,2,Ali Khan,,16/01/2024
8275,Sara Ahmed,27/01/2024,Keyboard,Electronics, ,3,,Pakistan,507.98,3,Sara Ahmed,,27/01/2024
8276,Ahmed Raza,02/01/2024,Chair,Furniture, ,-1,,Pakistan,507.98,1,Ahmed Raza,,02/01/2024
8277,Usman Ali,19/01/2024,Table,Furniture, ,-1,,Pakistan,507.98,1,Usman Ali,,19/01/2024
8278,Usman Ali,22/01/2024,Monitor,Electronics,,-1,,Pakistan,507.98,1,Usman Ali,,22/01/2024
8280,Usman Ali,26/01/2024,Table,Furniture,619.11,,,Pakistan,619.11,1,Usman Ali,,26/01/2024
8281,Usman Ali,04/01/2024,Phone,Electronics,,,,Pakistan,507.98,1,Usman Ali,,04/01/2024
8282,Ali Khan,11/01/2024,Monitor,Electronics,872.71,2,1745.42,Pakistan,872.71,2,Ali Khan,1745.42,11/01/2024
8283,Usman Ali,07/01/2024,Monitor,Electronics,,,,Pakistan,507.98,1,Usman Ali,,07/01/2024
8284,Ayesha Noor,13/01/2024,Laptop,Electronics, ,-1,,Pakistan,507.98,1,Ayesha Noor,,13/01/2024
8285,Ahmed Raza,28/01/2024,Monitor,Electronics, ,,,Pakistan,507.98,1,Ahmed Raza,,28/01/2024
8286,Ayesha Noor,08/01/2024,Headphones,Electronics,511.41,-1,,Pakistan,511.41,1,Ayesha Noor,,08/01/2024
8287,Hina Khan,03/01/2024,Keyboard,Electronics, ,1,,Pakistan,507.98,1,Hina Khan,,03/01/2024
8288,Ali Khan,20/01/2024,Monitor,Electronics, ,-1,,Pakistan,507.98,1,Ali Khan,,20/01/2024
8290,Usman Ali,21/01/2024,Monitor,Electronics,851.74,2,1703.48,Pakistan,851.74,2,Usman Ali,1703.48,21/01/2024
8292,Ahmed Raza,11/01/2024,Laptop,Electronics, ,-1,,Pakistan,507.98,1,Ahmed Raza,,11/01/2024
8293,Ahmed Raza,05/01/2024,Monitor,Electronics,,2,,Pakistan,507.98,2,Ahmed Raza,,05/01/2024
8295,,11/01/2024,Chair,Furniture,773.44,4,3093.76,Pakistan,773.44,4,Unknown,3093.76,11/01/2024
8296,Bilal Ahmed,21/01/2024,Chair,Furniture,,2,,Pakistan,507.98,2,Bilal Ahmed,,21/01/2024
8297,Ayesha Noor,03/01/2024,Keyboard,Electronics, ,2,,Pakistan,507.98,2,Ayesha Noor,,03/01/2024
8298,Hina Khan,30/01/2024,Table,Furniture,,-1,,Pakistan,507.98,1,Hina Khan,,30/01/2024
8300,Bilal Ahmed,24/01/2024,Table,Furniture, ,3,,Pakistan,507.98,3,Bilal Ahmed,,24/01/2024
8301,Ali Khan,26/01/2024,Chair,Furniture,,,,Pakistan,507.98,1,Ali Khan,,26/01/2024
8302,Ahmed Raza,05/01/2024,Mouse,Electronics,292.44,-1,,Pakistan,292.44,1,Ahmed Raza,,05/01/2024
8303,Sara Ahmed,04/01/2024,Keyboard,Electronics,395.07,1,395.07,Pakistan,395.07,1,Sara Ahmed,395.07,04/01/2024
8304,Usman Ali,26/01/2024,Chair,Furniture, ,,,Pakistan,507.98,1,Usman Ali,,26/01/2024
8306,Sara Ahmed,01/01/2024,Table,Furniture,,1,,Pakistan,507.98,1,Sara Ahmed,,01/01/2024
8307,Ali Khan,26/01/2024,Phone,Electronics,313.27,-1,,Pakistan,313.27,1,Ali Khan,,26/01/2024
8308,Hina Khan,28/01/2024,Phone,Electronics,410.50,,,Pakistan,410.50,1,Hina Khan,,28/01/2024
8310,Ali Khan,29/01/2024,Chair,Furniture, ,4,,Pakistan,507.98,4,Ali Khan,,29/01/2024
8311,,25/01/2024,Table,Furniture, ,2,,Pakistan,507.98,2,Unknown,,25/01/2024
8313,Ayesha Noor,07/01/2024,Table,Furniture,,-1,,Pakistan,507.98,1,Ayesha Noor,,07/01/2024
8314,Usman Ali,10/01/2024,Keyboard,Electronics,136.17,-1,,Pakistan,136.17,1,Usman Ali,,10/01/2024
8315,Ayesha Noor,11/01/2024,Keyboard,Electronics,,-1,,Pakistan,507.98,1,Ayesha Noor,,11/01/2024
8316,Hina Khan,19/01/2024,Laptop,Electronics,39.61,-1,,Pakistan,39.61,1,Hina Khan,,19/01/2024
8317,Ayesha Noor,30/01/2024,Laptop,Electronics, ,,,Pakistan,507.98,1,Ayesha Noor,,30/01/2024
8318,Hina Khan,10/01/2024,Headphones,Electronics,883.70,-1,,Pakistan,883.70,1,Hina Khan,,10/01/2024
8320,Sara Ahmed,17/01/2024,Monitor,Electronics,,,,Pakistan,507.98,1,Sara Ahmed,,17/01/2024
8321,,20/01/2024,Keyboard,Electronics,,4,,Pakistan,507.98,4,Unknown,,20/01/2024
8325,,07/01/2024,Laptop,Electronics,572.66,-1,,Pakistan,572.66,1,Unknown,,07/01/2024
8326,Bilal Ahmed,19/01/2024,Keyboard,Electronics,,1,,Pakistan,507.98,1,Bilal Ahmed,,19/01/2024
8327,Ayesha Noor,27/01/2024,Table,Furniture,782.97,4,3131.88,Pakistan,782.97,4,Ayesha Noor,3131.88,27/01/2024
8329,Ahmed Raza,25/01/2024,Mouse,Electronics,,,,Pakistan,507.98,1,Ahmed Raza,,25/01/2024
8330,Ahmed Raza,11/01/2024,Table,Furniture,176.67,,,Pakistan,176.67,1,Ahmed Raza,,11/01/2024
8331,Usman Ali,13/01/2024,Mouse,Electronics,997.26,3,2991.78,Pakistan,997.26,3,Usman Ali,2991.78,13/01/2024
8332,Ali Khan,02/01/2024,Chair,Furniture,,-1,,Pakistan,507.98,1,Ali Khan,,02/01/2024
8333,Ayesha Noor,16/01/2024,Chair,Furniture,,,,Pakistan,507.98,1,Ayesha Noor,,16/01/2024
8334,Ayesha Noor,01/01/2024,Monitor,Electronics,,-1,,Pakistan,507.98,1,Ayesha Noor,,01/01/2024
8335,Ali Khan,30/01/2024,Headphones,Electronics, ,3,,Pakistan,507.98,3,Ali Khan,,30/01/2024
8337,Ayesha Noor,25/01/2024,Chair,Furniture,512.32,3,1536.96,Pakistan,512.32,3,Ayesha Noor,1536.96,25/01/2024
8338,Bilal Ahmed,24/01/2024,Monitor,Electronics, ,4,,Pakistan,507.98,4,Bilal Ahmed,,24/01/2024
8339,Sara Ahmed,17/01/2024,Monitor,Electronics,944.31,4,3777.24,Pakistan,944.31,4,Sara Ahmed,3777.24,17/01/2024
8341,Ayesha Noor,11/01/2024,Phone,Electronics,163.37,,,Pakistan,163.37,1,Ayesha Noor,,11/01/2024
8343,Bilal Ahmed,23/01/2024,Monitor,Electronics,,-1,,Pakistan,507.98,1,Bilal Ahmed,,23/01/2024
8344,Sara Ahmed,23/01/2024,Chair,Furniture,,-1,,Pakistan,507.98,1,Sara Ahmed,,23/01/2024
8345,Ayesha Noor,13/01/2024,Keyboard,Electronics,,,,Pakistan,507.98,1,Ayesha Noor,,13/01/2024
8347,Sara Ahmed,17/01/2024,Headphones,Electronics,670.79,-1,,Pakistan,670.79,1,Sara Ahmed,,17/01/2024
8348,Ayesha Noor,26/01/2024,Headphones,Electronics, ,1,,Pakistan,507.98,1,Ayesha Noor,,26/01/2024
8349,Ayesha Noor,28/01/2024,Monitor,Electronics,410.34,,,Pakistan,410.34,1,Ayesha Noor,,28/01/2024
8350,,20/01/2024,Headphones,Electronics, ,,,Pakistan,507.98,1,Unknown,,20/01/2024
8351,Usman Ali,12/01/2024,Keyboard,Electronics,756.03,,,Pakistan,756.03,1,Usman Ali,,12/01/2024
8352,Sara Ahmed,15/01/2024,Phone,Electronics,,3,,Pakistan,507.98,3,Sara Ahmed,,15/01/2024
8353,Sara Ahmed,28/01/2024,Table,Furniture,,-1,,Pakistan,507.98,1,Sara Ahmed,,28/01/2024
8354,,10/01/2024,Keyboard,Electronics,546.63,-1,,Pakistan,546.63,1,Unknown,,10/01/2024
8355,Ali Khan,22/01/2024,Keyboard,Electronics,632.59,,,Pakistan,632.59,1,Ali Khan,,22/01/2024
8356,Sara Ahmed,20/01/2024,Laptop,Electronics, ,-1,,Pakistan,507.98,1,Sara Ahmed,,20/01/2024
8357,Ali Khan,26/01/2024,Keyboard,Electronics, ,3,,Pakistan,507.98,3,Ali Khan,,26/01/2024
8358,Ali Khan,10/01/2024,Headphones,Electronics,,,,Pakistan,507.98,1,Ali Khan,,10/01/2024
8359,Ayesha Noor,26/01/2024,Table,Furniture, ,2,,Pakistan,507.98,2,Ayesha Noor,,26/01/2024
8360,Usman Ali,04/01/2024,Laptop,Electronics,434.56,,,Pakistan,434.56,1,Usman Ali,,04/01/2024
8361,Usman Ali,16/01/2024,Keyboard,Electronics,337.74,1,337.74,Pakistan,337.74,1,Usman Ali,337.74,16/01/2024
8362,Usman Ali,30/01/2024,Chair,Furniture,217.90,1,217.9,Pakistan,217.90,1,Usman Ali,217.9,30/01/2024
8364,Sara Ahmed,17/01/2024,Phone,Electronics,,,,Pakistan,507.98,1,Sara Ahmed,,17/01/2024
8365,Bilal Ahmed,27/01/2024,Phone,Electronics, ,4,,Pakistan,507.98,4,Bilal Ahmed,,27/01/2024
8367,Ahmed Raza,29/01/2024,Keyboard,Electronics, ,,,Pakistan,507.98,1,Ahmed Raza,,29/01/2024
8368,,29/01/2024,Monitor,Electronics,,,,Pakistan,507.98,1,Unknown,,29/01/2024
8369,,27/01/2024,Laptop,Electronics, ,-1,,Pakistan,507.98,1,Unknown,,27/01/2024
8371,Sara Ahmed,30/01/2024,Monitor,Electronics,517.65,,,Pakistan,517.65,1,Sara Ahmed,,30/01/2024
8372,,18/01/2024,Phone,Electronics, ,-1,,Pakistan,507.98,1,Unknown,,18/01/2024
8373,,01/01/2024,Phone,Electronics, ,1,,Pakistan,507.98,1,Unknown,,01/01/2024
8374,Usman Ali,25/01/2024,Laptop,Electronics,,3,,Pakistan,507.98,3,Usman Ali,,25/01/2024
8375,Ali Khan,25/01/2024,Chair,Furniture, ,-1,,Pakistan,507.98,1,Ali Khan,,25/01/2024
8376,Usman Ali,14/01/2024,Chair,Furniture,,-1,,Pakistan,507.98,1,Usman Ali,,14/01/2024
8377,Ali Khan,09/01/2024,Phone,Electronics, ,-1,,Pakistan,507.98,1,Ali Khan,,09/01/2024
8379,Sara Ahmed,10/01/2024,Monitor,Electronics,805.37,,,Pakistan,805.37,1,Sara Ahmed,,10/01/2024
8380,Usman Ali,08/01/2024,Phone,Electronics,,2,,Pakistan,507.98,2,Usman Ali,,08/01/2024
8381,Ahmed Raza,09/01/2024,Phone,Electronics,353.50,4,1414,Pakistan,353.50,4,Ahmed Raza,1414,09/01/2024
8382,,22/01/2024,Keyboard,Electronics,,-1,,Pakistan,507.98,1,Unknown,,22/01/2024
8383,Ali Khan,01/01/2024,Keyboard,Electronics, ,,,Pakistan,507.98,1,Ali Khan,,01/01/2024
8384,Ahmed Raza,23/01/2024,Monitor,Electronics,108.44,,,Pakistan,108.44,1,Ahmed Raza,,23/01/2024
8387,Usman Ali,23/01/2024,Phone,Electronics,373.85,3,1121.55,Pakistan,373.85,3,Usman Ali,1121.55,23/01/2024
8388,Usman Ali,17/01/2024,Phone,Electronics, ,,,Pakistan,507.98,1,Usman Ali,,17/01/2024
8389,Sara Ahmed,12/01/2024,Phone,Electronics,,2,,Pakistan,507.98,2,Sara Ahmed,,12/01/2024
8390,Usman Ali,23/01/2024,Mouse,Electronics, ,1,,Pakistan,507.98,1,Usman Ali,,23/01/2024
8391,,04/01/2024,Table,Furniture,607.85,,,Pakistan,607.85,1,Unknown,,04/01/2024
8392,Ayesha Noor,02/01/2024,Chair,Furniture,169.38,,,Pakistan,169.38,1,Ayesha Noor,,02/01/2024
8394,,29/01/2024,Phone,Electronics,,,,Pakistan,507.98,1,Unknown,,29/01/2024
8395,Hina Khan,02/01/2024,Mouse,Electronics,,-1,,Pakistan,507.98,1,Hina Khan,,02/01/2024
8396,Hina Khan,26/01/2024,Keyboard,Electronics, ,,,Pakistan,507.98,1,Hina Khan,,26/01/2024
8397,Sara Ahmed,19/01/2024,Table,Furniture, ,,,Pakistan,507.98,1,Sara Ahmed,,19/01/2024
8398,Hina Khan,01/01/2024,Table,Furniture, ,-1,,Pakistan,507.98,1,Hina Khan,,01/01/2024
8400,,20/01/2024,Keyboard,Electronics,,-1,,Pakistan,507.98,1,Unknown,,20/01/2024
8401,Bilal Ahmed,30/01/2024,Laptop,Electronics, ,4,,Pakistan,507.98,4,Bilal Ahmed,,30/01/2024
8403,Ayesha Noor,09/01/2024,Phone,Electronics,241.59,-1,,Pakistan,241.59,1,Ayesha Noor,,09/01/2024
8405,Usman Ali,30/01/2024,Laptop,Electronics, ,-1,,Pakistan,507.98,1,Usman Ali,,30/01/2024
8406,Hina Khan,15/01/2024,Chair,Furniture, ,,,Pakistan,507.98,1,Hina Khan,,15/01/2024
8407,Sara Ahmed,26/01/2024,Monitor,Electronics, ,2,,Pakistan,507.98,2,Sara Ahmed,,26/01/2024
8408,Ayesha Noor,22/01/2024,Table,Furniture, ,3,,Pakistan,507.98,3,Ayesha Noor,,22/01/2024
8409,Ayesha Noor,27/01/2024,Laptop,Electronics, ,-1,,Pakistan,507.98,1,Ayesha Noor,,27/01/2024
8411,,24/01/2024,Table,Furniture,315.48,4,1261.92,Pakistan,315.48,4,Unknown,1261.92,24/01/2024
8412,Ahmed Raza,25/01/2024,Table,Furniture,,3,,Pakistan,507.98,3,Ahmed Raza,,25/01/2024
8413,Ayesha Noor,01/01/2024,Keyboard,Electronics,349.41,,,Pakistan,349.41,1,Ayesha Noor,,01/01/2024
8414,Bilal Ahmed,29/01/2024,Phone,Electronics,545.08,-1,,Pakistan,545.08,1,Bilal Ahmed,,29/01/2024
8415,Ayesha Noor,09/01/2024,Keyboard,Electronics,308.10,,,Pakistan,308.10,1,Ayesha Noor,,09/01/2024
8416,Ahmed Raza,19/01/2024,Chair,Furniture, ,-1,,Pakistan,507.98,1,Ahmed Raza,,19/01/2024
8417,Ahmed Raza,25/01/2024,Headphones,Electronics,334.29,-1,,Pakistan,334.29,1,Ahmed Raza,,25/01/2024
8418,Hina Khan,25/01/2024,Headphones,Electronics, ,2,,Pakistan,507.98,2,Hina Khan,,25/01/2024
8420,Ahmed Raza,21/01/2024,Chair,Furniture,416.70,4,1666.8,Pakistan,416.70,4,Ahmed Raza,1666.8,21/01/2024
8422,Ali Khan,21/01/2024,Headphones,Electronics,,1,,Pakistan,507.98,1,Ali Khan,,21/01/2024
8423,Sara Ahmed,09/01/2024,Keyboard,Electronics,,-1,,Pakistan,507.98,1,Sara Ahmed,,09/01/2024
8424,Hina Khan,23/01/2024,Keyboard,Electronics, ,2,,Pakistan,507.98,2,Hina Khan,,23/01/2024
8425,Ayesha Noor,19/01/2024,Phone,Electronics,,-1,,Pakistan,507.98,1,Ayesha Noor,,19/01/2024
8426,Usman Ali,11/01/2024,Keyboard,Electronics,655.07,1,655.07,Pakistan,655.07,1,Usman Ali,655.07,11/01/2024
8429,Bilal Ahmed,13/01/2024,Keyboard,Electronics,,2,,Pakistan,507.98,2,Bilal Ahmed,,13/01/2024
8431,Ali Khan,18/01/2024,Keyboard,Electronics,525.69,-1,,Pakistan,525.69,1,Ali Khan,,18/01/2024
8432,Ali Khan,16/01/2024,Keyboard,Electronics,,,,Pakistan,507.98,1,Ali Khan,,16/01/2024
8433,Sara Ahmed,12/01/2024,Keyboard,Electronics,940.09,1,940.09,Pakistan,940.09,1,Sara Ahmed,940.09,12/01/2024
8437,Sara Ahmed,27/01/2024,Table,Furniture,,,,Pakistan,507.98,1,Sara Ahmed,,27/01/2024
8438,Sara Ahmed,04/01/2024,Monitor,Electronics, ,,,Pakistan,507.98,1,Sara Ahmed,,04/01/2024
8440,Usman Ali,04/01/2024,Monitor,Electronics,,1,,Pakistan,507.98,1,Usman Ali,,04/01/2024
8442,Usman Ali,24/01/2024,Table,Furniture,,-1,,Pakistan,507.98,1,Usman Ali,,24/01/2024
8443,Bilal Ahmed,07/01/2024,Headphones,Electronics, ,1,,Pakistan,507.98,1,Bilal Ahmed,,07/01/2024
8444,Ahmed Raza,01/01/2024,Table,Furniture,845.10,-1,,Pakistan,845.10,1,Ahmed Raza,,01/01/2024
8448,,10/01/2024,Table,Furniture, ,,,Pakistan,507.98,1,Unknown,,10/01/2024
8449,Ali Khan,12/01/2024,Keyboard,Electronics, ,4,,Pakistan,507.98,4,Ali Khan,,12/01/2024
8450,Ayesha Noor,03/01/2024,Headphones,Electronics, ,1,,Pakistan,507.98,1,Ayesha Noor,,03/01/2024
8451,Bilal Ahmed,13/01/2024,Headphones,Electronics,,,,Pakistan,507.98,1,Bilal Ahmed,,13/01/2024
8452,Sara Ahmed,16/01/2024,Keyboard,Electronics, ,-1,,Pakistan,507.98,1,Sara Ahmed,,16/01/2024
8455,Hina Khan,21/01/2024,Keyboard,Electronics,845.63,-1,,Pakistan,845.63,1,Hina Khan,,21/01/2024
8456,Ahmed Raza,11/01/2024,Headphones,Electronics, ,-1,,Pakistan,507.98,1,Ahmed Raza,,11/01/2024
8457,Bilal Ahmed,12/01/2024,Monitor,Electronics,640.03,2,1280.06,Pakistan,640.03,2,Bilal Ahmed,1280.06,12/01/2024
8458,Ayesha Noor,22/01/2024,Table,Furniture,,,,Pakistan,507.98,1,Ayesha Noor,,22/01/2024
8459,Usman Ali,08/01/2024,Phone,Electronics,,,,Pakistan,507.98,1,Usman Ali,,08/01/2024
8460,Ayesha Noor,30/01/2024,Monitor,Electronics,,4,,Pakistan,507.98,4,Ayesha Noor,,30/01/2024
8461,Ahmed Raza,04/01/2024,Keyboard,Electronics,543.69,,,Pakistan,543.69,1,Ahmed Raza,,04/01/2024
8462,Ali Khan,30/01/2024,Chair,Furniture,,,,Pakistan,507.98,1,Ali Khan,,30/01/2024
8465,Usman Ali,13/01/2024,Monitor,Electronics,,-1,,Pakistan,507.98,1,Usman Ali,,13/01/2024
8466,Hina Khan,16/01/2024,Table,Furniture,,,,Pakistan,507.98,1,Hina Khan,,16/01/2024
8467,Bilal Ahmed,23/01/2024,Headphones,Electronics,94.47,,,Pakistan,94.47,1,Bilal Ahmed,,23/01/2024
8468,Bilal Ahmed,22/01/2024,Keyboard,Electronics, ,3,,Pakistan,507.98,3,Bilal Ahmed,,22/01/2024
8469,Hina Khan,24/01/2024,Phone,Electronics, ,,,Pakistan,507.98,1,Hina Khan,,24/01/2024
8470,Ayesha Noor,02/01/2024,Phone,Electronics, ,4,,Pakistan,507.98,4,Ayesha Noor,,02/01/2024
8472,,23/01/2024,Monitor,Electronics,842.81,,,Pakistan,842.81,1,Unknown,,23/01/2024
8473,Bilal Ahmed,25/01/2024,Monitor,Electronics,209.21,,,Pakistan,209.21,1,Bilal Ahmed,,25/01/2024
8474,Usman Ali,28/01/2024,Phone,Electronics, ,1,,Pakistan,507.98,1,Usman Ali,,28/01/2024
8475,Bilal Ahmed,29/01/2024,Headphones,Electronics,901.24,2,1802.48,Pakistan,901.24,2,Bilal Ahmed,1802.48,29/01/2024
8477,Usman Ali,11/01/2024,Laptop,Electronics,582.87,,,Pakistan,582.87,1,Usman Ali,,11/01/2024
8479,Usman Ali,23/01/2024,Table,Furniture, ,,,Pakistan,507.98,1,Usman Ali,,23/01/2024
8480,Ayesha Noor,16/01/2024,Mouse,Electronics, ,1,,Pakistan,507.98,1,Ayesha Noor,,16/01/2024
8481,Sara Ahmed,20/01/2024,Laptop,Electronics,,1,,Pakistan,507.98,1,Sara Ahmed,,20/01/2024
8484,Hina Khan,20/01/2024,Laptop,Electronics,,-1,,Pakistan,507.98,1,Hina Khan,,20/01/2024
8485,Ali Khan,08/01/2024,Monitor,Electronics,,3,,Pakistan,507.98,3,Ali Khan,,08/01/2024
8486,Usman Ali,23/01/2024,Keyboard,Electronics,,1,,Pakistan,507.98,1,Usman Ali,,23/01/2024
8488,Sara Ahmed,07/01/2024,Mouse,Electronics,,4,,Pakistan,507.98,4,Sara Ahmed,,07/01/2024
8489,Hina Khan,29/01/2024,Monitor,Electronics, ,-1,,Pakistan,507.98,1,Hina Khan,,29/01/2024
8490,,10/01/2024,Phone,Electronics,,-1,,Pakistan,507.98,1,Unknown,,10/01/2024
8491,Bilal Ahmed,03/01/2024,Table,Furniture,484.67,,,Pakistan,484.67,1,Bilal Ahmed,,03/01/2024
8492,Sara Ahmed,07/01/2024,Headphones,Electronics,766.24,,,Pakistan,766.24,1,Sara Ahmed,,07/01/2024
8495,Ali Khan,19/01/2024,Headphones,Electronics,378.04,,,Pakistan,378.04,1,Ali Khan,,19/01/2024
8497,Ali Khan,18/01/2024,Mouse,Electronics, ,4,,Pakistan,507.98,4,Ali Khan,,18/01/2024
8499,Bilal Ahmed,08/01/2024,Phone,Electronics, ,,,Pakistan,507.98,1,Bilal Ahmed,,08/01/2024
8502,Usman Ali,09/01/2024,Laptop,Electronics, ,,,Pakistan,507.98,1,Usman Ali,,09/01/2024
8503,Sara Ahmed,19/01/2024,Headphones,Electronics,574.03,-1,,Pakistan,574.03,1,Sara Ahmed,,19/01/2024
8504,Usman Ali,15/01/2024,Phone,Electronics,,-1,,Pakistan,507.98,1,Usman Ali,,15/01/2024
8506,Hina Khan,17/01/2024,Keyboard,Electronics,,-1,,Pakistan,507.98,1,Hina Khan,,17/01/2024
8507,Ayesha Noor,04/01/2024,Table,Furniture, ,,,Pakistan,507.98,1,Ayesha Noor,,04/01/2024
8508,Sara Ahmed,12/01/2024,Monitor,Electronics,668.45,,,Pakistan,668.45,1,Sara Ahmed,,12/01/2024
8509,Ayesha Noor,01/01/2024,Mouse,Electronics, ,-1,,Pakistan,507.98,1,Ayesha Noor,,01/01/2024
8510,Ayesha Noor,11/01/2024,Mouse,Electronics,195.18,-1,,Pakistan,195.18,1,Ayesha Noor,,11/01/2024
8512,Usman Ali,25/01/2024,Chair,Furniture,,3,,Pakistan,507.98,3,Usman Ali,,25/01/2024
8513,,10/01/2024,Mouse,Electronics,,-1,,Pakistan,507.98,1,Unknown,,10/01/2024
8514,Ali Khan,30/01/2024,Headphones,Electronics, ,,,Pakistan,507.98,1,Ali Khan,,30/01/2024
8515,Ayesha Noor,10/01/2024,Keyboard,Electronics,,2,,Pakistan,507.98,2,Ayesha Noor,,10/01/2024
8516,Ahmed Raza,11/01/2024,Monitor,Electronics,886.43,3,2659.29,Pakistan,886.43,3,Ahmed Raza,2659.29,11/01/2024
8517,Ali Khan,24/01/2024,Laptop,Electronics, ,,,Pakistan,507.98,1,Ali Khan,,24/01/2024
8519,Usman Ali,06/01/2024,Phone,Electronics,,-1,,Pakistan,507.98,1,Usman Ali,,06/01/2024
8520,Ali Khan,04/01/2024,Keyboard,Electronics, ,1,,Pakistan,507.98,1,Ali Khan,,04/01/2024
8521,Sara Ahmed,10/01/2024,Laptop,Electronics,,-1,,Pakistan,507.98,1,Sara Ahmed,,10/01/2024
8522,,24/01/2024,Headphones,Electronics,,3,,Pakistan,507.98,3,Unknown,,24/01/2024
8523,Usman Ali,12/01/2024,Headphones,Electronics,140.83,-1,,Pakistan,140.83,1,Usman Ali,,12/01/2024
8526,Sara Ahmed,04/01/2024,Chair,Furniture, ,,,Pakistan,507.98,1,Sara Ahmed,,04/01/2024
8527,Ali Khan,14/01/2024,Laptop,Electronics, ,-1,,Pakistan,507.98,1,Ali Khan,,14/01/2024
8529,,11/01/2024,Table,Furniture,465.18,2,930.36,Pakistan,465.18,2,Unknown,930.36,11/01/2024
8530,Usman Ali,19/01/2024,Mouse,Electronics,,-1,,Pakistan,507.98,1,Usman Ali,,19/01/2024
8531,,01/01/2024,Phone,Electronics,,,,Pakistan,507.98,1,Unknown,,01/01/2024
8532,Hina Khan,23/01/2024,Headphones,Electronics,744.07,1,744.07,Pakistan,744.07,1,Hina Khan,744.07,23/01/2024
8533,Sara Ahmed,04/01/2024,Chair,Furniture,,-1,,Pakistan,507.98,1,Sara Ahmed,,04/01/2024
8534,Usman Ali,02/01/2024,Phone,Electronics,,1,,Pakistan,507.98,1,Usman Ali,,02/01/2024
8535,Ali Khan,07/01/2024,Headphones,Electronics,294.34,,,Pakistan,294.34,1,Ali Khan,,07/01/2024
8536,Sara Ahmed,06/01/2024,Headphones,Electronics,750.73,-1,,Pakistan,750.73,1,Sara Ahmed,,06/01/2024
8537,Bilal Ahmed,11/01/2024,Chair,Furniture, ,,,Pakistan,507.98,1,Bilal Ahmed,,11/01/2024
8540,Usman Ali,13/01/2024,Table,Furniture,552.40,,,Pakistan,552.40,1,Usman Ali,,13/01/2024
8541,Sara Ahmed,29/01/2024,Monitor,Electronics,,3,,Pakistan,507.98,3,Sara Ahmed,,29/01/2024
8542,Hina Khan,28/01/2024,Laptop,Electronics,,-1,,Pakistan,507.98,1,Hina Khan,,28/01/2024
8543,Usman Ali,01/01/2024,Table,Furniture, ,1,,Pakistan,507.98,1,Usman Ali,,01/01/2024
8544,Hina Khan,06/01/2024,Laptop,Electronics,377.49,-1,,Pakistan,377.49,1,Hina Khan,,06/01/2024
8545,Hina Khan,02/01/2024,Keyboard,Electronics, ,2,,Pakistan,507.98,2,Hina Khan,,02/01/2024
8547,,01/01/2024,Table,Furniture, ,-1,,Pakistan,507.98,1,Unknown,,01/01/2024
8549,Bilal Ahmed,23/01/2024,Phone,Electronics, ,1,,Pakistan,507.98,1,Bilal Ahmed,,23/01/2024
8551,Ahmed Raza,01/01/2024,Phone,Electronics, ,4,,Pakistan,507.98,4,Ahmed Raza,,01/01/2024
8552,Sara Ahmed,26/01/2024,Laptop,Electronics,,-1,,Pakistan,507.98,1,Sara Ahmed,,26/01/2024
8553,Hina Khan,06/01/2024,Monitor,Electronics, ,-1,,Pakistan,507.98,1,Hina Khan,,06/01/2024
8554,Hina Khan,15/01/2024,Table,Furniture,,-1,,Pakistan,507.98,1,Hina Khan,,15/01/2024
8555,Usman Ali,06/01/2024,Headphones,Electronics,,4,,Pakistan,507.98,4,Usman Ali,,06/01/2024
8557,Ayesha Noor,19/01/2024,Keyboard,Electronics, ,-1,,Pakistan,507.98,1,Ayesha Noor,,19/01/2024
8558,Ali Khan,10/01/2024,Headphones,Electronics,,,,Pakistan,507.98,1,Ali Khan,,10/01/2024
8559,Bilal Ahmed,30/01/2024,Mouse,Electronics, ,1,,Pakistan,507.98,1,Bilal Ahmed,,30/01/2024
8560,Usman Ali,26/01/2024,Phone,Electronics, ,,,Pakistan,507.98,1,Usman Ali,,26/01/2024
8561,Ali Khan,10/01/2024,Table,Furniture,,,,Pakistan,507.98,1,Ali Khan,,10/01/2024
8565,,27/01/2024,Table,Furniture,,3,,Pakistan,507.98,3,Unknown,,27/01/2024
8566,Bilal Ahmed,03/01/2024,Table,Furniture, ,-1,,Pakistan,507.98,1,Bilal Ahmed,,03/01/2024
8567,,01/01/2024,Keyboard,Electronics,,2,,Pakistan,507.98,2,Unknown,,01/01/2024
8571,Hina Khan,07/01/2024,Table,Furniture,428.72,-1,,Pakistan,428.72,1,Hina Khan,,07/01/2024
8572,Usman Ali,12/01/2024,Headphones,Electronics, ,-1,,Pakistan,507.98,1,Usman Ali,,12/01/2024
8574,Ali Khan,29/01/2024,Phone,Electronics,406.31,3,1218.93,Pakistan,406.31,3,Ali Khan,1218.93,29/01/2024
8576,Bilal Ahmed,25/01/2024,Table,Furniture, ,,,Pakistan,507.98,1,Bilal Ahmed,,25/01/2024
8577,Hina Khan,08/01/2024,Chair,Furniture,280.65,,,Pakistan,280.65,1,Hina Khan,,08/01/2024
8578,Ali Khan,28/01/2024,Chair,Furniture,362.61,,,Pakistan,362.61,1,Ali Khan,,28/01/2024
8579,Sara Ahmed,08/01/2024,Table,Furniture, ,-1,,Pakistan,507.98,1,Sara Ahmed,,08/01/2024
8581,Ahmed Raza,09/01/2024,Monitor,Electronics,,,,Pakistan,507.98,1,Ahmed Raza,,09/01/2024
8582,Bilal Ahmed,16/01/2024,Mouse,Electronics,,1,,Pakistan,507.98,1,Bilal Ahmed,,16/01/2024
8584,Ayesha Noor,14/01/2024,Phone,Electronics,945.69,,,Pakistan,945.69,1,Ayesha Noor,,14/01/2024
8585,Ali Khan,01/01/2024,Phone,Electronics, ,,,Pakistan,507.98,1,Ali Khan,,01/01/2024
8586,Bilal Ahmed,12/01/2024,Laptop,Electronics,,-1,,Pakistan,507.98,1,Bilal Ahmed,,12/01/2024
8587,Usman Ali,10/01/2024,Chair,Furniture, ,-1,,Pakistan,507.98,1,Usman Ali,,10/01/2024
8588,Hina Khan,17/01/2024,Laptop,Electronics, ,,,Pakistan,507.98,1,Hina Khan,,17/01/2024
8589,Usman Ali,04/01/2024,Chair,Furniture, ,1,,Pakistan,507.98,1,Usman Ali,,04/01/2024
8591,Sara Ahmed,11/01/2024,Chair,Furniture,,-1,,Pakistan,507.98,1,Sara Ahmed,,11/01/2024
8592,Ayesha Noor,17/01/2024,Laptop,Electronics,,,,Pakistan,507.98,1,Ayesha Noor,,17/01/2024
8593,Ali Khan,30/01/2024,Phone,Electronics,,4,,Pakistan,507.98,4,Ali Khan,,30/01/2024
8594,Ali Khan,08/01/2024,Keyboard,Electronics,,,,Pakistan,507.98,1,Ali Khan,,08/01/2024
8595,,30/01/2024,Table,Furniture, ,-1,,Pakistan,507.98,1,Unknown,,30/01/2024
8597,Ali Khan,25/01/2024,Monitor,Electronics, ,,,Pakistan,507.98,1,Ali Khan,,25/01/2024
8598,Ali Khan,19/01/2024,Headphones,Electronics,,,,Pakistan,507.98,1,Ali Khan,,19/01/2024
8599,,22/01/2024,Chair,Furniture,902.33,-1,,Pakistan,902.33,1,Unknown,,22/01/2024
8600,Ali Khan,19/01/2024,Phone,Electronics,,1,,Pakistan,507.98,1,Ali Khan,,19/01/2024
8601,Hina Khan,04/01/2024,Monitor,Electronics, ,-1,,Pakistan,507.98,1,Hina Khan,,04/01/2024
8602,Usman Ali,22/01/2024,Keyboard,Electronics, ,-1,,Pakistan,507.98,1,Usman Ali,,22/01/2024
8603,Bilal Ahmed,18/01/2024,Phone,Electronics, ,2,,Pakistan,507.98,2,Bilal Ahmed,,18/01/2024
8604,,25/01/2024,Keyboard,Electronics,,-1,,Pakistan,507.98,1,Unknown,,25/01/2024
8605,Ali Khan,15/01/2024,Mouse,Electronics, ,-1,,Pakistan,507.98,1,Ali Khan,,15/01/2024
8607,Usman Ali,15/01/2024,Table,Furniture,,3,,Pakistan,507.98,3,Usman Ali,,15/01/2024
8608,Bilal Ahmed,05/01/2024,Headphones,Electronics,,,,Pakistan,507.98,1,Bilal Ahmed,,05/01/2024
8609,Usman Ali,03/01/2024,Monitor,Electronics,,2,,Pakistan,507.98,2,Usman Ali,,03/01/2024
8611,Bilal Ahmed,26/01/2024,Laptop,Electronics,,-1,,Pakistan,507.98,1,Bilal Ahmed,,26/01/2024
8612,,25/01/2024,Mouse,Electronics,127.88,,,Pakistan,127.88,1,Unknown,,25/01/2024
8613,Ayesha Noor,11/01/2024,Monitor,Electronics,,,,Pakistan,507.98,1,Ayesha Noor,,11/01/2024
8614,Ali Khan,22/01/2024,Phone,Electronics, ,3,,Pakistan,507.98,3,Ali Khan,,22/01/2024
8615,Ayesha Noor,22/01/2024,Phone,Electronics,310.01,,,Pakistan,310.01,1,Ayesha Noor,,22/01/2024
8616,,21/01/2024,Keyboard,Electronics,,3,,Pakistan,507.98,3,Unknown,,21/01/2024
8617,,03/01/2024,Mouse,Electronics,,4,,Pakistan,507.98,4,Unknown,,03/01/2024
8618,Usman Ali,06/01/2024,Headphones,Electronics, ,-1,,Pakistan,507.98,1,Usman Ali,,06/01/2024
8619,Usman Ali,22/01/2024,Chair,Furniture,,4,,Pakistan,507.98,4,Usman Ali,,22/01/2024
8620,Sara Ahmed,20/01/2024,Phone,Electronics,105.82,-1,,Pakistan,105.82,1,Sara Ahmed,,20/01/2024
8621,Ayesha Noor,07/01/2024,Table,Furniture,898.67,1,898.67,Pakistan,898.67,1,Ayesha Noor,898.67,07/01/2024
8622,,12/01/2024,Headphones,Electronics, ,2,,Pakistan,507.98,2,Unknown,,12/01/2024
8623,Bilal Ahmed,03/01/2024,Keyboard,Electronics,,-1,,Pakistan,507.98,1,Bilal Ahmed,,03/01/2024
8625,Ayesha Noor,10/01/2024,Keyboard,Electronics,550.23,4,2200.92,Pakistan,550.23,4,Ayesha Noor,2200.92,10/01/2024
8626,Hina Khan,03/01/2024,Phone,Electronics,,,,Pakistan,507.98,1,Hina Khan,,03/01/2024
8627,Ahmed Raza,20/01/2024,Chair,Furniture,,3,,Pakistan,507.98,3,Ahmed Raza,,20/01/2024
8628,,04/01/2024,Mouse,Electronics, ,3,,Pakistan,507.98,3,Unknown,,04/01/2024
8630,Ahmed Raza,08/01/2024,Chair,Furniture,,,,Pakistan,507.98,1,Ahmed Raza,,08/01/2024
8631,Ali Khan,03/01/2024,Monitor,Electronics, ,1,,Pakistan,507.98,1,Ali Khan,,03/01/2024
8633,Sara Ahmed,12/01/2024,Phone,Electronics,,-1,,Pakistan,507.98,1,Sara Ahmed,,12/01/2024
8634,Ayesha Noor,03/01/2024,Laptop,Electronics, ,1,,Pakistan,507.98,1,Ayesha Noor,,03/01/2024
8635,,12/01/2024,Table,Furniture,,,,Pakistan,507.98,1,Unknown,,12/01/2024
8637,Usman Ali,19/01/2024,Table,Furniture, ,1,,Pakistan,507.98,1,Usman Ali,,19/01/2024
8638,Bilal Ahmed,09/01/2024,Table,Furniture, ,,,Pakistan,507.98,1,Bilal Ahmed,,09/01/2024
8641,,23/01/2024,Headphones,Electronics,,1,,Pakistan,507.98,1,Unknown,,23/01/2024
8643,Usman Ali,03/01/2024,Phone,Electronics,833.64,1,833.64,Pakistan,833.64,1,Usman Ali,833.64,03/01/2024
8645,Usman Ali,27/01/2024,Table,Furniture,446.94,1,446.94,Pakistan,446.94,1,Usman Ali,446.94,27/01/2024
8647,Sara Ahmed,15/01/2024,Mouse,Electronics,803.97,-1,,Pakistan,803.97,1,Sara Ahmed,,15/01/2024
8648,Ayesha Noor,15/01/2024,Laptop,Electronics,,,,Pakistan,507.98,1,Ayesha Noor,,15/01/2024
8649,Hina Khan,02/01/2024,Table,Furniture,248.25,4,993,Pakistan,248.25,4,Hina Khan,993,02/01/2024
8650,Usman Ali,21/01/2024,Laptop,Electronics,,,,Pakistan,507.98,1,Usman Ali,,21/01/2024
8651,Hina Khan,08/01/2024,Monitor,Electronics, ,2,,Pakistan,507.98,2,Hina Khan,,08/01/2024
8652,,29/01/2024,Phone,Electronics,344.91,1,344.91,Pakistan,344.91,1,Unknown,344.91,29/01/2024
8653,Usman Ali,19/01/2024,Chair,Furniture,69.10,4,276.4,Pakistan,69.10,4,Usman Ali,276.4,19/01/2024
8654,Ali Khan,13/01/2024,Headphones,Electronics,,4,,Pakistan,507.98,4,Ali Khan,,13/01/2024
8656,Ahmed Raza,19/01/2024,Mouse,Electronics,781.38,,,Pakistan,781.38,1,Ahmed Raza,,19/01/2024
8658,Ayesha Noor,13/01/2024,Chair,Furniture, ,,,Pakistan,507.98,1,Ayesha Noor,,13/01/2024
8659,Ahmed Raza,18/01/2024,Chair,Furniture, ,-1,,Pakistan,507.98,1,Ahmed Raza,,18/01/2024
8660,Ayesha Noor,03/01/2024,Laptop,Electronics,,,,Pakistan,507.98,1,Ayesha Noor,,03/01/2024
8661,Bilal Ahmed,17/01/2024,Monitor,Electronics,498.79,,,Pakistan,498.79,1,Bilal Ahmed,,17/01/2024
8662,Ahmed Raza,07/01/2024,Keyboard,Electronics,,-1,,Pakistan,507.98,1,Ahmed Raza,,07/01/2024
8664,,13/01/2024,Keyboard,Electronics,,1,,Pakistan,507.98,1,Unknown,,13/01/2024
8666,Bilal Ahmed,04/01/2024,Laptop,Electronics,375.61,3,1126.83,Pakistan,375.61,3,Bilal Ahmed,1126.83,04/01/2024
8668,Bilal Ahmed,09/01/2024,Table,Furniture, ,,,Pakistan,507.98,1,Bilal Ahmed,,09/01/2024
8669,Ahmed Raza,29/01/2024,Mouse,Electronics,929.35,-1,,Pakistan,929.35,1,Ahmed Raza,,29/01/2024
8670,Ayesha Noor,16/01/2024,Headphones,Electronics, ,1,,Pakistan,507.98,1,Ayesha Noor,,16/01/2024
8672,Ahmed Raza,28/01/2024,Keyboard,Electronics, ,2,,Pakistan,507.98,2,Ahmed Raza,,28/01/2024
8673,Sara Ahmed,10/01/2024,Laptop,Electronics,,3,,Pakistan,507.98,3,Sara Ahmed,,10/01/2024
8674,Bilal Ahmed,23/01/2024,Headphones,Electronics,98.54,4,394.16,Pakistan,98.54,4,Bilal Ahmed,394.16,23/01/2024
8675,Ali Khan,07/01/2024,Keyboard,Electronics,580.84,-1,,Pakistan,580.84,1,Ali Khan,,07/01/2024
8676,Sara Ahmed,02/01/2024,Laptop,Electronics,,,,Pakistan,507.98,1,Sara Ahmed,,02/01/2024
8678,Hina Khan,23/01/2024,Laptop,Electronics,949.56,2,1899.12,Pakistan,949.56,2,Hina Khan,1899.12,23/01/2024
8679,Sara Ahmed,06/01/2024,Phone,Electronics, ,-1,,Pakistan,507.98,1,Sara Ahmed,,06/01/2024
8680,,14/01/2024,Keyboard,Electronics, ,-1,,Pakistan,507.98,1,Unknown,,14/01/2024
8681,Ahmed Raza,05/01/2024,Table,Furniture,,-1,,Pakistan,507.98,1,Ahmed Raza,,05/01/2024
8683,Ayesha Noor,27/01/2024,Monitor,Electronics,253.94,-1,,Pakistan,253.94,1,Ayesha Noor,,27/01/2024
8684,Sara Ahmed,19/01/2024,Laptop,Electronics,249.42,,,Pakistan,249.42,1,Sara Ahmed,,19/01/2024
8686,Ahmed Raza,22/01/2024,Keyboard,Electronics,,,,Pakistan,507.98,1,Ahmed Raza,,22/01/2024
8687,,09/01/2024,Chair,Furniture, ,-1,,Pakistan,507.98,1,Unknown,,09/01/2024
8688,Sara Ahmed,21/01/2024,Laptop,Electronics,339.61,1,339.61,Pakistan,339.61,1,Sara Ahmed,339.61,21/01/2024
8689,,03/01/2024,Chair,Furniture,,4,,Pakistan,507.98,4,Unknown,,03/01/2024
8690,Ali Khan,08/01/2024,Table,Furniture,,-1,,Pakistan,507.98,1,Ali Khan,,08/01/2024
8691,Hina Khan,16/01/2024,Chair,Furniture,,-1,,Pakistan,507.98,1,Hina Khan,,16/01/2024
8692,Ahmed Raza,05/01/2024,Keyboard,Electronics, ,2,,Pakistan,507.98,2,Ahmed Raza,,05/01/2024
8694,Ayesha Noor,09/01/2024,Keyboard,Electronics,947.54,1,947.54,Pakistan,947.54,1,Ayesha Noor,947.54,09/01/2024
8695,Hina Khan,23/01/2024,Phone,Electronics, ,-1,,Pakistan,507.98,1,Hina Khan,,23/01/2024
8696,Ahmed Raza,08/01/2024,Headphones,Electronics,200.80,1,200.8,Pakistan,200.80,1,Ahmed Raza,200.8,08/01/2024
8700,Hina Khan,06/01/2024,Phone,Electronics,278.79,,,Pakistan,278.79,1,Hina Khan,,06/01/2024
8702,Bilal Ahmed,30/01/2024,Chair,Furniture,,,,Pakistan,507.98,1,Bilal Ahmed,,30/01/2024
8703,Usman Ali,20/01/2024,Chair,Furniture,,,,Pakistan,507.98,1,Usman Ali,,20/01/2024
8704,Sara Ahmed,03/01/2024,Mouse,Electronics, ,2,,Pakistan,507.98,2,Sara Ahmed,,03/01/2024
8705,Ayesha Noor,07/01/2024,Table,Furniture, ,-1,,Pakistan,507.98,1,Ayesha Noor,,07/01/2024
8706,Hina Khan,10/01/2024,Laptop,Electronics, ,3,,Pakistan,507.98,3,Hina Khan,,10/01/2024
8707,,15/01/2024,Chair,Furniture,,-1,,Pakistan,507.98,1,Unknown,,15/01/2024
8708,,23/01/2024,Keyboard,Electronics,814.01,,,Pakistan,814.01,1,Unknown,,23/01/2024
8711,Ali Khan,15/01/2024,Phone,Electronics,,4,,Pakistan,507.98,4,Ali Khan,,15/01/2024
8712,Bilal Ahmed,03/01/2024,Keyboard,Electronics,,3,,Pakistan,507.98,3,Bilal Ahmed,,03/01/2024
8713,Sara Ahmed,27/01/2024,Phone,Electronics, ,-1,,Pakistan,507.98,1,Sara Ahmed,,27/01/2024
8714,Hina Khan,23/01/2024,Monitor,Electronics, ,1,,Pakistan,507.98,1,Hina Khan,,23/01/2024
8715,Ayesha Noor,28/01/2024,Keyboard,Electronics,39.09,-1,,Pakistan,39.09,1,Ayesha Noor,,28/01/2024
8717,Bilal Ahmed,25/01/2024,Mouse,Electronics,388.47,-1,,Pakistan,388.47,1,Bilal Ahmed,,25/01/2024
8719,Bilal Ahmed,09/01/2024,Headphones,Electronics,,,,Pakistan,507.98,1,Bilal Ahmed,,09/01/2024
8721,Ahmed Raza,19/01/2024,Monitor,Electronics, ,4,,Pakistan,507.98,4,Ahmed Raza,,19/01/2024
8722,,28/01/2024,Mouse,Electronics,,2,,Pakistan,507.98,2,Unknown,,28/01/2024
8723,Bilal Ahmed,27/01/2024,Mouse,Electronics, ,1,,Pakistan,507.98,1,Bilal Ahmed,,27/01/2024
8724,Ahmed Raza,27/01/2024,Table,Furniture, ,-1,,Pakistan,507.98,1,Ahmed Raza,,27/01/2024
8725,Ahmed Raza,24/01/2024,Headphones,Electronics,,3,,Pakistan,507.98,3,Ahmed Raza,,24/01/2024
8726,Ayesha Noor,12/01/2024,Keyboard,Electronics,,,,Pakistan,507.98,1,Ayesha Noor,,12/01/2024
8727,Ahmed Raza,13/01/2024,Table,Furniture,,1,,Pakistan,507.98,1,Ahmed Raza,,13/01/2024
8729,,11/01/2024,Table,Furniture,766.72,1,766.72,Pakistan,766.72,1,Unknown,766.72,11/01/2024
8731,Sara Ahmed,16/01/2024,Table,Furniture,,-1,,Pakistan,507.98,1,Sara Ahmed,,16/01/2024
8732,Sara Ahmed,29/01/2024,Chair,Furniture,421.37,-1,,Pakistan,421.37,1,Sara Ahmed,,29/01/2024
8734,Ahmed Raza,07/01/2024,Table,Furniture, ,1,,Pakistan,507.98,1,Ahmed Raza,,07/01/2024
8735,Ali Khan,03/01/2024,Keyboard,Electronics,561.32,-1,,Pakistan,561.32,1,Ali Khan,,03/01/2024
8737,Ayesha Noor,10/01/2024,Laptop,Electronics,442.46,,,Pakistan,442.46,1,Ayesha Noor,,10/01/2024
8738,Ali Khan,04/01/2024,Monitor,Electronics,439.22,2,878.44,Pakistan,439.22,2,Ali Khan,878.44,04/01/2024
8741,Bilal Ahmed,23/01/2024,Keyboard,Electronics, ,-1,,Pakistan,507.98,1,Bilal Ahmed,,23/01/2024
8743,Sara Ahmed,26/01/2024,Phone,Electronics,543.03,3,1629.09,Pakistan,543.03,3,Sara Ahmed,1629.09,26/01/2024
8744,Ayesha Noor,13/01/2024,Headphones,Electronics,,-1,,Pakistan,507.98,1,Ayesha Noor,,13/01/2024
8745,,08/01/2024,Phone,Electronics,,3,,Pakistan,507.98,3,Unknown,,08/01/2024
8746,Sara Ahmed,04/01/2024,Table,Furniture,91.36,,,Pakistan,91.36,1,Sara Ahmed,,04/01/2024
8747,Ali Khan,08/01/2024,Table,Furniture,661.96,-1,,Pakistan,661.96,1,Ali Khan,,08/01/2024
8748,Sara Ahmed,02/01/2024,Table,Furniture,,-1,,Pakistan,507.98,1,Sara Ahmed,,02/01/2024
8749,Usman Ali,15/01/2024,Chair,Furniture,223.23,1,223.23,Pakistan,223.23,1,Usman Ali,223.23,15/01/2024
8750,Ayesha Noor,23/01/2024,Phone,Electronics,963.32,,,Pakistan,963.32,1,Ayesha Noor,,23/01/2024
8752,Ali Khan,26/01/2024,Headphones,Electronics, ,,,Pakistan,507.98,1,Ali Khan,,26/01/2024
8754,Bilal Ahmed,08/01/2024,Table,Furniture,442.42,3,1327.26,Pakistan,442.42,3,Bilal Ahmed,1327.26,08/01/2024
8755,Ali Khan,21/01/2024,Table,Furniture,,,,Pakistan,507.98,1,Ali Khan,,21/01/2024
8756,Ayesha Noor,16/01/2024,Keyboard,Electronics,822.02,,,Pakistan,822.02,1,Ayesha Noor,,16/01/2024
8757,,02/01/2024,Phone,Electronics,332.68,-1,,Pakistan,332.68,1,Unknown,,02/01/2024
8758,,25/01/2024,Keyboard,Electronics,,-1,,Pakistan,507.98,1,Unknown,,25/01/2024
8759,Ayesha Noor,30/01/2024,Chair,Furniture,,,,Pakistan,507.98,1,Ayesha Noor,,30/01/2024
8760,Hina Khan,21/01/2024,Table,Furniture,,,,Pakistan,507.98,1,Hina Khan,,21/01/2024
8761,Hina Khan,25/01/2024,Chair,Furniture,130.95,-1,,Pakistan,130.95,1,Hina Khan,,25/01/2024
8762,Ahmed Raza,28/01/2024,Chair,Furniture, ,1,,Pakistan,507.98,1,Ahmed Raza,,28/01/2024
8763,Sara Ahmed,21/01/2024,Chair,Furniture, ,-1,,Pakistan,507.98,1,Sara Ahmed,,21/01/2024
8764,Bilal Ahmed,26/01/2024,Table,Furniture, ,3,,Pakistan,507.98,3,Bilal Ahmed,,26/01/2024
8766,,21/01/2024,Phone,Electronics,,-1,,Pakistan,507.98,1,Unknown,,21/01/2024
8767,Ali Khan,01/01/2024,Headphones,Electronics, ,3,,Pakistan,507.98,3,Ali Khan,,01/01/2024
8769,Hina Khan,22/01/2024,Keyboard,Electronics, ,3,,Pakistan,507.98,3,Hina Khan,,22/01/2024
8770,Ayesha Noor,21/01/2024,Keyboard,Electronics,225.90,-1,,Pakistan,225.90,1,Ayesha Noor,,21/01/2024
8771,Ali Khan,01/01/2024,Phone,Electronics,392.82,-1,,Pakistan,392.82,1,Ali Khan,,01/01/2024
8773,,21/01/2024,Mouse,Electronics,,3,,Pakistan,507.98,3,Unknown,,21/01/2024
8774,Ayesha Noor,10/01/2024,Chair,Furniture, ,,,Pakistan,507.98,1,Ayesha Noor,,10/01/2024
8775,Ayesha Noor,17/01/2024,Mouse,Electronics,96.76,,,Pakistan,96.76,1,Ayesha Noor,,17/01/2024
8776,Bilal Ahmed,26/01/2024,Headphones,Electronics, ,-1,,Pakistan,507.98,1,Bilal Ahmed,,26/01/2024
8778,,08/01/2024,Chair,Furniture,,1,,Pakistan,507.98,1,Unknown,,08/01/2024
8779,Ali Khan,19/01/2024,Table,Furniture,,1,,Pakistan,507.98,1,Ali Khan,,19/01/2024
8780,Bilal Ahmed,13/01/2024,Laptop,Electronics, ,1,,Pakistan,507.98,1,Bilal Ahmed,,13/01/2024
8781,Usman Ali,03/01/2024,Mouse,Electronics,325.92,2,651.84,Pakistan,325.92,2,Usman Ali,651.84,03/01/2024
8782,Bilal Ahmed,21/01/2024,Chair,Furniture,470.87,-1,,Pakistan,470.87,1,Bilal Ahmed,,21/01/2024
8784,Bilal Ahmed,18/01/2024,Table,Furniture,,1,,Pakistan,507.98,1,Bilal Ahmed,,18/01/2024
8786,Hina Khan,16/01/2024,Phone,Electronics,,-1,,Pakistan,507.98,1,Hina Khan,,16/01/2024
8788,Ahmed Raza,19/01/2024,Phone,Electronics, ,,,Pakistan,507.98,1,Ahmed Raza,,19/01/2024
8790,Ahmed Raza,09/01/2024,Keyboard,Electronics,,2,,Pakistan,507.98,2,Ahmed Raza,,09/01/2024
8791,Hina Khan,05/01/2024,Monitor,Electronics,,1,,Pakistan,507.98,1,Hina Khan,,05/01/2024
8792,Ahmed Raza,06/01/2024,Keyboard,Electronics, ,,,Pakistan,507.98,1,Ahmed Raza,,06/01/2024
8793,Sara Ahmed,24/01/2024,Table,Furniture,286.76,-1,,Pakistan,286.76,1,Sara Ahmed,,24/01/2024
8794,Usman Ali,26/01/2024,Headphones,Electronics, ,,,Pakistan,507.98,1,Usman Ali,,26/01/2024
8795,Ali Khan,18/01/2024,Laptop,Electronics, ,-1,,Pakistan,507.98,1,Ali Khan,,18/01/2024
8796,Sara Ahmed,03/01/2024,Chair,Furniture,436.55,,,Pakistan,436.55,1,Sara Ahmed,,03/01/2024
8800,Ahmed Raza,21/01/2024,Monitor,Electronics,61.69,,,Pakistan,61.69,1,Ahmed Raza,,21/01/2024
8802,Hina Khan,06/01/2024,Keyboard,Electronics,,4,,Pakistan,507.98,4,Hina Khan,,06/01/2024
8803,Bilal Ahmed,03/01/2024,Laptop,Electronics,586.64,2,1173.28,Pakistan,586.64,2,Bilal Ahmed,1173.28,03/01/2024
8804,Bilal Ahmed,04/01/2024,Monitor,Electronics,,-1,,Pakistan,507.98,1,Bilal Ahmed,,04/01/2024
8805,Ayesha Noor,30/01/2024,Mouse,Electronics,783.25,,,Pakistan,783.25,1,Ayesha Noor,,30/01/2024
8806,Sara Ahmed,13/01/2024,Phone,Electronics,,,,Pakistan,507.98,1,Sara Ahmed,,13/01/2024
8807,Bilal Ahmed,17/01/2024,Phone,Electronics,972.89,-1,,Pakistan,972.89,1,Bilal Ahmed,,17/01/2024
8808,Usman Ali,12/01/2024,Mouse,Electronics,839.53,1,839.53,Pakistan,839.53,1,Usman Ali,839.53,12/01/2024
8809,Bilal Ahmed,18/01/2024,Phone,Electronics,,-1,,Pakistan,507.98,1,Bilal Ahmed,,18/01/2024
8811,Bilal Ahmed,03/01/2024,Headphones,Electronics, ,-1,,Pakistan,507.98,1,Bilal Ahmed,,03/01/2024
8812,Usman Ali,07/01/2024,Laptop,Electronics, ,,,Pakistan,507.98,1,Usman Ali,,07/01/2024
8813,,11/01/2024,Mouse,Electronics, ,,,Pakistan,507.98,1,Unknown,,11/01/2024
8815,Ayesha Noor,18/01/2024,Monitor,Electronics, ,-1,,Pakistan,507.98,1,Ayesha Noor,,18/01/2024
8816,Hina Khan,27/01/2024,Laptop,Electronics,,,,Pakistan,507.98,1,Hina Khan,,27/01/2024
8817,Sara Ahmed,28/01/2024,Laptop,Electronics,,-1,,Pakistan,507.98,1,Sara Ahmed,,28/01/2024
8818,Sara Ahmed,16/01/2024,Keyboard,Electronics,934.31,-1,,Pakistan,934.31,1,Sara Ahmed,,16/01/2024
8819,,10/01/2024,Phone,Electronics,955.17,-1,,Pakistan,955.17,1,Unknown,,10/01/2024
8820,Hina Khan,16/01/2024,Table,Furniture,561.64,1,561.64,Pakistan,561.64,1,Hina Khan,561.64,16/01/2024
8823,Hina Khan,26/01/2024,Laptop,Electronics, ,-1,,Pakistan,507.98,1,Hina Khan,,26/01/2024
8824,Bilal Ahmed,30/01/2024,Monitor,Electronics, ,3,,Pakistan,507.98,3,Bilal Ahmed,,30/01/2024
8825,Ahmed Raza,30/01/2024,Table,Furniture,,-1,,Pakistan,507.98,1,Ahmed Raza,,30/01/2024
8828,Ahmed Raza,05/01/2024,Mouse,Electronics,768.96,,,Pakistan,768.96,1,Ahmed Raza,,05/01/2024
8829,Sara Ahmed,15/01/2024,Keyboard,Electronics, ,3,,Pakistan,507.98,3,Sara Ahmed,,15/01/2024
8830,Usman Ali,29/01/2024,Chair,Furniture, ,3,,Pakistan,507.98,3,Usman Ali,,29/01/2024
8831,Ali Khan,22/01/2024,Keyboard,Electronics,537.47,,,Pakistan,537.47,1,Ali Khan,,22/01/2024
8834,Usman Ali,02/01/2024,Headphones,Electronics, ,-1,,Pakistan,507.98,1,Usman Ali,,02/01/2024
8835,Bilal Ahmed,12/01/2024,Chair,Furniture,951.22,,,Pakistan,951.22,1,Bilal Ahmed,,12/01/2024
8836,Ali Khan,11/01/2024,Keyboard,Electronics,343.47,-1,,Pakistan,343.47,1,Ali Khan,,11/01/2024
8837,Ayesha Noor,13/01/2024,Laptop,Electronics, ,-1,,Pakistan,507.98,1,Ayesha Noor,,13/01/2024
8838,Ahmed Raza,23/01/2024,Mouse,Electronics,,4,,Pakistan,507.98,4,Ahmed Raza,,23/01/2024
8839,Ayesha Noor,30/01/2024,Mouse,Electronics,69.39,,,Pakistan,69.39,1,Ayesha Noor,,30/01/2024
8840,Ali Khan,05/01/2024,Keyboard,Electronics,444.55,,,Pakistan,444.55,1,Ali Khan,,05/01/2024
8841,Ali Khan,24/01/2024,Table,Furniture,180.18,,,Pakistan,180.18,1,Ali Khan,,24/01/2024
8842,Bilal Ahmed,27/01/2024,Monitor,Electronics, ,,,Pakistan,507.98,1,Bilal Ahmed,,27/01/2024
8843,Ali Khan,08/01/2024,Headphones,Electronics,,-1,,Pakistan,507.98,1,Ali Khan,,08/01/2024
8844,Ali Khan,25/01/2024,Table,Furniture,,1,,Pakistan,507.98,1,Ali Khan,,25/01/2024
8845,Hina Khan,29/01/2024,Mouse,Electronics,,-1,,Pakistan,507.98,1,Hina Khan,,29/01/2024
8846,Hina Khan,20/01/2024,Chair,Furniture,886.78,,,Pakistan,886.78,1,Hina Khan,,20/01/2024
8848,Bilal Ahmed,15/01/2024,Mouse,Electronics, ,-1,,Pakistan,507.98,1,Bilal Ahmed,,15/01/2024
8849,Ali Khan,13/01/2024,Monitor,Electronics,,-1,,Pakistan,507.98,1,Ali Khan,,13/01/2024
8850,Hina Khan,02/01/2024,Phone,Electronics,,-1,,Pakistan,507.98,1,Hina Khan,,02/01/2024
8852,,27/01/2024,Headphones,Electronics, ,,,Pakistan,507.98,1,Unknown,,27/01/2024
8853,Sara Ahmed,20/01/2024,Mouse,Electronics,362.80,1,362.8,Pakistan,362.80,1,Sara Ahmed,362.8,20/01/2024
8857,Ali Khan,18/01/2024,Table,Furniture,78.71,-1,,Pakistan,78.71,1,Ali Khan,,18/01/2024
8858,Ayesha Noor,02/01/2024,Keyboard,Electronics, ,-1,,Pakistan,507.98,1,Ayesha Noor,,02/01/2024
8859,Ahmed Raza,29/01/2024,Laptop,Electronics,,2,,Pakistan,507.98,2,Ahmed Raza,,29/01/2024
8860,Hina Khan,12/01/2024,Laptop,Electronics,,,,Pakistan,507.98,1,Hina Khan,,12/01/2024
8862,Usman Ali,29/01/2024,Mouse,Electronics,774.93,-1,,Pakistan,774.93,1,Usman Ali,,29/01/2024
8863,,05/01/2024,Monitor,Electronics,466.60,,,Pakistan,466.60,1,Unknown,,05/01/2024
8864,Ayesha Noor,16/01/2024,Chair,Furniture, ,,,Pakistan,507.98,1,Ayesha Noor,,16/01/2024
8868,Bilal Ahmed,29/01/2024,Monitor,Electronics,,-1,,Pakistan,507.98,1,Bilal Ahmed,,29/01/2024
8869,Ayesha Noor,14/01/2024,Table,Furniture, ,,,Pakistan,507.98,1,Ayesha Noor,,14/01/2024
8871,Hina Khan,19/01/2024,Chair,Furniture, ,4,,Pakistan,507.98,4,Hina Khan,,19/01/2024
8872,Ayesha Noor,22/01/2024,Monitor,Electronics,,-1,,Pakistan,507.98,1,Ayesha Noor,,22/01/2024
8873,Ahmed Raza,21/01/2024,Headphones,Electronics,,-1,,Pakistan,507.98,1,Ahmed Raza,,21/01/2024
8874,Usman Ali,04/01/2024,Headphones,Electronics, ,-1,,Pakistan,507.98,1,Usman Ali,,04/01/2024
8876,Bilal Ahmed,09/01/2024,Table,Furniture,47.05,1,47.05,Pakistan,47.05,1,Bilal Ahmed,47.05,09/01/2024
8877,Usman Ali,18/01/2024,Mouse,Electronics,164.66,2,329.32,Pakistan,164.66,2,Usman Ali,329.32,18/01/2024
8878,Ali Khan,21/01/2024,Keyboard,Electronics,727.32,-1,,Pakistan,727.32,1,Ali Khan,,21/01/2024
8879,Usman Ali,27/01/2024,Mouse,Electronics,45.35,-1,,Pakistan,45.35,1,Usman Ali,,27/01/2024
8880,Ayesha Noor,08/01/2024,Chair,Furniture,,-1,,Pakistan,507.98,1,Ayesha Noor,,08/01/2024
8881,,27/01/2024,Monitor,Electronics, ,,,Pakistan,507.98,1,Unknown,,27/01/2024
8882,,16/01/2024,Keyboard,Electronics,370.89,,,Pakistan,370.89,1,Unknown,,16/01/2024
8883,Ali Khan,26/01/2024,Phone,Electronics, ,,,Pakistan,507.98,1,Ali Khan,,26/01/2024
8884,Bilal Ahmed,16/01/2024,Chair,Furniture, ,,,Pakistan,507.98,1,Bilal Ahmed,,16/01/2024
8885,Sara Ahmed,14/01/2024,Table,Furniture,721.77,-1,,Pakistan,721.77,1,Sara Ahmed,,14/01/2024
8886,Ahmed Raza,23/01/2024,Headphones,Electronics,290.36,-1,,Pakistan,290.36,1,Ahmed Raza,,23/01/2024
8888,Hina Khan,10/01/2024,Headphones,Electronics,994.47,,,Pakistan,994.47,1,Hina Khan,,10/01/2024
8891,Ayesha Noor,27/01/2024,Phone,Electronics,,-1,,Pakistan,507.98,1,Ayesha Noor,,27/01/2024
8893,Ayesha Noor,06/01/2024,Chair,Furniture,598.31,,,Pakistan,598.31,1,Ayesha Noor,,06/01/2024
8894,,01/01/2024,Chair,Furniture,,-1,,Pakistan,507.98,1,Unknown,,01/01/2024
8895,Ali Khan,08/01/2024,Monitor,Electronics,,,,Pakistan,507.98,1,Ali Khan,,08/01/2024
8896,Ahmed Raza,21/01/2024,Table,Furniture,450.70,,,Pakistan,450.70,1,Ahmed Raza,,21/01/2024
8898,Bilal Ahmed,20/01/2024,Table,Furniture, ,,,Pakistan,507.98,1,Bilal Ahmed,,20/01/2024
8900,,28/01/2024,Table,Furniture, ,2,,Pakistan,507.98,2,Unknown,,28/01/2024
8902,Ali Khan,10/01/2024,Laptop,Electronics, ,-1,,Pakistan,507.98,1,Ali Khan,,10/01/2024
8904,Ahmed Raza,21/01/2024,Keyboard,Electronics, ,,,Pakistan,507.98,1,Ahmed Raza,,21/01/2024
8906,Ayesha Noor,22/01/2024,Laptop,Electronics,729.27,,,Pakistan,729.27,1,Ayesha Noor,,22/01/2024
8908,Bilal Ahmed,15/01/2024,Monitor,Electronics,995.54,,,Pakistan,995.54,1,Bilal Ahmed,,15/01/2024
8909,,06/01/2024,Mouse,Electronics,897.83,-1,,Pakistan,897.83,1,Unknown,,06/01/2024
8910,Ayesha Noor,09/01/2024,Mouse,Electronics,,2,,Pakistan,507.98,2,Ayesha Noor,,09/01/2024
8911,,05/01/2024,Keyboard,Electronics,569.13,,,Pakistan,569.13,1,Unknown,,05/01/2024
8912,,28/01/2024,Keyboard,Electronics,772.27,,,Pakistan,772.27,1,Unknown,,28/01/2024
8913,Bilal Ahmed,09/01/2024,Phone,Electronics,,-1,,Pakistan,507.98,1,Bilal Ahmed,,09/01/2024
8914,Hina Khan,03/01/2024,Table,Furniture,894.85,,,Pakistan,894.85,1,Hina Khan,,03/01/2024
8915,Ayesha Noor,11/01/2024,Table,Furniture,,-1,,Pakistan,507.98,1,Ayesha Noor,,11/01/2024
8916,Ahmed Raza,28/01/2024,Phone,Electronics,,4,,Pakistan,507.98,4,Ahmed Raza,,28/01/2024
8918,Sara Ahmed,08/01/2024,Headphones,Electronics, ,-1,,Pakistan,507.98,1,Sara Ahmed,,08/01/2024
8919,Ahmed Raza,30/01/2024,Monitor,Electronics,,-1,,Pakistan,507.98,1,Ahmed Raza,,30/01/2024
8921,Bilal Ahmed,30/01/2024,Phone,Electronics,948.10,-1,,Pakistan,948.10,1,Bilal Ahmed,,30/01/2024
8922,Ali Khan,25/01/2024,Phone,Electronics,,,,Pakistan,507.98,1,Ali Khan,,25/01/2024
8923,Sara Ahmed,01/01/2024,Headphones,Electronics,472.85,,,Pakistan,472.85,1,Sara Ahmed,,01/01/2024
8924,,22/01/2024,Headphones,Electronics,,-1,,Pakistan,507.98,1,Unknown,,22/01/2024
8925,Ahmed Raza,24/01/2024,Mouse,Electronics,447.54,-1,,Pakistan,447.54,1,Ahmed Raza,,24/01/2024
8926,Usman Ali,17/01/2024,Keyboard,Electronics,769.26,-1,,Pakistan,769.26,1,Usman Ali,,17/01/2024
8927,Ali Khan,16/01/2024,Phone,Electronics, ,,,Pakistan,507.98,1,Ali Khan,,16/01/2024
8928,Bilal Ahmed,14/01/2024,Headphones,Electronics, ,,,Pakistan,507.98,1,Bilal Ahmed,,14/01/2024
8929,Usman Ali,27/01/2024,Keyboard,Electronics, ,4,,Pakistan,507.98,4,Usman Ali,,27/01/2024
8931,Ahmed Raza,24/01/2024,Chair,Furniture, ,,,Pakistan,507.98,1,Ahmed Raza,,24/01/2024
8932,Hina Khan,17/01/2024,Monitor,Electronics,436.01,-1,,Pakistan,436.01,1,Hina Khan,,17/01/2024
8933,Ali Khan,22/01/2024,Phone,Electronics, ,,,Pakistan,507.98,1,Ali Khan,,22/01/2024
8934,Usman Ali,18/01/2024,Laptop,Electronics, ,-1,,Pakistan,507.98,1,Usman Ali,,18/01/2024
8935,Sara Ahmed,24/01/2024,Mouse,Electronics, ,,,Pakistan,507.98,1,Sara Ahmed,,24/01/2024
8936,,05/01/2024,Mouse,Electronics,540.60,,,Pakistan,540.60,1,Unknown,,05/01/2024
8937,Ahmed Raza,08/01/2024,Keyboard,Electronics,,,,Pakistan,507.98,1,Ahmed Raza,,08/01/2024
8938,Ahmed Raza,23/01/2024,Monitor,Electronics,852.98,1,852.98,Pakistan,852.98,1,Ahmed Raza,852.98,23/01/2024
8939,Ali Khan,29/01/2024,Keyboard,Electronics,,-1,,Pakistan,507.98,1,Ali Khan,,29/01/2024
8940,Ahmed Raza,15/01/2024,Laptop,Electronics, ,-1,,Pakistan,507.98,1,Ahmed Raza,,15/01/2024
8941,Ali Khan,23/01/2024,Monitor,Electronics,316.32,1,316.32,Pakistan,316.32,1,Ali Khan,316.32,23/01/2024
8942,Usman Ali,10/01/2024,Table,Furniture,,,,Pakistan,507.98,1,Usman Ali,,10/01/2024
8944,Sara Ahmed,14/01/2024,Mouse,Electronics,511.86,-1,,Pakistan,511.86,1,Sara Ahmed,,14/01/2024
8945,Ali Khan,09/01/2024,Monitor,Electronics,145.40,1,145.4,Pakistan,145.40,1,Ali Khan,145.4,09/01/2024
8947,Usman Ali,05/01/2024,Monitor,Electronics, ,,,Pakistan,507.98,1,Usman Ali,,05/01/2024
8948,,30/01/2024,Laptop,Electronics, ,-1,,Pakistan,507.98,1,Unknown,,30/01/2024
8950,,27/01/2024,Mouse,Electronics,,-1,,Pakistan,507.98,1,Unknown,,27/01/2024
8951,Ayesha Noor,13/01/2024,Laptop,Electronics,,,,Pakistan,507.98,1,Ayesha Noor,,13/01/2024
8952,Ali Khan,29/01/2024,Laptop,Electronics,,,,Pakistan,507.98,1,Ali Khan,,29/01/2024
8953,Usman Ali,06/01/2024,Headphones,Electronics,857.73,3,2573.19,Pakistan,857.73,3,Usman Ali,2573.19,06/01/2024
8954,Ali Khan,03/01/2024,Mouse,Electronics,,,,Pakistan,507.98,1,Ali Khan,,03/01/2024
8955,Ali Khan,19/01/2024,Keyboard,Electronics, ,1,,Pakistan,507.98,1,Ali Khan,,19/01/2024
8956,Hina Khan,19/01/2024,Laptop,Electronics,,-1,,Pakistan,507.98,1,Hina Khan,,19/01/2024
8957,Sara Ahmed,13/01/2024,Headphones,Electronics,814.38,,,Pakistan,814.38,1,Sara Ahmed,,13/01/2024
8958,Ali Khan,25/01/2024,Monitor,Electronics,,1,,Pakistan,507.98,1,Ali Khan,,25/01/2024
8959,Sara Ahmed,21/01/2024,Monitor,Electronics, ,2,,Pakistan,507.98,2,Sara Ahmed,,21/01/2024
8960,Ali Khan,06/01/2024,Headphones,Electronics,,,,Pakistan,507.98,1,Ali Khan,,06/01/2024
8961,Sara Ahmed,11/01/2024,Phone,Electronics,813.20,-1,,Pakistan,813.20,1,Sara Ahmed,,11/01/2024
8962,Sara Ahmed,25/01/2024,Table,Furniture,,,,Pakistan,507.98,1,Sara Ahmed,,25/01/2024
8964,Ahmed Raza,29/01/2024,Monitor,Electronics, ,,,Pakistan,507.98,1,Ahmed Raza,,29/01/2024
8965,Sara Ahmed,30/01/2024,Table,Furniture,,,,Pakistan,507.98,1,Sara Ahmed,,30/01/2024
8966,Ahmed Raza,25/01/2024,Monitor,Electronics,,4,,Pakistan,507.98,4,Ahmed Raza,,25/01/2024
8967,Ahmed Raza,12/01/2024,Chair,Furniture, ,2,,Pakistan,507.98,2,Ahmed Raza,,12/01/2024
8968,Bilal Ahmed,22/01/2024,Laptop,Electronics,,-1,,Pakistan,507.98,1,Bilal Ahmed,,22/01/2024
8969,Sara Ahmed,11/01/2024,Mouse,Electronics, ,-1,,Pakistan,507.98,1,Sara Ahmed,,11/01/2024
8970,Usman Ali,21/01/2024,Keyboard,Electronics,685.80,3,2057.4,Pakistan,685.80,3,Usman Ali,2057.4,21/01/2024
8971,Sara Ahmed,16/01/2024,Monitor,Electronics,999.46,,,Pakistan,999.46,1,Sara Ahmed,,16/01/2024
8972,Ahmed Raza,15/01/2024,Keyboard,Electronics,,3,,Pakistan,507.98,3,Ahmed Raza,,15/01/2024
8973,Ali Khan,26/01/2024,Phone,Electronics, ,-1,,Pakistan,507.98,1,Ali Khan,,26/01/2024
8974,Sara Ahmed,21/01/2024,Table,Furniture, ,-1,,Pakistan,507.98,1,Sara Ahmed,,21/01/2024
8976,Usman Ali,27/01/2024,Keyboard,Electronics, ,-1,,Pakistan,507.98,1,Usman Ali,,27/01/2024
8978,Ali Khan,14/01/2024,Table,Furniture, ,-1,,Pakistan,507.98,1,Ali Khan,,14/01/2024
8979,Ali Khan,17/01/2024,Keyboard,Electronics,841.27,,,Pakistan,841.27,1,Ali Khan,,17/01/2024
8981,Ali Khan,23/01/2024,Headphones,Electronics,279.74,1,279.74,Pakistan,279.74,1,Ali Khan,279.74,23/01/2024
8984,Usman Ali,10/01/2024,Phone,Electronics, ,2,,Pakistan,507.98,2,Usman Ali,,10/01/2024
8986,,04/01/2024,Keyboard,Electronics,452.89,,,Pakistan,452.89,1,Unknown,,04/01/2024
8991,Ayesha Noor,02/01/2024,Monitor,Electronics,,1,,Pakistan,507.98,1,Ayesha Noor,,02/01/2024
8992,Hina Khan,13/01/2024,Chair,Furniture,649.05,-1,,Pakistan,649.05,1,Hina Khan,,13/01/2024
8996,Sara Ahmed,01/01/2024,Monitor,Electronics,,,,Pakistan,507.98,1,Sara Ahmed,,01/01/2024
8997,Usman Ali,13/01/2024,Keyboard,Electronics,419.18,,,Pakistan,419.18,1,Usman Ali,,13/01/2024
8998,,17/01/2024,Mouse,Electronics, ,1,,Pakistan,507.98,1,Unknown,,17/01/2024
8999,Ahmed Raza,05/01/2024,Table,Furniture,,4,,Pakistan,507.98,4,Ahmed Raza,,05/01/2024
9000,Sara Ahmed,27/01/2024,Chair,Furniture,,-1,,Pakistan,507.98,1,Sara Ahmed,,27/01/2024
9001,Usman Ali,20/01/2024,Keyboard,Electronics, ,4,,Pakistan,507.98,4,Usman Ali,,20/01/2024
9002,Bilal Ahmed,18/01/2024,Headphones,Electronics, ,1,,Pakistan,507.98,1,Bilal Ahmed,,18/01/2024
9003,Ali Khan,14/01/2024,Chair,Furniture,649.38,1,649.38,Pakistan,649.38,1,Ali Khan,649.38,14/01/2024
9005,Usman Ali,03/01/2024,Chair,Furniture, ,3,,Pakistan,507.98,3,Usman Ali,,03/01/2024
9008,Usman Ali,30/01/2024,Mouse,Electronics,,,,Pakistan,507.98,1,Usman Ali,,30/01/2024
9009,,10/01/2024,Table,Furniture, ,,,Pakistan,507.98,1,Unknown,,10/01/2024
9010,Usman Ali,15/01/2024,Laptop,Electronics,496.99,,,Pakistan,496.99,1,Usman Ali,,15/01/2024
9011,Bilal Ahmed,11/01/2024,Headphones,Electronics, ,-1,,Pakistan,507.98,1,Bilal Ahmed,,11/01/2024
9012,Ali Khan,28/01/2024,Mouse,Electronics,,,,Pakistan,507.98,1,Ali Khan,,28/01/2024
9013,Hina Khan,11/01/2024,Mouse,Electronics,886.88,-1,,Pakistan,886.88,1,Hina Khan,,11/01/2024
9014,Sara Ahmed,28/01/2024,Phone,Electronics, ,-1,,Pakistan,507.98,1,Sara Ahmed,,28/01/2024
9016,Ahmed Raza,17/01/2024,Laptop,Electronics, ,2,,Pakistan,507.98,2,Ahmed Raza,,17/01/2024
9017,Ahmed Raza,25/01/2024,Mouse,Electronics,,,,Pakistan,507.98,1,Ahmed Raza,,25/01/2024
9019,,01/01/2024,Laptop,Electronics,355.67,-1,,Pakistan,355.67,1,Unknown,,01/01/2024
9020,Ayesha Noor,06/01/2024,Headphones,Electronics, ,,,Pakistan,507.98,1,Ayesha Noor,,06/01/2024
9021,Ayesha Noor,08/01/2024,Chair,Furniture, ,,,Pakistan,507.98,1,Ayesha Noor,,08/01/2024
9023,Bilal Ahmed,24/01/2024,Keyboard,Electronics,,,,Pakistan,507.98,1,Bilal Ahmed,,24/01/2024
9025,Ayesha Noor,14/01/2024,Mouse,Electronics,743.57,,,Pakistan,743.57,1,Ayesha Noor,,14/01/2024
9026,Sara Ahmed,24/01/2024,Mouse,Electronics,,2,,Pakistan,507.98,2,Sara Ahmed,,24/01/2024
9027,Hina Khan,15/01/2024,Headphones,Electronics, ,-1,,Pakistan,507.98,1,Hina Khan,,15/01/2024
9028,,05/01/2024,Mouse,Electronics,,,,Pakistan,507.98,1,Unknown,,05/01/2024
9029,Hina Khan,16/01/2024,Chair,Furniture, ,-1,,Pakistan,507.98,1,Hina Khan,,16/01/2024
9030,,26/01/2024,Monitor,Electronics, ,3,,Pakistan,507.98,3,Unknown,,26/01/2024
9031,Ali Khan,24/01/2024,Mouse,Electronics,829.56,-1,,Pakistan,829.56,1,Ali Khan,,24/01/2024
9032,Hina Khan,09/01/2024,Table,Furniture,,,,Pakistan,507.98,1,Hina Khan,,09/01/2024
9033,Bilal Ahmed,30/01/2024,Headphones,Electronics, ,,,Pakistan,507.98,1,Bilal Ahmed,,30/01/2024
9034,Ahmed Raza,05/01/2024,Monitor,Electronics,,-1,,Pakistan,507.98,1,Ahmed Raza,,05/01/2024
9037,Bilal Ahmed,25/01/2024,Table,Furniture,,4,,Pakistan,507.98,4,Bilal Ahmed,,25/01/2024
9038,Hina Khan,29/01/2024,Headphones,Electronics,161.48,-1,,Pakistan,161.48,1,Hina Khan,,29/01/2024
9040,Ali Khan,06/01/2024,Laptop,Electronics, ,-1,,Pakistan,507.98,1,Ali Khan,,06/01/2024
9041,Hina Khan,17/01/2024,Mouse,Electronics,,,,Pakistan,507.98,1,Hina Khan,,17/01/2024
9042,Usman Ali,12/01/2024,Phone,Electronics,526.34,,,Pakistan,526.34,1,Usman Ali,,12/01/2024
9045,Bilal Ahmed,29/01/2024,Headphones,Electronics,,,,Pakistan,507.98,1,Bilal Ahmed,,29/01/2024
9046,Hina Khan,26/01/2024,Phone,Electronics, ,-1,,Pakistan,507.98,1,Hina Khan,,26/01/2024
9048,Ayesha Noor,16/01/2024,Laptop,Electronics,,1,,Pakistan,507.98,1,Ayesha Noor,,16/01/2024
9050,Usman Ali,04/01/2024,Monitor,Electronics,255.29,2,510.58,Pakistan,255.29,2,Usman Ali,510.58,04/01/2024
9051,Hina Khan,25/01/2024,Monitor,Electronics,395.76,1,395.76,Pakistan,395.76,1,Hina Khan,395.76,25/01/2024
9053,Bilal Ahmed,22/01/2024,Phone,Electronics, ,,,Pakistan,507.98,1,Bilal Ahmed,,22/01/2024
9055,Ayesha Noor,27/01/2024,Phone,Electronics,,1,,Pakistan,507.98,1,Ayesha Noor,,27/01/2024
9056,Ali Khan,28/01/2024,Mouse,Electronics,,,,Pakistan,507.98,1,Ali Khan,,28/01/2024
9057,,28/01/2024,Chair,Furniture,,-1,,Pakistan,507.98,1,Unknown,,28/01/2024
9058,,29/01/2024,Chair,Furniture, ,-1,,Pakistan,507.98,1,Unknown,,29/01/2024
9061,Sara Ahmed,05/01/2024,Laptop,Electronics,782.91,4,3131.64,Pakistan,782.91,4,Sara Ahmed,3131.64,05/01/2024
9062,Hina Khan,23/01/2024,Table,Furniture, ,4,,Pakistan,507.98,4,Hina Khan,,23/01/2024
9064,,11/01/2024,Laptop,Electronics, ,2,,Pakistan,507.98,2,Unknown,,11/01/2024
9065,Sara Ahmed,14/01/2024,Table,Furniture,,-1,,Pakistan,507.98,1,Sara Ahmed,,14/01/2024
9068,Usman Ali,05/01/2024,Monitor,Electronics, ,1,,Pakistan,507.98,1,Usman Ali,,05/01/2024
9069,Ayesha Noor,26/01/2024,Laptop,Electronics,546.13,4,2184.52,Pakistan,546.13,4,Ayesha Noor,2184.52,26/01/2024
9070,Ali Khan,16/01/2024,Headphones,Electronics, ,,,Pakistan,507.98,1,Ali Khan,,16/01/2024
9071,Sara Ahmed,15/01/2024,Chair,Furniture,,-1,,Pakistan,507.98,1,Sara Ahmed,,15/01/2024
9072,,24/01/2024,Phone,Electronics,,2,,Pakistan,507.98,2,Unknown,,24/01/2024
9073,Ayesha Noor,26/01/2024,Laptop,Electronics,,-1,,Pakistan,507.98,1,Ayesha Noor,,26/01/2024
9074,Usman Ali,28/01/2024,Laptop,Electronics,,-1,,Pakistan,507.98,1,Usman Ali,,28/01/2024
9075,Hina Khan,02/01/2024,Table,Furniture, ,1,,Pakistan,507.98,1,Hina Khan,,02/01/2024
9076,Ali Khan,18/01/2024,Phone,Electronics,,,,Pakistan,507.98,1,Ali Khan,,18/01/2024
9077,,12/01/2024,Headphones,Electronics,,2,,Pakistan,507.98,2,Unknown,,12/01/2024
9079,Ali Khan,02/01/2024,Chair,Furniture,217.92,,,Pakistan,217.92,1,Ali Khan,,02/01/2024
9081,Bilal Ahmed,29/01/2024,Chair,Furniture,,-1,,Pakistan,507.98,1,Bilal Ahmed,,29/01/2024
9082,Ayesha Noor,21/01/2024,Monitor,Electronics,546.81,,,Pakistan,546.81,1,Ayesha Noor,,21/01/2024
9083,Usman Ali,28/01/2024,Phone,Electronics,,-1,,Pakistan,507.98,1,Usman Ali,,28/01/2024
9084,Ayesha Noor,21/01/2024,Phone,Electronics, ,3,,Pakistan,507.98,3,Ayesha Noor,,21/01/2024
9086,Hina Khan,09/01/2024,Chair,Furniture,,,,Pakistan,507.98,1,Hina Khan,,09/01/2024
9087,Ayesha Noor,24/01/2024,Phone,Electronics, ,4,,Pakistan,507.98,4,Ayesha Noor,,24/01/2024
9088,Ahmed Raza,08/01/2024,Laptop,Electronics,,-1,,Pakistan,507.98,1,Ahmed Raza,,08/01/2024
9089,Ali Khan,25/01/2024,Monitor,Electronics,604.05,,,Pakistan,604.05,1,Ali Khan,,25/01/2024
9092,Ali Khan,23/01/2024,Chair,Furniture, ,4,,Pakistan,507.98,4,Ali Khan,,23/01/2024
9093,Ali Khan,10/01/2024,Monitor,Electronics,,,,Pakistan,507.98,1,Ali Khan,,10/01/2024
9095,Ayesha Noor,25/01/2024,Keyboard,Electronics,,2,,Pakistan,507.98,2,Ayesha Noor,,25/01/2024
9096,Ayesha Noor,21/01/2024,Keyboard,Electronics,,,,Pakistan,507.98,1,Ayesha Noor,,21/01/2024
9098,Sara Ahmed,23/01/2024,Phone,Electronics,644.71,3,1934.13,Pakistan,644.71,3,Sara Ahmed,1934.13,23/01/2024
9102,Sara Ahmed,15/01/2024,Headphones,Electronics,,1,,Pakistan,507.98,1,Sara Ahmed,,15/01/2024
9103,,03/01/2024,Headphones,Electronics,,,,Pakistan,507.98,1,Unknown,,03/01/2024
9106,Ali Khan,26/01/2024,Monitor,Electronics, ,,,Pakistan,507.98,1,Ali Khan,,26/01/2024
9107,Ahmed Raza,17/01/2024,Phone,Electronics,937.65,3,2812.95,Pakistan,937.65,3,Ahmed Raza,2812.95,17/01/2024
9109,Sara Ahmed,02/01/2024,Laptop,Electronics,989.50,1,989.5,Pakistan,989.50,1,Sara Ahmed,989.5,02/01/2024
9110,Hina Khan,07/01/2024,Chair,Furniture, ,,,Pakistan,507.98,1,Hina Khan,,07/01/2024
9112,Hina Khan,29/01/2024,Headphones,Electronics, ,-1,,Pakistan,507.98,1,Hina Khan,,29/01/2024
9113,Bilal Ahmed,13/01/2024,Table,Furniture,777.99,2,1555.98,Pakistan,777.99,2,Bilal Ahmed,1555.98,13/01/2024
9114,,12/01/2024,Laptop,Electronics,,-1,,Pakistan,507.98,1,Unknown,,12/01/2024
9115,Usman Ali,14/01/2024,Laptop,Electronics,,-1,,Pakistan,507.98,1,Usman Ali,,14/01/2024
9117,Sara Ahmed,28/01/2024,Keyboard,Electronics,,-1,,Pakistan,507.98,1,Sara Ahmed,,28/01/2024
9118,Bilal Ahmed,16/01/2024,Keyboard,Electronics,,,,Pakistan,507.98,1,Bilal Ahmed,,16/01/2024
9119,Ayesha Noor,28/01/2024,Keyboard,Electronics,206.13,-1,,Pakistan,206.13,1,Ayesha Noor,,28/01/2024
9121,Bilal Ahmed,05/01/2024,Headphones,Electronics,537.99,,,Pakistan,537.99,1,Bilal Ahmed,,05/01/2024
9123,Hina Khan,15/01/2024,Chair,Furniture, ,3,,Pakistan,507.98,3,Hina Khan,,15/01/2024
9124,Sara Ahmed,09/01/2024,Chair,Furniture,,,,Pakistan,507.98,1,Sara Ahmed,,09/01/2024
9125,Ali Khan,21/01/2024,Phone,Electronics,,4,,Pakistan,507.98,4,Ali Khan,,21/01/2024
9127,,18/01/2024,Chair,Furniture,44.75,-1,,Pakistan,44.75,1,Unknown,,18/01/2024
9128,Ahmed Raza,19/01/2024,Chair,Furniture, ,,,Pakistan,507.98,1,Ahmed Raza,,19/01/2024
9129,Usman Ali,26/01/2024,Chair,Furniture,,,,Pakistan,507.98,1,Usman Ali,,26/01/2024
9130,Bilal Ahmed,08/01/2024,Monitor,Electronics,391.91,4,1567.64,Pakistan,391.91,4,Bilal Ahmed,1567.64,08/01/2024
9131,Ahmed Raza,12/01/2024,Laptop,Electronics, ,-1,,Pakistan,507.98,1,Ahmed Raza,,12/01/2024
9132,Ayesha Noor,12/01/2024,Headphones,Electronics,,,,Pakistan,507.98,1,Ayesha Noor,,12/01/2024
9133,Sara Ahmed,09/01/2024,Phone,Electronics,,1,,Pakistan,507.98,1,Sara Ahmed,,09/01/2024
9134,Ahmed Raza,01/01/2024,Headphones,Electronics, ,-1,,Pakistan,507.98,1,Ahmed Raza,,01/01/2024
9135,Ali Khan,04/01/2024,Mouse,Electronics,223.95,2,447.9,Pakistan,223.95,2,Ali Khan,447.9,04/01/2024
9136,Hina Khan,27/01/2024,Keyboard,Electronics,,,,Pakistan,507.98,1,Hina Khan,,27/01/2024
9137,Ahmed Raza,26/01/2024,Chair,Furniture,,3,,Pakistan,507.98,3,Ahmed Raza,,26/01/2024
9139,Ayesha Noor,05/01/2024,Table,Furniture, ,2,,Pakistan,507.98,2,Ayesha Noor,,05/01/2024
9140,Ahmed Raza,16/01/2024,Monitor,Electronics,,4,,Pakistan,507.98,4,Ahmed Raza,,16/01/2024
9141,Ahmed Raza,18/01/2024,Laptop,Electronics,,4,,Pakistan,507.98,4,Ahmed Raza,,18/01/2024
9143,Sara Ahmed,23/01/2024,Keyboard,Electronics,321.35,4,1285.4,Pakistan,321.35,4,Sara Ahmed,1285.4,23/01/2024
9145,Ali Khan,18/01/2024,Table,Furniture, ,2,,Pakistan,507.98,2,Ali Khan,,18/01/2024
9146,Sara Ahmed,24/01/2024,Headphones,Electronics,,,,Pakistan,507.98,1,Sara Ahmed,,24/01/2024
9148,Ahmed Raza,18/01/2024,Monitor,Electronics,631.68,-1,,Pakistan,631.68,1,Ahmed Raza,,18/01/2024
9149,Usman Ali,08/01/2024,Phone,Electronics, ,,,Pakistan,507.98,1,Usman Ali,,08/01/2024
9150,,10/01/2024,Phone,Electronics,,2,,Pakistan,507.98,2,Unknown,,10/01/2024
9151,Ahmed Raza,10/01/2024,Keyboard,Electronics, ,,,Pakistan,507.98,1,Ahmed Raza,,10/01/2024
9153,Ali Khan,18/01/2024,Monitor,Electronics,337.14,-1,,Pakistan,337.14,1,Ali Khan,,18/01/2024
9155,Sara Ahmed,08/01/2024,Keyboard,Electronics,,4,,Pakistan,507.98,4,Sara Ahmed,,08/01/2024
9158,Ali Khan,25/01/2024,Phone,Electronics,,-1,,Pakistan,507.98,1,Ali Khan,,25/01/2024
9159,Ayesha Noor,01/01/2024,Chair,Furniture,,-1,,Pakistan,507.98,1,Ayesha Noor,,01/01/2024
9161,Bilal Ahmed,22/01/2024,Chair,Furniture,745.48,,,Pakistan,745.48,1,Bilal Ahmed,,22/01/2024
9162,,13/01/2024,Chair,Furniture, ,-1,,Pakistan,507.98,1,Unknown,,13/01/2024
9163,Ayesha Noor,13/01/2024,Monitor,Electronics, ,,,Pakistan,507.98,1,Ayesha Noor,,13/01/2024
9164,Ali Khan,22/01/2024,Keyboard,Electronics,775.54,-1,,Pakistan,775.54,1,Ali Khan,,22/01/2024
9168,Ahmed Raza,10/01/2024,Mouse,Electronics,187.52,,,Pakistan,187.52,1,Ahmed Raza,,10/01/2024
9170,Sara Ahmed,12/01/2024,Chair,Furniture, ,,,Pakistan,507.98,1,Sara Ahmed,,12/01/2024
9171,Bilal Ahmed,03/01/2024,Chair,Furniture,,,,Pakistan,507.98,1,Bilal Ahmed,,03/01/2024
9172,Ahmed Raza,06/01/2024,Chair,Furniture, ,,,Pakistan,507.98,1,Ahmed Raza,,06/01/2024
9174,Hina Khan,25/01/2024,Mouse,Electronics, ,-1,,Pakistan,507.98,1,Hina Khan,,25/01/2024
9175,Ali Khan,24/01/2024,Laptop,Electronics,,3,,Pakistan,507.98,3,Ali Khan,,24/01/2024
9176,Usman Ali,09/01/2024,Laptop,Electronics, ,,,Pakistan,507.98,1,Usman Ali,,09/01/2024
9177,Bilal Ahmed,01/01/2024,Chair,Furniture,,-1,,Pakistan,507.98,1,Bilal Ahmed,,01/01/2024
9178,Ali Khan,26/01/2024,Laptop,Electronics, ,3,,Pakistan,507.98,3,Ali Khan,,26/01/2024
9179,Usman Ali,12/01/2024,Monitor,Electronics,,,,Pakistan,507.98,1,Usman Ali,,12/01/2024
9180,Hina Khan,13/01/2024,Chair,Furniture,,-1,,Pakistan,507.98,1,Hina Khan,,13/01/2024
9181,Ayesha Noor,05/01/2024,Laptop,Electronics,,-1,,Pakistan,507.98,1,Ayesha Noor,,05/01/2024
9182,Usman Ali,11/01/2024,Keyboard,Electronics,,3,,Pakistan,507.98,3,Usman Ali,,11/01/2024
9183,Usman Ali,16/01/2024,Laptop,Electronics, ,-1,,Pakistan,507.98,1,Usman Ali,,16/01/2024
9184,Hina Khan,24/01/2024,Laptop,Electronics,,,,Pakistan,507.98,1,Hina Khan,,24/01/2024
9185,Ahmed Raza,14/01/2024,Table,Furniture, ,,,Pakistan,507.98,1,Ahmed Raza,,14/01/2024
9186,Usman Ali,12/01/2024,Monitor,Electronics,191.88,,,Pakistan,191.88,1,Usman Ali,,12/01/2024
9187,Ali Khan,21/01/2024,Phone,Electronics,,3,,Pakistan,507.98,3,Ali Khan,,21/01/2024
9188,Bilal Ahmed,08/01/2024,Laptop,Electronics, ,,,Pakistan,507.98,1,Bilal Ahmed,,08/01/2024
9189,Ayesha Noor,16/01/2024,Keyboard,Electronics,245.40,3,736.2,Pakistan,245.40,3,Ayesha Noor,736.2,16/01/2024
9191,Ali Khan,06/01/2024,Keyboard,Electronics, ,-1,,Pakistan,507.98,1,Ali Khan,,06/01/2024
9192,Ali Khan,14/01/2024,Keyboard,Electronics,,2,,Pakistan,507.98,2,Ali Khan,,14/01/2024
9193,Usman Ali,03/01/2024,Monitor,Electronics,871.43,-1,,Pakistan,871.43,1,Usman Ali,,03/01/2024
9195,Ahmed Raza,27/01/2024,Mouse,Electronics, ,,,Pakistan,507.98,1,Ahmed Raza,,27/01/2024
9196,Ayesha Noor,06/01/2024,Chair,Furniture, ,4,,Pakistan,507.98,4,Ayesha Noor,,06/01/2024
9197,,03/01/2024,Monitor,Electronics,856.35,,,Pakistan,856.35,1,Unknown,,03/01/2024
9198,Ali Khan,30/01/2024,Table,Furniture,448.08,2,896.16,Pakistan,448.08,2,Ali Khan,896.16,30/01/2024
9199,Ali Khan,07/01/2024,Monitor,Electronics,954.40,,,Pakistan,954.40,1,Ali Khan,,07/01/2024
9200,Bilal Ahmed,22/01/2024,Table,Furniture, ,4,,Pakistan,507.98,4,Bilal Ahmed,,22/01/2024
9201,Usman Ali,16/01/2024,Mouse,Electronics, ,,,Pakistan,507.98,1,Usman Ali,,16/01/2024
9202,,10/01/2024,Monitor,Electronics, ,,,Pakistan,507.98,1,Unknown,,10/01/2024
9204,Hina Khan,02/01/2024,Mouse,Electronics,806.22,1,806.22,Pakistan,806.22,1,Hina Khan,806.22,02/01/2024
9205,Usman Ali,19/01/2024,Keyboard,Electronics, ,,,Pakistan,507.98,1,Usman Ali,,19/01/2024
9207,Hina Khan,19/01/2024,Table,Furniture,897.48,2,1794.96,Pakistan,897.48,2,Hina Khan,1794.96,19/01/2024
9212,Bilal Ahmed,11/01/2024,Mouse,Electronics,,-1,,Pakistan,507.98,1,Bilal Ahmed,,11/01/2024
9213,Hina Khan,04/01/2024,Mouse,Electronics, ,-1,,Pakistan,507.98,1,Hina Khan,,04/01/2024
9215,Sara Ahmed,20/01/2024,Chair,Furniture,,,,Pakistan,507.98,1,Sara Ahmed,,20/01/2024
9216,Bilal Ahmed,27/01/2024,Table,Furniture,,,,Pakistan,507.98,1,Bilal Ahmed,,27/01/2024
9217,Ahmed Raza,10/01/2024,Laptop,Electronics,379.29,,,Pakistan,379.29,1,Ahmed Raza,,10/01/2024
9219,Usman Ali,27/01/2024,Chair,Furniture,,-1,,Pakistan,507.98,1,Usman Ali,,27/01/2024
9221,Ahmed Raza,21/01/2024,Chair,Furniture,,-1,,Pakistan,507.98,1,Ahmed Raza,,21/01/2024
9222,Ahmed Raza,30/01/2024,Phone,Electronics,766.51,-1,,Pakistan,766.51,1,Ahmed Raza,,30/01/2024
9223,Bilal Ahmed,29/01/2024,Headphones,Electronics, ,1,,Pakistan,507.98,1,Bilal Ahmed,,29/01/2024
9224,Hina Khan,20/01/2024,Monitor,Electronics,,4,,Pakistan,507.98,4,Hina Khan,,20/01/2024
9225,Bilal Ahmed,09/01/2024,Mouse,Electronics,,-1,,Pakistan,507.98,1,Bilal Ahmed,,09/01/2024
9226,Ayesha Noor,24/01/2024,Chair,Furniture,249.48,,,Pakistan,249.48,1,Ayesha Noor,,24/01/2024
9227,Sara Ahmed,02/01/2024,Headphones,Electronics, ,-1,,Pakistan,507.98,1,Sara Ahmed,,02/01/2024
9229,Sara Ahmed,23/01/2024,Laptop,Electronics,448.86,-1,,Pakistan,448.86,1,Sara Ahmed,,23/01/2024
9230,Ali Khan,08/01/2024,Monitor,Electronics,,,,Pakistan,507.98,1,Ali Khan,,08/01/2024
9232,Usman Ali,12/01/2024,Laptop,Electronics, ,,,Pakistan,507.98,1,Usman Ali,,12/01/2024
9234,,17/01/2024,Mouse,Electronics,803.41,,,Pakistan,803.41,1,Unknown,,17/01/2024
9235,Ayesha Noor,04/01/2024,Laptop,Electronics, ,-1,,Pakistan,507.98,1,Ayesha Noor,,04/01/2024
9237,,06/01/2024,Keyboard,Electronics,651.12,1,651.12,Pakistan,651.12,1,Unknown,651.12,06/01/2024
9238,Sara Ahmed,26/01/2024,Mouse,Electronics,,2,,Pakistan,507.98,2,Sara Ahmed,,26/01/2024
9239,,30/01/2024,Headphones,Electronics,,-1,,Pakistan,507.98,1,Unknown,,30/01/2024
9240,Hina Khan,30/01/2024,Headphones,Electronics, ,,,Pakistan,507.98,1,Hina Khan,,30/01/2024
9241,,01/01/2024,Chair,Furniture,,3,,Pakistan,507.98,3,Unknown,,01/01/2024
9242,Usman Ali,03/01/2024,Monitor,Electronics,613.75,-1,,Pakistan,613.75,1,Usman Ali,,03/01/2024
9244,Ayesha Noor,17/01/2024,Keyboard,Electronics,,-1,,Pakistan,507.98,1,Ayesha Noor,,17/01/2024
9245,Bilal Ahmed,18/01/2024,Table,Furniture, ,,,Pakistan,507.98,1,Bilal Ahmed,,18/01/2024
9246,Sara Ahmed,18/01/2024,Monitor,Electronics,198.71,-1,,Pakistan,198.71,1,Sara Ahmed,,18/01/2024
9249,Usman Ali,02/01/2024,Keyboard,Electronics,343.47,,,Pakistan,343.47,1,Usman Ali,,02/01/2024
9250,Ali Khan,08/01/2024,Chair,Furniture,,3,,Pakistan,507.98,3,Ali Khan,,08/01/2024
9251,Hina Khan,22/01/2024,Mouse,Electronics,,,,Pakistan,507.98,1,Hina Khan,,22/01/2024
9252,Hina Khan,02/01/2024,Laptop,Electronics,,-1,,Pakistan,507.98,1,Hina Khan,,02/01/2024
9253,Hina Khan,06/01/2024,Table,Furniture,,-1,,Pakistan,507.98,1,Hina Khan,,06/01/2024
9254,Usman Ali,14/01/2024,Laptop,Electronics,516.26,2,1032.52,Pakistan,516.26,2,Usman Ali,1032.52,14/01/2024
9255,Sara Ahmed,27/01/2024,Chair,Furniture,,-1,,Pakistan,507.98,1,Sara Ahmed,,27/01/2024
9256,Sara Ahmed,02/01/2024,Monitor,Electronics, ,,,Pakistan,507.98,1,Sara Ahmed,,02/01/2024
9258,,14/01/2024,Phone,Electronics, ,-1,,Pakistan,507.98,1,Unknown,,14/01/2024
9259,Ayesha Noor,18/01/2024,Mouse,Electronics, ,-1,,Pakistan,507.98,1,Ayesha Noor,,18/01/2024
9260,Sara Ahmed,29/01/2024,Laptop,Electronics,131.67,,,Pakistan,131.67,1,Sara Ahmed,,29/01/2024
9261,Ayesha Noor,27/01/2024,Mouse,Electronics,,4,,Pakistan,507.98,4,Ayesha Noor,,27/01/2024
9262,Hina Khan,14/01/2024,Headphones,Electronics,728.44,3,2185.32,Pakistan,728.44,3,Hina Khan,2185.32,14/01/2024
9264,Ahmed Raza,13/01/2024,Phone,Electronics,71.77,-1,,Pakistan,71.77,1,Ahmed Raza,,13/01/2024
9265,Ayesha Noor,12/01/2024,Mouse,Electronics,950.73,,,Pakistan,950.73,1,Ayesha Noor,,12/01/2024
9266,Ayesha Noor,15/01/2024,Phone,Electronics,,3,,Pakistan,507.98,3,Ayesha Noor,,15/01/2024
9267,,11/01/2024,Headphones,Electronics,,1,,Pakistan,507.98,1,Unknown,,11/01/2024
9268,,12/01/2024,Phone,Electronics,,1,,Pakistan,507.98,1,Unknown,,12/01/2024
9269,Hina Khan,15/01/2024,Chair,Furniture,965.94,,,Pakistan,965.94,1,Hina Khan,,15/01/2024
9270,Ahmed Raza,27/01/2024,Laptop,Electronics,,-1,,Pakistan,507.98,1,Ahmed Raza,,27/01/2024
9271,Hina Khan,12/01/2024,Chair,Furniture, ,1,,Pakistan,507.98,1,Hina Khan,,12/01/2024
9272,Hina Khan,06/01/2024,Chair,Furniture, ,-1,,Pakistan,507.98,1,Hina Khan,,06/01/2024
9273,Ahmed Raza,07/01/2024,Mouse,Electronics, ,-1,,Pakistan,507.98,1,Ahmed Raza,,07/01/2024
9275,,21/01/2024,Chair,Furniture,342.96,2,685.92,Pakistan,342.96,2,Unknown,685.92,21/01/2024
9276,Ali Khan,20/01/2024,Laptop,Electronics, ,-1,,Pakistan,507.98,1,Ali Khan,,20/01/2024
9277,,04/01/2024,Headphones,Electronics, ,,,Pakistan,507.98,1,Unknown,,04/01/2024
9278,Bilal Ahmed,08/01/2024,Phone,Electronics,450.24,-1,,Pakistan,450.24,1,Bilal Ahmed,,08/01/2024
9280,Ahmed Raza,23/01/2024,Table,Furniture,559.12,-1,,Pakistan,559.12,1,Ahmed Raza,,23/01/2024
9281,Ali Khan,18/01/2024,Mouse,Electronics,,-1,,Pakistan,507.98,1,Ali Khan,,18/01/2024
9282,Ahmed Raza,03/01/2024,Table,Furniture,,4,,Pakistan,507.98,4,Ahmed Raza,,03/01/2024
9284,Sara Ahmed,15/01/2024,Phone,Electronics, ,,,Pakistan,507.98,1,Sara Ahmed,,15/01/2024
9285,Bilal Ahmed,14/01/2024,Keyboard,Electronics,,,,Pakistan,507.98,1,Bilal Ahmed,,14/01/2024
9286,Ali Khan,21/01/2024,Keyboard,Electronics,,-1,,Pakistan,507.98,1,Ali Khan,,21/01/2024
9287,Ahmed Raza,10/01/2024,Keyboard,Electronics,799.15,,,Pakistan,799.15,1,Ahmed Raza,,10/01/2024
9289,Hina Khan,16/01/2024,Table,Furniture,,3,,Pakistan,507.98,3,Hina Khan,,16/01/2024
9290,,05/01/2024,Chair,Furniture,431.67,1,431.67,Pakistan,431.67,1,Unknown,431.67,05/01/2024
9292,Bilal Ahmed,08/01/2024,Keyboard,Electronics,39.95,4,159.8,Pakistan,39.95,4,Bilal Ahmed,159.8,08/01/2024
9293,Usman Ali,27/01/2024,Monitor,Electronics,,,,Pakistan,507.98,1,Usman Ali,,27/01/2024
9295,Sara Ahmed,11/01/2024,Table,Furniture,,-1,,Pakistan,507.98,1,Sara Ahmed,,11/01/2024
9296,Usman Ali,27/01/2024,Mouse,Electronics,,-1,,Pakistan,507.98,1,Usman Ali,,27/01/2024
9297,Ayesha Noor,22/01/2024,Headphones,Electronics,634.62,3,1903.86,Pakistan,634.62,3,Ayesha Noor,1903.86,22/01/2024
9298,Ahmed Raza,03/01/2024,Headphones,Electronics,63.29,,,Pakistan,63.29,1,Ahmed Raza,,03/01/2024
9299,Usman Ali,19/01/2024,Laptop,Electronics, ,,,Pakistan,507.98,1,Usman Ali,,19/01/2024
9300,Usman Ali,21/01/2024,Monitor,Electronics,455.47,-1,,Pakistan,455.47,1,Usman Ali,,21/01/2024
9301,Ayesha Noor,10/01/2024,Mouse,Electronics, ,-1,,Pakistan,507.98,1,Ayesha Noor,,10/01/2024
9302,Ayesha Noor,13/01/2024,Laptop,Electronics, ,,,Pakistan,507.98,1,Ayesha Noor,,13/01/2024
9303,Bilal Ahmed,14/01/2024,Headphones,Electronics,,4,,Pakistan,507.98,4,Bilal Ahmed,,14/01/2024
9304,Usman Ali,19/01/2024,Mouse,Electronics, ,,,Pakistan,507.98,1,Usman Ali,,19/01/2024
9305,Ayesha Noor,01/01/2024,Table,Furniture, ,-1,,Pakistan,507.98,1,Ayesha Noor,,01/01/2024
9306,Ahmed Raza,19/01/2024,Laptop,Electronics, ,2,,Pakistan,507.98,2,Ahmed Raza,,19/01/2024
9307,Usman Ali,24/01/2024,Headphones,Electronics, ,-1,,Pakistan,507.98,1,Usman Ali,,24/01/2024
9308,,03/01/2024,Keyboard,Electronics,,-1,,Pakistan,507.98,1,Unknown,,03/01/2024
9309,,18/01/2024,Keyboard,Electronics,,-1,,Pakistan,507.98,1,Unknown,,18/01/2024
9310,Sara Ahmed,29/01/2024,Table,Furniture, ,,,Pakistan,507.98,1,Sara Ahmed,,29/01/2024
9311,Usman Ali,18/01/2024,Table,Furniture, ,4,,Pakistan,507.98,4,Usman Ali,,18/01/2024
9313,,25/01/2024,Mouse,Electronics, ,2,,Pakistan,507.98,2,Unknown,,25/01/2024
9314,Ali Khan,22/01/2024,Phone,Electronics, ,,,Pakistan,507.98,1,Ali Khan,,22/01/2024
9315,Bilal Ahmed,15/01/2024,Phone,Electronics,478.18,,,Pakistan,478.18,1,Bilal Ahmed,,15/01/2024
9316,Hina Khan,30/01/2024,Keyboard,Electronics,,3,,Pakistan,507.98,3,Hina Khan,,30/01/2024
9318,Sara Ahmed,08/01/2024,Chair,Furniture,,-1,,Pakistan,507.98,1,Sara Ahmed,,08/01/2024
9319,Ahmed Raza,18/01/2024,Table,Furniture, ,4,,Pakistan,507.98,4,Ahmed Raza,,18/01/2024
9320,Sara Ahmed,21/01/2024,Monitor,Electronics,721.15,3,2163.45,Pakistan,721.15,3,Sara Ahmed,2163.45,21/01/2024
9321,Ali Khan,17/01/2024,Phone,Electronics, ,-1,,Pakistan,507.98,1,Ali Khan,,17/01/2024
9322,,21/01/2024,Keyboard,Electronics, ,-1,,Pakistan,507.98,1,Unknown,,21/01/2024
9324,Hina Khan,16/01/2024,Monitor,Electronics,,,,Pakistan,507.98,1,Hina Khan,,16/01/2024
9325,Hina Khan,23/01/2024,Keyboard,Electronics,,,,Pakistan,507.98,1,Hina Khan,,23/01/2024
9326,Usman Ali,15/01/2024,Keyboard,Electronics, ,-1,,Pakistan,507.98,1,Usman Ali,,15/01/2024
9328,,23/01/2024,Table,Furniture,,-1,,Pakistan,507.98,1,Unknown,,23/01/2024
9329,Ali Khan,04/01/2024,Mouse,Electronics, ,,,Pakistan,507.98,1,Ali Khan,,04/01/2024
9330,Bilal Ahmed,09/01/2024,Monitor,Electronics,,,,Pakistan,507.98,1,Bilal Ahmed,,09/01/2024
9331,Ali Khan,09/01/2024,Headphones,Electronics,,-1,,Pakistan,507.98,1,Ali Khan,,09/01/2024
9333,,01/01/2024,Mouse,Electronics,750.97,-1,,Pakistan,750.97,1,Unknown,,01/01/2024
9334,Hina Khan,07/01/2024,Keyboard,Electronics,,3,,Pakistan,507.98,3,Hina Khan,,07/01/2024
9335,Usman Ali,10/01/2024,Monitor,Electronics,760.72,3,2282.16,Pakistan,760.72,3,Usman Ali,2282.16,10/01/2024
9336,Hina Khan,29/01/2024,Headphones,Electronics, ,,,Pakistan,507.98,1,Hina Khan,,29/01/2024
9337,Hina Khan,23/01/2024,Table,Furniture,644.72,-1,,Pakistan,644.72,1,Hina Khan,,23/01/2024
9339,,17/01/2024,Chair,Furniture,481.79,,,Pakistan,481.79,1,Unknown,,17/01/2024
9340,Bilal Ahmed,11/01/2024,Chair,Furniture,,1,,Pakistan,507.98,1,Bilal Ahmed,,11/01/2024
9341,Ayesha Noor,10/01/2024,Table,Furniture,,,,Pakistan,507.98,1,Ayesha Noor,,10/01/2024
9346,Bilal Ahmed,25/01/2024,Mouse,Electronics,551.31,,,Pakistan,551.31,1,Bilal Ahmed,,25/01/2024
9349,Sara Ahmed,19/01/2024,Phone,Electronics,,-1,,Pakistan,507.98,1,Sara Ahmed,,19/01/2024
9350,Bilal Ahmed,27/01/2024,Laptop,Electronics,838.43,,,Pakistan,838.43,1,Bilal Ahmed,,27/01/2024
9351,Hina Khan,03/01/2024,Headphones,Electronics,997.85,-1,,Pakistan,997.85,1,Hina Khan,,03/01/2024
9353,Usman Ali,09/01/2024,Headphones,Electronics, ,-1,,Pakistan,507.98,1,Usman Ali,,09/01/2024
9357,Ayesha Noor,11/01/2024,Monitor,Electronics,310.07,-1,,Pakistan,310.07,1,Ayesha Noor,,11/01/2024
9358,,25/01/2024,Phone,Electronics,,-1,,Pakistan,507.98,1,Unknown,,25/01/2024
9359,Ayesha Noor,09/01/2024,Laptop,Electronics, ,,,Pakistan,507.98,1,Ayesha Noor,,09/01/2024
9360,Hina Khan,07/01/2024,Keyboard,Electronics,902.43,,,Pakistan,902.43,1,Hina Khan,,07/01/2024
9361,Bilal Ahmed,14/01/2024,Table,Furniture,58.17,-1,,Pakistan,58.17,1,Bilal Ahmed,,14/01/2024
9362,Ahmed Raza,05/01/2024,Table,Furniture,,,,Pakistan,507.98,1,Ahmed Raza,,05/01/2024
9364,Bilal Ahmed,07/01/2024,Phone,Electronics,,2,,Pakistan,507.98,2,Bilal Ahmed,,07/01/2024
9367,Ahmed Raza,03/01/2024,Phone,Electronics, ,-1,,Pakistan,507.98,1,Ahmed Raza,,03/01/2024
9368,Ayesha Noor,20/01/2024,Table,Furniture,479.72,-1,,Pakistan,479.72,1,Ayesha Noor,,20/01/2024
9370,Usman Ali,18/01/2024,Phone,Electronics,92.59,,,Pakistan,92.59,1,Usman Ali,,18/01/2024
9371,Usman Ali,01/01/2024,Mouse,Electronics,991.83,-1,,Pakistan,991.83,1,Usman Ali,,01/01/2024
9372,Ayesha Noor,16/01/2024,Keyboard,Electronics, ,1,,Pakistan,507.98,1,Ayesha Noor,,16/01/2024
9373,Bilal Ahmed,13/01/2024,Phone,Electronics,492.44,-1,,Pakistan,492.44,1,Bilal Ahmed,,13/01/2024
9376,Usman Ali,17/01/2024,Table,Furniture,,,,Pakistan,507.98,1,Usman Ali,,17/01/2024
9379,Usman Ali,19/01/2024,Monitor,Electronics,270.72,1,270.72,Pakistan,270.72,1,Usman Ali,270.72,19/01/2024
9380,Hina Khan,28/01/2024,Phone,Electronics,,-1,,Pakistan,507.98,1,Hina Khan,,28/01/2024
9381,Ahmed Raza,23/01/2024,Table,Furniture,,3,,Pakistan,507.98,3,Ahmed Raza,,23/01/2024
9382,Bilal Ahmed,07/01/2024,Mouse,Electronics,729.11,,,Pakistan,729.11,1,Bilal Ahmed,,07/01/2024
9383,Usman Ali,02/01/2024,Headphones,Electronics,,4,,Pakistan,507.98,4,Usman Ali,,02/01/2024
9384,Sara Ahmed,05/01/2024,Laptop,Electronics,572.04,,,Pakistan,572.04,1,Sara Ahmed,,05/01/2024
9386,Ahmed Raza,16/01/2024,Headphones,Electronics,,2,,Pakistan,507.98,2,Ahmed Raza,,16/01/2024
9387,Ahmed Raza,20/01/2024,Phone,Electronics,885.82,2,1771.64,Pakistan,885.82,2,Ahmed Raza,1771.64,20/01/2024
9388,Bilal Ahmed,15/01/2024,Mouse,Electronics,254.97,-1,,Pakistan,254.97,1,Bilal Ahmed,,15/01/2024
9389,Ali Khan,18/01/2024,Keyboard,Electronics,784.39,,,Pakistan,784.39,1,Ali Khan,,18/01/2024
9390,Ayesha Noor,13/01/2024,Monitor,Electronics,738.99,,,Pakistan,738.99,1,Ayesha Noor,,13/01/2024
9391,Ali Khan,05/01/2024,Table,Furniture,,,,Pakistan,507.98,1,Ali Khan,,05/01/2024
9392,Usman Ali,06/01/2024,Phone,Electronics, ,,,Pakistan,507.98,1,Usman Ali,,06/01/2024
9393,Ali Khan,04/01/2024,Keyboard,Electronics,,2,,Pakistan,507.98,2,Ali Khan,,04/01/2024
9394,Hina Khan,15/01/2024,Chair,Furniture, ,3,,Pakistan,507.98,3,Hina Khan,,15/01/2024
9395,,20/01/2024,Chair,Furniture, ,,,Pakistan,507.98,1,Unknown,,20/01/2024
9396,Bilal Ahmed,26/01/2024,Table,Furniture, ,2,,Pakistan,507.98,2,Bilal Ahmed,,26/01/2024
9397,Hina Khan,20/01/2024,Keyboard,Electronics,,,,Pakistan,507.98,1,Hina Khan,,20/01/2024
9398,Hina Khan,15/01/2024,Chair,Furniture,162.10,,,Pakistan,162.10,1,Hina Khan,,15/01/2024
9399,Usman Ali,15/01/2024,Phone,Electronics,244.94,,,Pakistan,244.94,1,Usman Ali,,15/01/2024
9401,Ali Khan,23/01/2024,Phone,Electronics,,4,,Pakistan,507.98,4,Ali Khan,,23/01/2024
9403,Bilal Ahmed,18/01/2024,Laptop,Electronics, ,,,Pakistan,507.98,1,Bilal Ahmed,,18/01/2024
9404,Sara Ahmed,25/01/2024,Mouse,Electronics,619.87,-1,,Pakistan,619.87,1,Sara Ahmed,,25/01/2024
9405,Ayesha Noor,03/01/2024,Phone,Electronics, ,1,,Pakistan,507.98,1,Ayesha Noor,,03/01/2024
9406,Hina Khan,15/01/2024,Mouse,Electronics,210.22,1,210.22,Pakistan,210.22,1,Hina Khan,210.22,15/01/2024
9408,Ali Khan,28/01/2024,Headphones,Electronics,,,,Pakistan,507.98,1,Ali Khan,,28/01/2024
9409,,17/01/2024,Monitor,Electronics,639.90,,,Pakistan,639.90,1,Unknown,,17/01/2024
9410,Ayesha Noor,28/01/2024,Phone,Electronics,,-1,,Pakistan,507.98,1,Ayesha Noor,,28/01/2024
9411,,01/01/2024,Monitor,Electronics,443.11,4,1772.44,Pakistan,443.11,4,Unknown,1772.44,01/01/2024
9412,Ahmed Raza,21/01/2024,Mouse,Electronics, ,-1,,Pakistan,507.98,1,Ahmed Raza,,21/01/2024
9413,Ahmed Raza,27/01/2024,Phone,Electronics,360.90,,,Pakistan,360.90,1,Ahmed Raza,,27/01/2024
9414,Hina Khan,30/01/2024,Phone,Electronics, ,-1,,Pakistan,507.98,1,Hina Khan,,30/01/2024
9416,Ali Khan,26/01/2024,Keyboard,Electronics,745.78,4,2983.12,Pakistan,745.78,4,Ali Khan,2983.12,26/01/2024
9417,Hina Khan,17/01/2024,Monitor,Electronics,570.95,1,570.95,Pakistan,570.95,1,Hina Khan,570.95,17/01/2024
9418,Ali Khan,14/01/2024,Phone,Electronics,,-1,,Pakistan,507.98,1,Ali Khan,,14/01/2024
9419,Ahmed Raza,27/01/2024,Mouse,Electronics,,-1,,Pakistan,507.98,1,Ahmed Raza,,27/01/2024
9421,,21/01/2024,Chair,Furniture, ,-1,,Pakistan,507.98,1,Unknown,,21/01/2024
9422,,27/01/2024,Phone,Electronics, ,,,Pakistan,507.98,1,Unknown,,27/01/2024
9424,Sara Ahmed,18/01/2024,Laptop,Electronics,,,,Pakistan,507.98,1,Sara Ahmed,,18/01/2024
9425,Ayesha Noor,29/01/2024,Laptop,Electronics,,-1,,Pakistan,507.98,1,Ayesha Noor,,29/01/2024
9426,Sara Ahmed,05/01/2024,Laptop,Electronics,,3,,Pakistan,507.98,3,Sara Ahmed,,05/01/2024
9427,Sara Ahmed,06/01/2024,Laptop,Electronics, ,-1,,Pakistan,507.98,1,Sara Ahmed,,06/01/2024
9428,,24/01/2024,Laptop,Electronics,,2,,Pakistan,507.98,2,Unknown,,24/01/2024
9429,Hina Khan,06/01/2024,Phone,Electronics,612.91,3,1838.73,Pakistan,612.91,3,Hina Khan,1838.73,06/01/2024
9430,Ali Khan,05/01/2024,Table,Furniture, ,1,,Pakistan,507.98,1,Ali Khan,,05/01/2024
9431,Ali Khan,20/01/2024,Keyboard,Electronics,53.60,,,Pakistan,53.60,1,Ali Khan,,20/01/2024
9432,Ali Khan,29/01/2024,Laptop,Electronics, ,-1,,Pakistan,507.98,1,Ali Khan,,29/01/2024
9434,Ahmed Raza,22/01/2024,Headphones,Electronics,262.89,3,788.67,Pakistan,262.89,3,Ahmed Raza,788.67,22/01/2024
9436,Ali Khan,17/01/2024,Table,Furniture, ,,,Pakistan,507.98,1,Ali Khan,,17/01/2024
9437,Ahmed Raza,08/01/2024,Table,Furniture,,1,,Pakistan,507.98,1,Ahmed Raza,,08/01/2024
9438,Bilal Ahmed,23/01/2024,Phone,Electronics, ,-1,,Pakistan,507.98,1,Bilal Ahmed,,23/01/2024
9441,Ali Khan,19/01/2024,Keyboard,Electronics,,2,,Pakistan,507.98,2,Ali Khan,,19/01/2024
9442,Hina Khan,05/01/2024,Mouse,Electronics,335.97,4,1343.88,Pakistan,335.97,4,Hina Khan,1343.88,05/01/2024
9443,Hina Khan,18/01/2024,Headphones,Electronics, ,3,,Pakistan,507.98,3,Hina Khan,,18/01/2024
9444,Ahmed Raza,11/01/2024,Laptop,Electronics,189.58,-1,,Pakistan,189.58,1,Ahmed Raza,,11/01/2024
9445,Ayesha Noor,12/01/2024,Mouse,Electronics, ,-1,,Pakistan,507.98,1,Ayesha Noor,,12/01/2024
9446,Ayesha Noor,08/01/2024,Chair,Furniture,,4,,Pakistan,507.98,4,Ayesha Noor,,08/01/2024
9448,Bilal Ahmed,18/01/2024,Phone,Electronics,305.17,,,Pakistan,305.17,1,Bilal Ahmed,,18/01/2024
9449,Hina Khan,17/01/2024,Table,Furniture,104.46,-1,,Pakistan,104.46,1,Hina Khan,,17/01/2024
9451,Ali Khan,22/01/2024,Keyboard,Electronics,714.77,3,2144.31,Pakistan,714.77,3,Ali Khan,2144.31,22/01/2024
9452,Usman Ali,22/01/2024,Laptop,Electronics,748.05,3,2244.15,Pakistan,748.05,3,Usman Ali,2244.15,22/01/2024
9453,Usman Ali,22/01/2024,Mouse,Electronics,,-1,,Pakistan,507.98,1,Usman Ali,,22/01/2024
9455,Ayesha Noor,12/01/2024,Table,Furniture,,,,Pakistan,507.98,1,Ayesha Noor,,12/01/2024
9456,Usman Ali,11/01/2024,Mouse,Electronics,,-1,,Pakistan,507.98,1,Usman Ali,,11/01/2024
9458,Sara Ahmed,05/01/2024,Laptop,Electronics, ,,,Pakistan,507.98,1,Sara Ahmed,,05/01/2024
9459,Ali Khan,12/01/2024,Table,Furniture, ,-1,,Pakistan,507.98,1,Ali Khan,,12/01/2024
9460,Ahmed Raza,12/01/2024,Monitor,Electronics,641.21,-1,,Pakistan,641.21,1,Ahmed Raza,,12/01/2024
9461,Sara Ahmed,18/01/2024,Laptop,Electronics,95.32,-1,,Pakistan,95.32,1,Sara Ahmed,,18/01/2024
9466,Ayesha Noor,08/01/2024,Monitor,Electronics,,,,Pakistan,507.98,1,Ayesha Noor,,08/01/2024
9467,Bilal Ahmed,01/01/2024,Monitor,Electronics,,,,Pakistan,507.98,1,Bilal Ahmed,,01/01/2024
9468,Sara Ahmed,25/01/2024,Table,Furniture,821.52,,,Pakistan,821.52,1,Sara Ahmed,,25/01/2024
9469,Ayesha Noor,03/01/2024,Chair,Furniture,975.07,,,Pakistan,975.07,1,Ayesha Noor,,03/01/2024
9471,Ayesha Noor,25/01/2024,Keyboard,Electronics, ,4,,Pakistan,507.98,4,Ayesha Noor,,25/01/2024
9472,Usman Ali,03/01/2024,Laptop,Electronics,,,,Pakistan,507.98,1,Usman Ali,,03/01/2024
9473,Usman Ali,14/01/2024,Laptop,Electronics,332.42,1,332.42,Pakistan,332.42,1,Usman Ali,332.42,14/01/2024
9474,Ahmed Raza,25/01/2024,Phone,Electronics,,-1,,Pakistan,507.98,1,Ahmed Raza,,25/01/2024
9475,Ahmed Raza,12/01/2024,Phone,Electronics, ,,,Pakistan,507.98,1,Ahmed Raza,,12/01/2024
9478,Usman Ali,28/01/2024,Mouse,Electronics,,,,Pakistan,507.98,1,Usman Ali,,28/01/2024
9479,Ahmed Raza,23/01/2024,Monitor,Electronics, ,2,,Pakistan,507.98,2,Ahmed Raza,,23/01/2024
9480,,15/01/2024,Chair,Furniture,547.86,2,1095.72,Pakistan,547.86,2,Unknown,1095.72,15/01/2024
9482,,19/01/2024,Mouse,Electronics, ,1,,Pakistan,507.98,1,Unknown,,19/01/2024
9484,Bilal Ahmed,30/01/2024,Phone,Electronics,,4,,Pakistan,507.98,4,Bilal Ahmed,,30/01/2024
9486,Sara Ahmed,28/01/2024,Mouse,Electronics,,-1,,Pakistan,507.98,1,Sara Ahmed,,28/01/2024
9487,Ali Khan,09/01/2024,Keyboard,Electronics,778.71,3,2336.13,Pakistan,778.71,3,Ali Khan,2336.13,09/01/2024
9489,Ayesha Noor,26/01/2024,Laptop,Electronics, ,,,Pakistan,507.98,1,Ayesha Noor,,26/01/2024
9490,Hina Khan,11/01/2024,Phone,Electronics, ,,,Pakistan,507.98,1,Hina Khan,,11/01/2024
9491,Sara Ahmed,29/01/2024,Table,Furniture,715.47,,,Pakistan,715.47,1,Sara Ahmed,,29/01/2024
9492,Ali Khan,04/01/2024,Keyboard,Electronics,,2,,Pakistan,507.98,2,Ali Khan,,04/01/2024
9493,Hina Khan,20/01/2024,Chair,Furniture, ,,,Pakistan,507.98,1,Hina Khan,,20/01/2024
9494,Sara Ahmed,12/01/2024,Table,Furniture, ,-1,,Pakistan,507.98,1,Sara Ahmed,,12/01/2024
9496,Hina Khan,29/01/2024,Headphones,Electronics,,2,,Pakistan,507.98,2,Hina Khan,,29/01/2024
9497,Ali Khan,28/01/2024,Mouse,Electronics,316.55,,,Pakistan,316.55,1,Ali Khan,,28/01/2024
9499,Usman Ali,13/01/2024,Monitor,Electronics, ,-1,,Pakistan,507.98,1,Usman Ali,,13/01/2024
9500,Hina Khan,18/01/2024,Phone,Electronics, ,1,,Pakistan,507.98,1,Hina Khan,,18/01/2024
9503,Usman Ali,24/01/2024,Table,Furniture,,4,,Pakistan,507.98,4,Usman Ali,,24/01/2024
9504,Bilal Ahmed,20/01/2024,Mouse,Electronics,904.92,,,Pakistan,904.92,1,Bilal Ahmed,,20/01/2024
9505,Sara Ahmed,21/01/2024,Headphones,Electronics,196.83,-1,,Pakistan,196.83,1,Sara Ahmed,,21/01/2024
9506,Sara Ahmed,30/01/2024,Chair,Furniture, ,-1,,Pakistan,507.98,1,Sara Ahmed,,30/01/2024
9507,Ayesha Noor,24/01/2024,Headphones,Electronics, ,2,,Pakistan,507.98,2,Ayesha Noor,,24/01/2024
9509,Bilal Ahmed,05/01/2024,Keyboard,Electronics,562.22,,,Pakistan,562.22,1,Bilal Ahmed,,05/01/2024
9510,Ayesha Noor,24/01/2024,Chair,Furniture,727.88,,,Pakistan,727.88,1,Ayesha Noor,,24/01/2024
9513,Ahmed Raza,07/01/2024,Table,Furniture,,,,Pakistan,507.98,1,Ahmed Raza,,07/01/2024
9514,Sara Ahmed,04/01/2024,Monitor,Electronics,196.32,,,Pakistan,196.32,1,Sara Ahmed,,04/01/2024
9516,Bilal Ahmed,21/01/2024,Phone,Electronics,232.35,,,Pakistan,232.35,1,Bilal Ahmed,,21/01/2024
9517,Ali Khan,16/01/2024,Headphones,Electronics,,4,,Pakistan,507.98,4,Ali Khan,,16/01/2024
9519,Sara Ahmed,09/01/2024,Mouse,Electronics,601.38,,,Pakistan,601.38,1,Sara Ahmed,,09/01/2024
9520,,23/01/2024,Chair,Furniture,,,,Pakistan,507.98,1,Unknown,,23/01/2024
9521,,01/01/2024,Table,Furniture, ,3,,Pakistan,507.98,3,Unknown,,01/01/2024
9523,,19/01/2024,Table,Furniture,,2,,Pakistan,507.98,2,Unknown,,19/01/2024
9524,Ali Khan,19/01/2024,Monitor,Electronics, ,-1,,Pakistan,507.98,1,Ali Khan,,19/01/2024
9525,Usman Ali,27/01/2024,Monitor,Electronics, ,-1,,Pakistan,507.98,1,Usman Ali,,27/01/2024
9526,Hina Khan,25/01/2024,Monitor,Electronics,,-1,,Pakistan,507.98,1,Hina Khan,,25/01/2024
9527,Usman Ali,12/01/2024,Chair,Furniture,407.25,-1,,Pakistan,407.25,1,Usman Ali,,12/01/2024
9528,,09/01/2024,Chair,Furniture,,4,,Pakistan,507.98,4,Unknown,,09/01/2024
9530,Ali Khan,21/01/2024,Mouse,Electronics, ,3,,Pakistan,507.98,3,Ali Khan,,21/01/2024
9531,Usman Ali,13/01/2024,Laptop,Electronics,459.40,4,1837.6,Pakistan,459.40,4,Usman Ali,1837.6,13/01/2024
9533,Usman Ali,17/01/2024,Table,Furniture,,-1,,Pakistan,507.98,1,Usman Ali,,17/01/2024
9534,Sara Ahmed,03/01/2024,Table,Furniture, ,1,,Pakistan,507.98,1,Sara Ahmed,,03/01/2024
9535,Ali Khan,08/01/2024,Chair,Furniture,909.85,,,Pakistan,909.85,1,Ali Khan,,08/01/2024
9536,Ahmed Raza,11/01/2024,Chair,Furniture,420.08,,,Pakistan,420.08,1,Ahmed Raza,,11/01/2024
9537,Ayesha Noor,27/01/2024,Chair,Furniture,,1,,Pakistan,507.98,1,Ayesha Noor,,27/01/2024
9538,Ali Khan,22/01/2024,Laptop,Electronics,,-1,,Pakistan,507.98,1,Ali Khan,,22/01/2024
9541,Bilal Ahmed,06/01/2024,Mouse,Electronics, ,2,,Pakistan,507.98,2,Bilal Ahmed,,06/01/2024
9542,Ayesha Noor,04/01/2024,Phone,Electronics,976.20,-1,,Pakistan,976.20,1,Ayesha Noor,,04/01/2024
9543,Ali Khan,04/01/2024,Monitor,Electronics,,2,,Pakistan,507.98,2,Ali Khan,,04/01/2024
9544,Ayesha Noor,03/01/2024,Keyboard,Electronics, ,-1,,Pakistan,507.98,1,Ayesha Noor,,03/01/2024
9545,Ahmed Raza,23/01/2024,Monitor,Electronics,,-1,,Pakistan,507.98,1,Ahmed Raza,,23/01/2024
9546,Ali Khan,26/01/2024,Keyboard,Electronics,,-1,,Pakistan,507.98,1,Ali Khan,,26/01/2024
9548,Ahmed Raza,04/01/2024,Monitor,Electronics, ,-1,,Pakistan,507.98,1,Ahmed Raza,,04/01/2024
9550,Hina Khan,05/01/2024,Table,Furniture,,-1,,Pakistan,507.98,1,Hina Khan,,05/01/2024
9552,Ahmed Raza,17/01/2024,Headphones,Electronics, ,,,Pakistan,507.98,1,Ahmed Raza,,17/01/2024
9555,Bilal Ahmed,23/01/2024,Headphones,Electronics,,-1,,Pakistan,507.98,1,Bilal Ahmed,,23/01/2024
9557,,30/01/2024,Mouse,Electronics, ,-1,,Pakistan,507.98,1,Unknown,,30/01/2024
9558,Bilal Ahmed,02/01/2024,Table,Furniture,297.77,2,595.54,Pakistan,297.77,2,Bilal Ahmed,595.54,02/01/2024
9559,Ali Khan,16/01/2024,Table,Furniture,,-1,,Pakistan,507.98,1,Ali Khan,,16/01/2024
9560,Usman Ali,02/01/2024,Phone,Electronics,,,,Pakistan,507.98,1,Usman Ali,,02/01/2024
9563,Bilal Ahmed,17/01/2024,Keyboard,Electronics,,,,Pakistan,507.98,1,Bilal Ahmed,,17/01/2024
9564,,03/01/2024,Monitor,Electronics, ,,,Pakistan,507.98,1,Unknown,,03/01/2024
9565,Sara Ahmed,10/01/2024,Headphones,Electronics,,-1,,Pakistan,507.98,1,Sara Ahmed,,10/01/2024
9569,Sara Ahmed,19/01/2024,Monitor,Electronics,,-1,,Pakistan,507.98,1,Sara Ahmed,,19/01/2024
9570,Hina Khan,24/01/2024,Monitor,Electronics,,-1,,Pakistan,507.98,1,Hina Khan,,24/01/2024
9572,Ayesha Noor,22/01/2024,Headphones,Electronics,,2,,Pakistan,507.98,2,Ayesha Noor,,22/01/2024
9573,Sara Ahmed,25/01/2024,Phone,Electronics,41.25,-1,,Pakistan,41.25,1,Sara Ahmed,,25/01/2024
9574,Ahmed Raza,11/01/2024,Mouse,Electronics,434.13,-1,,Pakistan,434.13,1,Ahmed Raza,,11/01/2024
9575,Usman Ali,10/01/2024,Laptop,Electronics,,,,Pakistan,507.98,1,Usman Ali,,10/01/2024
9576,Ayesha Noor,24/01/2024,Mouse,Electronics, ,,,Pakistan,507.98,1,Ayesha Noor,,24/01/2024
9577,Hina Khan,30/01/2024,Table,Furniture, ,4,,Pakistan,507.98,4,Hina Khan,,30/01/2024
9578,Ali Khan,07/01/2024,Phone,Electronics,,-1,,Pakistan,507.98,1,Ali Khan,,07/01/2024
9579,Hina Khan,26/01/2024,Laptop,Electronics,,4,,Pakistan,507.98,4,Hina Khan,,26/01/2024
9580,Bilal Ahmed,10/01/2024,Monitor,Electronics, ,,,Pakistan,507.98,1,Bilal Ahmed,,10/01/2024
9581,Ali Khan,10/01/2024,Chair,Furniture, ,-1,,Pakistan,507.98,1,Ali Khan,,10/01/2024
9583,Bilal Ahmed,20/01/2024,Chair,Furniture,,4,,Pakistan,507.98,4,Bilal Ahmed,,20/01/2024
9586,Hina Khan,26/01/2024,Laptop,Electronics,,,,Pakistan,507.98,1,Hina Khan,,26/01/2024
9587,Usman Ali,22/01/2024,Headphones,Electronics, ,2,,Pakistan,507.98,2,Usman Ali,,22/01/2024
9588,Ali Khan,08/01/2024,Chair,Furniture,832.75,4,3331,Pakistan,832.75,4,Ali Khan,3331,08/01/2024
9589,,22/01/2024,Keyboard,Electronics, ,,,Pakistan,507.98,1,Unknown,,22/01/2024
9591,Bilal Ahmed,06/01/2024,Chair,Furniture,574.01,-1,,Pakistan,574.01,1,Bilal Ahmed,,06/01/2024
9592,Ayesha Noor,10/01/2024,Mouse,Electronics,979.05,,,Pakistan,979.05,1,Ayesha Noor,,10/01/2024
9593,Ali Khan,10/01/2024,Table,Furniture, ,4,,Pakistan,507.98,4,Ali Khan,,10/01/2024
9594,Ayesha Noor,21/01/2024,Keyboard,Electronics,,3,,Pakistan,507.98,3,Ayesha Noor,,21/01/2024
9595,Ayesha Noor,16/01/2024,Table,Furniture,,-1,,Pakistan,507.98,1,Ayesha Noor,,16/01/2024
9596,Ayesha Noor,21/01/2024,Mouse,Electronics, ,,,Pakistan,507.98,1,Ayesha Noor,,21/01/2024
9597,Ahmed Raza,01/01/2024,Monitor,Electronics,332.70,-1,,Pakistan,332.70,1,Ahmed Raza,,01/01/2024
9599,Usman Ali,14/01/2024,Monitor,Electronics,69.52,3,208.56,Pakistan,69.52,3,Usman Ali,208.56,14/01/2024
9601,Usman Ali,08/01/2024,Monitor,Electronics,836.45,1,836.45,Pakistan,836.45,1,Usman Ali,836.45,08/01/2024
9602,,08/01/2024,Phone,Electronics,,3,,Pakistan,507.98,3,Unknown,,08/01/2024
9603,Sara Ahmed,15/01/2024,Table,Furniture, ,3,,Pakistan,507.98,3,Sara Ahmed,,15/01/2024
9604,Hina Khan,03/01/2024,Table,Furniture,,-1,,Pakistan,507.98,1,Hina Khan,,03/01/2024
9605,Usman Ali,22/01/2024,Monitor,Electronics,889.14,-1,,Pakistan,889.14,1,Usman Ali,,22/01/2024
9607,Sara Ahmed,04/01/2024,Keyboard,Electronics,,,,Pakistan,507.98,1,Sara Ahmed,,04/01/2024
9608,Sara Ahmed,02/01/2024,Chair,Furniture,61.80,,,Pakistan,61.80,1,Sara Ahmed,,02/01/2024
9611,,16/01/2024,Keyboard,Electronics,162.25,2,324.5,Pakistan,162.25,2,Unknown,324.5,16/01/2024
9612,Usman Ali,19/01/2024,Phone,Electronics,,-1,,Pakistan,507.98,1,Usman Ali,,19/01/2024
9613,,10/01/2024,Phone,Electronics,,4,,Pakistan,507.98,4,Unknown,,10/01/2024
9614,Ahmed Raza,10/01/2024,Mouse,Electronics,411.52,,,Pakistan,411.52,1,Ahmed Raza,,10/01/2024
9615,Sara Ahmed,17/01/2024,Laptop,Electronics,,,,Pakistan,507.98,1,Sara Ahmed,,17/01/2024
9616,Hina Khan,23/01/2024,Phone,Electronics,846.22,1,846.22,Pakistan,846.22,1,Hina Khan,846.22,23/01/2024
9618,Sara Ahmed,06/01/2024,Chair,Furniture,751.48,-1,,Pakistan,751.48,1,Sara Ahmed,,06/01/2024
9619,Sara Ahmed,14/01/2024,Monitor,Electronics, ,1,,Pakistan,507.98,1,Sara Ahmed,,14/01/2024
9620,Ayesha Noor,09/01/2024,Chair,Furniture, ,3,,Pakistan,507.98,3,Ayesha Noor,,09/01/2024
9621,Sara Ahmed,28/01/2024,Chair,Furniture, ,,,Pakistan,507.98,1,Sara Ahmed,,28/01/2024
9622,Bilal Ahmed,15/01/2024,Monitor,Electronics, ,,,Pakistan,507.98,1,Bilal Ahmed,,15/01/2024
9623,Bilal Ahmed,19/01/2024,Chair,Furniture, ,-1,,Pakistan,507.98,1,Bilal Ahmed,,19/01/2024
9625,Hina Khan,30/01/2024,Mouse,Electronics,864.37,,,Pakistan,864.37,1,Hina Khan,,30/01/2024
9626,Ali Khan,10/01/2024,Monitor,Electronics,203.36,,,Pakistan,203.36,1,Ali Khan,,10/01/2024
9627,Sara Ahmed,20/01/2024,Chair,Furniture, ,4,,Pakistan,507.98,4,Sara Ahmed,,20/01/2024
9628,Bilal Ahmed,13/01/2024,Keyboard,Electronics,,-1,,Pakistan,507.98,1,Bilal Ahmed,,13/01/2024
9629,Usman Ali,23/01/2024,Headphones,Electronics,812.37,4,3249.48,Pakistan,812.37,4,Usman Ali,3249.48,23/01/2024
9630,Usman Ali,13/01/2024,Keyboard,Electronics, ,,,Pakistan,507.98,1,Usman Ali,,13/01/2024
9632,Hina Khan,19/01/2024,Monitor,Electronics, ,4,,Pakistan,507.98,4,Hina Khan,,19/01/2024
9633,,25/01/2024,Mouse,Electronics, ,,,Pakistan,507.98,1,Unknown,,25/01/2024
9634,Ali Khan,09/01/2024,Chair,Furniture,,,,Pakistan,507.98,1,Ali Khan,,09/01/2024
9636,Usman Ali,25/01/2024,Monitor,Electronics,,3,,Pakistan,507.98,3,Usman Ali,,25/01/2024
9637,Ahmed Raza,21/01/2024,Chair,Furniture, ,3,,Pakistan,507.98,3,Ahmed Raza,,21/01/2024
9639,Ali Khan,19/01/2024,Monitor,Electronics, ,1,,Pakistan,507.98,1,Ali Khan,,19/01/2024
9641,Ali Khan,05/01/2024,Chair,Furniture, ,1,,Pakistan,507.98,1,Ali Khan,,05/01/2024
9642,Usman Ali,29/01/2024,Headphones,Electronics,588.08,2,1176.16,Pakistan,588.08,2,Usman Ali,1176.16,29/01/2024
9643,Ahmed Raza,03/01/2024,Mouse,Electronics,,,,Pakistan,507.98,1,Ahmed Raza,,03/01/2024
9644,,23/01/2024,Chair,Furniture,533.94,1,533.94,Pakistan,533.94,1,Unknown,533.94,23/01/2024
9645,Hina Khan,02/01/2024,Mouse,Electronics,572.25,-1,,Pakistan,572.25,1,Hina Khan,,02/01/2024
9646,Ali Khan,16/01/2024,Laptop,Electronics, ,-1,,Pakistan,507.98,1,Ali Khan,,16/01/2024
9647,Hina Khan,18/01/2024,Keyboard,Electronics, ,4,,Pakistan,507.98,4,Hina Khan,,18/01/2024
9648,,08/01/2024,Phone,Electronics, ,-1,,Pakistan,507.98,1,Unknown,,08/01/2024
9649,Sara Ahmed,20/01/2024,Keyboard,Electronics,,-1,,Pakistan,507.98,1,Sara Ahmed,,20/01/2024
9652,Bilal Ahmed,11/01/2024,Mouse,Electronics, ,2,,Pakistan,507.98,2,Bilal Ahmed,,11/01/2024
9654,Usman Ali,11/01/2024,Keyboard,Electronics,,4,,Pakistan,507.98,4,Usman Ali,,11/01/2024
9655,,21/01/2024,Laptop,Electronics, ,,,Pakistan,507.98,1,Unknown,,21/01/2024
9656,Sara Ahmed,10/01/2024,Laptop,Electronics, ,,,Pakistan,507.98,1,Sara Ahmed,,10/01/2024
9657,Sara Ahmed,17/01/2024,Table,Furniture,,,,Pakistan,507.98,1,Sara Ahmed,,17/01/2024
9658,Bilal Ahmed,15/01/2024,Laptop,Electronics,244.95,,,Pakistan,244.95,1,Bilal Ahmed,,15/01/2024
9660,Bilal Ahmed,05/01/2024,Keyboard,Electronics,409.41,2,818.82,Pakistan,409.41,2,Bilal Ahmed,818.82,05/01/2024
9661,,13/01/2024,Laptop,Electronics,,,,Pakistan,507.98,1,Unknown,,13/01/2024
9662,Bilal Ahmed,01/01/2024,Phone,Electronics, ,-1,,Pakistan,507.98,1,Bilal Ahmed,,01/01/2024
9663,,08/01/2024,Phone,Electronics, ,,,Pakistan,507.98,1,Unknown,,08/01/2024
9664,Bilal Ahmed,11/01/2024,Chair,Furniture, ,4,,Pakistan,507.98,4,Bilal Ahmed,,11/01/2024
9666,Ahmed Raza,20/01/2024,Monitor,Electronics, ,-1,,Pakistan,507.98,1,Ahmed Raza,,20/01/2024
9667,Ali Khan,23/01/2024,Monitor,Electronics,,2,,Pakistan,507.98,2,Ali Khan,,23/01/2024
9668,Usman Ali,14/01/2024,Headphones,Electronics,369.81,,,Pakistan,369.81,1,Usman Ali,,14/01/2024
9669,Bilal Ahmed,19/01/2024,Monitor,Electronics,,-1,,Pakistan,507.98,1,Bilal Ahmed,,19/01/2024
9670,Hina Khan,03/01/2024,Laptop,Electronics,600.64,-1,,Pakistan,600.64,1,Hina Khan,,03/01/2024
9671,Ali Khan,15/01/2024,Mouse,Electronics,,3,,Pakistan,507.98,3,Ali Khan,,15/01/2024
9672,Ali Khan,05/01/2024,Phone,Electronics,,2,,Pakistan,507.98,2,Ali Khan,,05/01/2024
9673,Ayesha Noor,02/01/2024,Phone,Electronics,,,,Pakistan,507.98,1,Ayesha Noor,,02/01/2024
9674,Ahmed Raza,13/01/2024,Chair,Furniture,,,,Pakistan,507.98,1,Ahmed Raza,,13/01/2024
9676,,14/01/2024,Monitor,Electronics, ,,,Pakistan,507.98,1,Unknown,,14/01/2024
9677,Bilal Ahmed,13/01/2024,Chair,Furniture,,-1,,Pakistan,507.98,1,Bilal Ahmed,,13/01/2024
9678,Sara Ahmed,02/01/2024,Table,Furniture,,,,Pakistan,507.98,1,Sara Ahmed,,02/01/2024
9680,Usman Ali,02/01/2024,Chair,Furniture, ,-1,,Pakistan,507.98,1,Usman Ali,,02/01/2024
9681,Ali Khan,30/01/2024,Mouse,Electronics,,3,,Pakistan,507.98,3,Ali Khan,,30/01/2024
9682,Hina Khan,09/01/2024,Headphones,Electronics,,,,Pakistan,507.98,1,Hina Khan,,09/01/2024
9683,Sara Ahmed,13/01/2024,Headphones,Electronics,663.05,3,1989.15,Pakistan,663.05,3,Sara Ahmed,1989.15,13/01/2024
9685,Usman Ali,16/01/2024,Monitor,Electronics, ,,,Pakistan,507.98,1,Usman Ali,,16/01/2024
9686,Sara Ahmed,27/01/2024,Laptop,Electronics,,-1,,Pakistan,507.98,1,Sara Ahmed,,27/01/2024
9687,,17/01/2024,Chair,Furniture, ,,,Pakistan,507.98,1,Unknown,,17/01/2024
9690,Ayesha Noor,24/01/2024,Laptop,Electronics,,,,Pakistan,507.98,1,Ayesha Noor,,24/01/2024
9691,,19/01/2024,Headphones,Electronics,,1,,Pakistan,507.98,1,Unknown,,19/01/2024
9692,Bilal Ahmed,09/01/2024,Laptop,Electronics, ,,,Pakistan,507.98,1,Bilal Ahmed,,09/01/2024
9693,Hina Khan,16/01/2024,Table,Furniture,,2,,Pakistan,507.98,2,Hina Khan,,16/01/2024
9694,Ali Khan,19/01/2024,Monitor,Electronics,,1,,Pakistan,507.98,1,Ali Khan,,19/01/2024
9695,Ayesha Noor,22/01/2024,Monitor,Electronics, ,4,,Pakistan,507.98,4,Ayesha Noor,,22/01/2024
9697,Ali Khan,24/01/2024,Laptop,Electronics,,4,,Pakistan,507.98,4,Ali Khan,,24/01/2024
9698,Sara Ahmed,27/01/2024,Headphones,Electronics,687.85,-1,,Pakistan,687.85,1,Sara Ahmed,,27/01/2024
9699,Bilal Ahmed,15/01/2024,Keyboard,Electronics,,-1,,Pakistan,507.98,1,Bilal Ahmed,,15/01/2024
9700,Bilal Ahmed,25/01/2024,Mouse,Electronics,939.26,,,Pakistan,939.26,1,Bilal Ahmed,,25/01/2024
9701,Sara Ahmed,04/01/2024,Keyboard,Electronics, ,-1,,Pakistan,507.98,1,Sara Ahmed,,04/01/2024
9702,Ali Khan,14/01/2024,Phone,Electronics,,-1,,Pakistan,507.98,1,Ali Khan,,14/01/2024
9703,Ayesha Noor,09/01/2024,Chair,Furniture, ,-1,,Pakistan,507.98,1,Ayesha Noor,,09/01/2024
9704,Sara Ahmed,04/01/2024,Table,Furniture,,3,,Pakistan,507.98,3,Sara Ahmed,,04/01/2024
9705,,02/01/2024,Phone,Electronics,588.57,-1,,Pakistan,588.57,1,Unknown,,02/01/2024
9706,,21/01/2024,Monitor,Electronics,,4,,Pakistan,507.98,4,Unknown,,21/01/2024
9707,,21/01/2024,Mouse,Electronics,,,,Pakistan,507.98,1,Unknown,,21/01/2024
9708,Usman Ali,21/01/2024,Keyboard,Electronics, ,-1,,Pakistan,507.98,1,Usman Ali,,21/01/2024
9710,,15/01/2024,Keyboard,Electronics,67.68,4,270.72,Pakistan,67.68,4,Unknown,270.72,15/01/2024
9711,Ayesha Noor,26/01/2024,Headphones,Electronics, ,-1,,Pakistan,507.98,1,Ayesha Noor,,26/01/2024
9713,Sara Ahmed,10/01/2024,Laptop,Electronics,913.55,-1,,Pakistan,913.55,1,Sara Ahmed,,10/01/2024
9714,Usman Ali,18/01/2024,Headphones,Electronics, ,-1,,Pakistan,507.98,1,Usman Ali,,18/01/2024
9715,Ali Khan,25/01/2024,Keyboard,Electronics,956.59,4,3826.36,Pakistan,956.59,4,Ali Khan,3826.36,25/01/2024
9716,Ali Khan,15/01/2024,Mouse,Electronics, ,-1,,Pakistan,507.98,1,Ali Khan,,15/01/2024
9717,Bilal Ahmed,19/01/2024,Mouse,Electronics,339.53,,,Pakistan,339.53,1,Bilal Ahmed,,19/01/2024
9718,Sara Ahmed,29/01/2024,Chair,Furniture,85.12,,,Pakistan,85.12,1,Sara Ahmed,,29/01/2024
9720,Bilal Ahmed,25/01/2024,Laptop,Electronics,637.82,-1,,Pakistan,637.82,1,Bilal Ahmed,,25/01/2024
9721,Ayesha Noor,08/01/2024,Headphones,Electronics,,-1,,Pakistan,507.98,1,Ayesha Noor,,08/01/2024
9722,Ayesha Noor,30/01/2024,Mouse,Electronics,,3,,Pakistan,507.98,3,Ayesha Noor,,30/01/2024
9723,Sara Ahmed,09/01/2024,Table,Furniture, ,,,Pakistan,507.98,1,Sara Ahmed,,09/01/2024
9724,Bilal Ahmed,27/01/2024,Laptop,Electronics,799.20,-1,,Pakistan,799.20,1,Bilal Ahmed,,27/01/2024
9725,Bilal Ahmed,08/01/2024,Keyboard,Electronics, ,,,Pakistan,507.98,1,Bilal Ahmed,,08/01/2024
9726,Bilal Ahmed,16/01/2024,Headphones,Electronics, ,-1,,Pakistan,507.98,1,Bilal Ahmed,,16/01/2024
9727,Bilal Ahmed,08/01/2024,Laptop,Electronics,,-1,,Pakistan,507.98,1,Bilal Ahmed,,08/01/2024
9728,Ahmed Raza,08/01/2024,Monitor,Electronics,,1,,Pakistan,507.98,1,Ahmed Raza,,08/01/2024
9729,Sara Ahmed,29/01/2024,Laptop,Electronics,,-1,,Pakistan,507.98,1,Sara Ahmed,,29/01/2024
9730,Sara Ahmed,18/01/2024,Phone,Electronics,677.54,,,Pakistan,677.54,1,Sara Ahmed,,18/01/2024
9731,Sara Ahmed,28/01/2024,Chair,Furniture,56.10,-1,,Pakistan,56.10,1,Sara Ahmed,,28/01/2024
9732,Sara Ahmed,28/01/2024,Chair,Furniture,,,,Pakistan,507.98,1,Sara Ahmed,,28/01/2024
9733,Ali Khan,24/01/2024,Mouse,Electronics,408.71,,,Pakistan,408.71,1,Ali Khan,,24/01/2024
9737,Ahmed Raza,28/01/2024,Laptop,Electronics,366.55,-1,,Pakistan,366.55,1,Ahmed Raza,,28/01/2024
9738,Sara Ahmed,30/01/2024,Chair,Furniture,,-1,,Pakistan,507.98,1,Sara Ahmed,,30/01/2024
9739,Usman Ali,22/01/2024,Table,Furniture,454.54,-1,,Pakistan,454.54,1,Usman Ali,,22/01/2024
9740,Bilal Ahmed,19/01/2024,Headphones,Electronics, ,-1,,Pakistan,507.98,1,Bilal Ahmed,,19/01/2024
9742,Ayesha Noor,30/01/2024,Laptop,Electronics,,-1,,Pakistan,507.98,1,Ayesha Noor,,30/01/2024
9743,Sara Ahmed,28/01/2024,Mouse,Electronics,785.78,-1,,Pakistan,785.78,1,Sara Ahmed,,28/01/2024
9744,Bilal Ahmed,29/01/2024,Mouse,Electronics,,2,,Pakistan,507.98,2,Bilal Ahmed,,29/01/2024
9745,Bilal Ahmed,09/01/2024,Keyboard,Electronics, ,,,Pakistan,507.98,1,Bilal Ahmed,,09/01/2024
9746,Bilal Ahmed,07/01/2024,Chair,Furniture,,1,,Pakistan,507.98,1,Bilal Ahmed,,07/01/2024
9748,Hina Khan,28/01/2024,Monitor,Electronics,,-1,,Pakistan,507.98,1,Hina Khan,,28/01/2024
9749,Sara Ahmed,23/01/2024,Laptop,Electronics, ,,,Pakistan,507.98,1,Sara Ahmed,,23/01/2024
9750,Ali Khan,18/01/2024,Table,Furniture, ,,,Pakistan,507.98,1,Ali Khan,,18/01/2024
9752,Usman Ali,08/01/2024,Keyboard,Electronics, ,1,,Pakistan,507.98,1,Usman Ali,,08/01/2024
9753,Ayesha Noor,23/01/2024,Mouse,Electronics, ,,,Pakistan,507.98,1,Ayesha Noor,,23/01/2024
9754,Hina Khan,16/01/2024,Table,Furniture,738.18,-1,,Pakistan,738.18,1,Hina Khan,,16/01/2024
9755,,28/01/2024,Table,Furniture, ,1,,Pakistan,507.98,1,Unknown,,28/01/2024
9756,Sara Ahmed,25/01/2024,Headphones,Electronics,,2,,Pakistan,507.98,2,Sara Ahmed,,25/01/2024
9757,Sara Ahmed,12/01/2024,Phone,Electronics, ,2,,Pakistan,507.98,2,Sara Ahmed,,12/01/2024
9759,Ali Khan,17/01/2024,Headphones,Electronics,120.44,-1,,Pakistan,120.44,1,Ali Khan,,17/01/2024
9760,Ayesha Noor,25/01/2024,Monitor,Electronics,643.41,-1,,Pakistan,643.41,1,Ayesha Noor,,25/01/2024
9761,,14/01/2024,Mouse,Electronics, ,-1,,Pakistan,507.98,1,Unknown,,14/01/2024
9762,,17/01/2024,Table,Furniture,466.26,3,1398.78,Pakistan,466.26,3,Unknown,1398.78,17/01/2024
9764,Ayesha Noor,07/01/2024,Table,Furniture,,-1,,Pakistan,507.98,1,Ayesha Noor,,07/01/2024
9765,Hina Khan,20/01/2024,Table,Furniture,150.60,,,Pakistan,150.60,1,Hina Khan,,20/01/2024
9766,Usman Ali,17/01/2024,Table,Furniture,802.83,-1,,Pakistan,802.83,1,Usman Ali,,17/01/2024
9767,,14/01/2024,Phone,Electronics, ,,,Pakistan,507.98,1,Unknown,,14/01/2024
9769,Hina Khan,12/01/2024,Phone,Electronics, ,-1,,Pakistan,507.98,1,Hina Khan,,12/01/2024
9770,Ali Khan,08/01/2024,Headphones,Electronics,,,,Pakistan,507.98,1,Ali Khan,,08/01/2024
9771,Usman Ali,12/01/2024,Table,Furniture, ,-1,,Pakistan,507.98,1,Usman Ali,,12/01/2024
9772,Hina Khan,02/01/2024,Phone,Electronics, ,-1,,Pakistan,507.98,1,Hina Khan,,02/01/2024
9774,Ayesha Noor,13/01/2024,Table,Furniture,,-1,,Pakistan,507.98,1,Ayesha Noor,,13/01/2024
9775,,16/01/2024,Phone,Electronics,92.27,,,Pakistan,92.27,1,Unknown,,16/01/2024
9776,Ahmed Raza,26/01/2024,Chair,Furniture,916.73,-1,,Pakistan,916.73,1,Ahmed Raza,,26/01/2024
9777,Ali Khan,29/01/2024,Mouse,Electronics, ,-1,,Pakistan,507.98,1,Ali Khan,,29/01/2024
9780,Usman Ali,11/01/2024,Headphones,Electronics,,,,Pakistan,507.98,1,Usman Ali,,11/01/2024
9781,Usman Ali,10/01/2024,Headphones,Electronics, ,2,,Pakistan,507.98,2,Usman Ali,,10/01/2024
9783,Hina Khan,09/01/2024,Monitor,Electronics, ,,,Pakistan,507.98,1,Hina Khan,,09/01/2024
9784,Ahmed Raza,06/01/2024,Table,Furniture,,,,Pakistan,507.98,1,Ahmed Raza,,06/01/2024
9785,Ayesha Noor,29/01/2024,Mouse,Electronics,,-1,,Pakistan,507.98,1,Ayesha Noor,,29/01/2024
9786,Hina Khan,30/01/2024,Table,Furniture,,2,,Pakistan,507.98,2,Hina Khan,,30/01/2024
9787,Ayesha Noor,26/01/2024,Table,Furniture,464.41,,,Pakistan,464.41,1,Ayesha Noor,,26/01/2024
9788,Sara Ahmed,03/01/2024,Chair,Furniture,,2,,Pakistan,507.98,2,Sara Ahmed,,03/01/2024
9789,Ahmed Raza,20/01/2024,Table,Furniture, ,3,,Pakistan,507.98,3,Ahmed Raza,,20/01/2024
9790,Bilal Ahmed,01/01/2024,Phone,Electronics, ,-1,,Pakistan,507.98,1,Bilal Ahmed,,01/01/2024
9791,Ali Khan,01/01/2024,Laptop,Electronics, ,,,Pakistan,507.98,1,Ali Khan,,01/01/2024
9792,Hina Khan,14/01/2024,Chair,Furniture,,1,,Pakistan,507.98,1,Hina Khan,,14/01/2024
9795,Ayesha Noor,07/01/2024,Table,Furniture,,-1,,Pakistan,507.98,1,Ayesha Noor,,07/01/2024
9796,Ahmed Raza,25/01/2024,Phone,Electronics, ,4,,Pakistan,507.98,4,Ahmed Raza,,25/01/2024
9797,Usman Ali,13/01/2024,Laptop,Electronics, ,-1,,Pakistan,507.98,1,Usman Ali,,13/01/2024
9798,Hina Khan,06/01/2024,Keyboard,Electronics,,,,Pakistan,507.98,1,Hina Khan,,06/01/2024
9799,Ahmed Raza,30/01/2024,Chair,Furniture,,,,Pakistan,507.98,1,Ahmed Raza,,30/01/2024
9801,Usman Ali,16/01/2024,Chair,Furniture, ,,,Pakistan,507.98,1,Usman Ali,,16/01/2024
9802,Ali Khan,03/01/2024,Laptop,Electronics,,-1,,Pakistan,507.98,1,Ali Khan,,03/01/2024
9803,,26/01/2024,Monitor,Electronics,230.06,3,690.18,Pakistan,230.06,3,Unknown,690.18,26/01/2024
9806,Bilal Ahmed,23/01/2024,Chair,Furniture, ,,,Pakistan,507.98,1,Bilal Ahmed,,23/01/2024
9808,Usman Ali,01/01/2024,Phone,Electronics,947.28,-1,,Pakistan,947.28,1,Usman Ali,,01/01/2024
9810,Usman Ali,19/01/2024,Table,Furniture, ,-1,,Pakistan,507.98,1,Usman Ali,,19/01/2024
9811,Sara Ahmed,14/01/2024,Monitor,Electronics, ,2,,Pakistan,507.98,2,Sara Ahmed,,14/01/2024
9813,Hina Khan,15/01/2024,Phone,Electronics,126.25,4,505,Pakistan,126.25,4,Hina Khan,505,15/01/2024
9814,Ali Khan,02/01/2024,Monitor,Electronics, ,,,Pakistan,507.98,1,Ali Khan,,02/01/2024
9815,Ali Khan,25/01/2024,Monitor,Electronics, ,4,,Pakistan,507.98,4,Ali Khan,,25/01/2024
9816,Ayesha Noor,13/01/2024,Phone,Electronics,823.49,2,1646.98,Pakistan,823.49,2,Ayesha Noor,1646.98,13/01/2024
9817,Ahmed Raza,21/01/2024,Keyboard,Electronics,149.61,3,448.83,Pakistan,149.61,3,Ahmed Raza,448.83,21/01/2024
9818,Sara Ahmed,13/01/2024,Laptop,Electronics,,1,,Pakistan,507.98,1,Sara Ahmed,,13/01/2024
9819,Ali Khan,14/01/2024,Keyboard,Electronics,496.00,-1,,Pakistan,496.00,1,Ali Khan,,14/01/2024
9820,Usman Ali,04/01/2024,Headphones,Electronics,886.81,-1,,Pakistan,886.81,1,Usman Ali,,04/01/2024
9821,Usman Ali,26/01/2024,Phone,Electronics,,-1,,Pakistan,507.98,1,Usman Ali,,26/01/2024
9825,Bilal Ahmed,07/01/2024,Laptop,Electronics, ,1,,Pakistan,507.98,1,Bilal Ahmed,,07/01/2024
9826,Ali Khan,22/01/2024,Chair,Furniture,,4,,Pakistan,507.98,4,Ali Khan,,22/01/2024
9827,,16/01/2024,Table,Furniture, ,-1,,Pakistan,507.98,1,Unknown,,16/01/2024
9828,Sara Ahmed,05/01/2024,Headphones,Electronics, ,3,,Pakistan,507.98,3,Sara Ahmed,,05/01/2024
9829,Sara Ahmed,26/01/2024,Chair,Furniture,,4,,Pakistan,507.98,4,Sara Ahmed,,26/01/2024
9830,Ali Khan,09/01/2024,Table,Furniture, ,-1,,Pakistan,507.98,1,Ali Khan,,09/01/2024
9833,Sara Ahmed,17/01/2024,Chair,Furniture,,2,,Pakistan,507.98,2,Sara Ahmed,,17/01/2024
9834,Bilal Ahmed,08/01/2024,Laptop,Electronics, ,2,,Pakistan,507.98,2,Bilal Ahmed,,08/01/2024
9835,Bilal Ahmed,29/01/2024,Keyboard,Electronics, ,,,Pakistan,507.98,1,Bilal Ahmed,,29/01/2024
9836,Ahmed Raza,05/01/2024,Chair,Furniture, ,4,,Pakistan,507.98,4,Ahmed Raza,,05/01/2024
9837,Sara Ahmed,06/01/2024,Phone,Electronics,,,,Pakistan,507.98,1,Sara Ahmed,,06/01/2024
9838,Sara Ahmed,25/01/2024,Headphones,Electronics,400.02,2,800.04,Pakistan,400.02,2,Sara Ahmed,800.04,25/01/2024
9841,Usman Ali,12/01/2024,Chair,Furniture,,-1,,Pakistan,507.98,1,Usman Ali,,12/01/2024
9844,Ahmed Raza,12/01/2024,Chair,Furniture,944.09,-1,,Pakistan,944.09,1,Ahmed Raza,,12/01/2024
9846,,28/01/2024,Monitor,Electronics,,,,Pakistan,507.98,1,Unknown,,28/01/2024
9847,Ahmed Raza,19/01/2024,Chair,Furniture, ,,,Pakistan,507.98,1,Ahmed Raza,,19/01/2024
9848,Sara Ahmed,24/01/2024,Phone,Electronics,349.58,-1,,Pakistan,349.58,1,Sara Ahmed,,24/01/2024
9849,Sara Ahmed,26/01/2024,Mouse,Electronics, ,4,,Pakistan,507.98,4,Sara Ahmed,,26/01/2024
9850,Ayesha Noor,01/01/2024,Headphones,Electronics,,-1,,Pakistan,507.98,1,Ayesha Noor,,01/01/2024
9851,Usman Ali,03/01/2024,Monitor,Electronics,383.12,,,Pakistan,383.12,1,Usman Ali,,03/01/2024
9852,Bilal Ahmed,28/01/2024,Phone,Electronics, ,-1,,Pakistan,507.98,1,Bilal Ahmed,,28/01/2024
9857,Hina Khan,25/01/2024,Chair,Furniture,778.81,,,Pakistan,778.81,1,Hina Khan,,25/01/2024
9858,Bilal Ahmed,16/01/2024,Mouse,Electronics, ,1,,Pakistan,507.98,1,Bilal Ahmed,,16/01/2024
9859,Sara Ahmed,14/01/2024,Keyboard,Electronics,700.96,-1,,Pakistan,700.96,1,Sara Ahmed,,14/01/2024
9861,,21/01/2024,Keyboard,Electronics,212.81,1,212.81,Pakistan,212.81,1,Unknown,212.81,21/01/2024
9862,,08/01/2024,Monitor,Electronics,829.36,1,829.36,Pakistan,829.36,1,Unknown,829.36,08/01/2024
9863,Ahmed Raza,09/01/2024,Table,Furniture,793.05,,,Pakistan,793.05,1,Ahmed Raza,,09/01/2024
9864,Sara Ahmed,11/01/2024,Monitor,Electronics,374.87,3,1124.61,Pakistan,374.87,3,Sara Ahmed,1124.61,11/01/2024
9865,Bilal Ahmed,24/01/2024,Headphones,Electronics, ,-1,,Pakistan,507.98,1,Bilal Ahmed,,24/01/2024
9866,Bilal Ahmed,26/01/2024,Monitor,Electronics,664.43,,,Pakistan,664.43,1,Bilal Ahmed,,26/01/2024
9869,Usman Ali,25/01/2024,Laptop,Electronics,,2,,Pakistan,507.98,2,Usman Ali,,25/01/2024
9870,Bilal Ahmed,05/01/2024,Table,Furniture, ,-1,,Pakistan,507.98,1,Bilal Ahmed,,05/01/2024
9871,Ali Khan,22/01/2024,Table,Furniture,,3,,Pakistan,507.98,3,Ali Khan,,22/01/2024
9872,Ahmed Raza,13/01/2024,Table,Furniture,,,,Pakistan,507.98,1,Ahmed Raza,,13/01/2024
9873,Hina Khan,22/01/2024,Keyboard,Electronics,650.87,-1,,Pakistan,650.87,1,Hina Khan,,22/01/2024
9878,,22/01/2024,Mouse,Electronics, ,2,,Pakistan,507.98,2,Unknown,,22/01/2024
9879,,16/01/2024,Chair,Furniture,,-1,,Pakistan,507.98,1,Unknown,,16/01/2024
9880,Ali Khan,05/01/2024,Mouse,Electronics,,-1,,Pakistan,507.98,1,Ali Khan,,05/01/2024
9881,,15/01/2024,Table,Furniture, ,,,Pakistan,507.98,1,Unknown,,15/01/2024
9882,Ali Khan,27/01/2024,Headphones,Electronics, ,3,,Pakistan,507.98,3,Ali Khan,,27/01/2024
9883,Ali Khan,28/01/2024,Headphones,Electronics,,-1,,Pakistan,507.98,1,Ali Khan,,28/01/2024
9884,Usman Ali,18/01/2024,Table,Furniture, ,3,,Pakistan,507.98,3,Usman Ali,,18/01/2024
9887,Bilal Ahmed,20/01/2024,Laptop,Electronics,,,,Pakistan,507.98,1,Bilal Ahmed,,20/01/2024
9888,,05/01/2024,Mouse,Electronics, ,-1,,Pakistan,507.98,1,Unknown,,05/01/2024
9890,Ahmed Raza,29/01/2024,Keyboard,Electronics,607.84,-1,,Pakistan,607.84,1,Ahmed Raza,,29/01/2024
9892,Ali Khan,23/01/2024,Laptop,Electronics, ,-1,,Pakistan,507.98,1,Ali Khan,,23/01/2024
9893,Ahmed Raza,28/01/2024,Laptop,Electronics,,-1,,Pakistan,507.98,1,Ahmed Raza,,28/01/2024
9896,Hina Khan,06/01/2024,Table,Furniture, ,,,Pakistan,507.98,1,Hina Khan,,06/01/2024
9897,,30/01/2024,Phone,Electronics, ,4,,Pakistan,507.98,4,Unknown,,30/01/2024
9898,Ayesha Noor,23/01/2024,Laptop,Electronics,382.60,-1,,Pakistan,382.60,1,Ayesha Noor,,23/01/2024
9899,Usman Ali,02/01/2024,Mouse,Electronics,,-1,,Pakistan,507.98,1,Usman Ali,,02/01/2024
9900,Ali Khan,26/01/2024,Table,Furniture, ,-1,,Pakistan,507.98,1,Ali Khan,,26/01/2024
9901,Ali Khan,29/01/2024,Chair,Furniture,,2,,Pakistan,507.98,2,Ali Khan,,29/01/2024
9902,Ayesha Noor,08/01/2024,Table,Furniture,,1,,Pakistan,507.98,1,Ayesha Noor,,08/01/2024
9903,,16/01/2024,Mouse,Electronics,656.65,-1,,Pakistan,656.65,1,Unknown,,16/01/2024
9904,Ahmed Raza,08/01/2024,Chair,Furniture, ,,,Pakistan,507.98,1,Ahmed Raza,,08/01/2024
9905,Ahmed Raza,10/01/2024,Phone,Electronics,,,,Pakistan,507.98,1,Ahmed Raza,,10/01/2024
9906,Usman Ali,11/01/2024,Phone,Electronics,,2,,Pakistan,507.98,2,Usman Ali,,11/01/2024
9907,Ahmed Raza,18/01/2024,Table,Furniture, ,-1,,Pakistan,507.98,1,Ahmed Raza,,18/01/2024
9908,Sara Ahmed,11/01/2024,Laptop,Electronics,,2,,Pakistan,507.98,2,Sara Ahmed,,11/01/2024
9909,Hina Khan,28/01/2024,Mouse,Electronics, ,,,Pakistan,507.98,1,Hina Khan,,28/01/2024
9910,Hina Khan,30/01/2024,Phone,Electronics, ,4,,Pakistan,507.98,4,Hina Khan,,30/01/2024
9911,Ahmed Raza,03/01/2024,Laptop,Electronics,,1,,Pakistan,507.98,1,Ahmed Raza,,03/01/2024
9912,,30/01/2024,Keyboard,Electronics,,,,Pakistan,507.98,1,Unknown,,30/01/2024
9914,Ayesha Noor,03/01/2024,Table,Furniture,,,,Pakistan,507.98,1,Ayesha Noor,,03/01/2024
9915,Ahmed Raza,13/01/2024,Chair,Furniture, ,,,Pakistan,507.98,1,Ahmed Raza,,13/01/2024
9917,Hina Khan,16/01/2024,Laptop,Electronics, ,1,,Pakistan,507.98,1,Hina Khan,,16/01/2024
9918,Bilal Ahmed,07/01/2024,Keyboard,Electronics,578.17,,,Pakistan,578.17,1,Bilal Ahmed,,07/01/2024
9920,Ali Khan,01/01/2024,Laptop,Electronics,159.52,-1,,Pakistan,159.52,1,Ali Khan,,01/01/2024
9921,,30/01/2024,Laptop,Electronics, ,,,Pakistan,507.98,1,Unknown,,30/01/2024
9922,Ali Khan,11/01/2024,Mouse,Electronics,66.50,,,Pakistan,66.50,1,Ali Khan,,11/01/2024
9923,Usman Ali,07/01/2024,Phone,Electronics, ,,,Pakistan,507.98,1,Usman Ali,,07/01/2024
9925,Sara Ahmed,21/01/2024,Mouse,Electronics,30.53,,,Pakistan,30.53,1,Sara Ahmed,,21/01/2024
9928,Hina Khan,18/01/2024,Mouse,Electronics, ,,,Pakistan,507.98,1,Hina Khan,,18/01/2024
9930,Hina Khan,07/01/2024,Keyboard,Electronics,710.68,-1,,Pakistan,710.68,1,Hina Khan,,07/01/2024
9931,Ali Khan,19/01/2024,Laptop,Electronics,,,,Pakistan,507.98,1,Ali Khan,,19/01/2024
9932,,28/01/2024,Laptop,Electronics,,,,Pakistan,507.98,1,Unknown,,28/01/2024
9933,Ali Khan,27/01/2024,Chair,Furniture, ,,,Pakistan,507.98,1,Ali Khan,,27/01/2024
9934,Sara Ahmed,09/01/2024,Laptop,Electronics,,,,Pakistan,507.98,1,Sara Ahmed,,09/01/2024
9935,Hina Khan,24/01/2024,Table,Furniture,,-1,,Pakistan,507.98,1,Hina Khan,,24/01/2024
9936,Ahmed Raza,23/01/2024,Phone,Electronics,,,,Pakistan,507.98,1,Ahmed Raza,,23/01/2024
9937,Ali Khan,07/01/2024,Mouse,Electronics,519.01,,,Pakistan,519.01,1,Ali Khan,,07/01/2024
9939,Usman Ali,17/01/2024,Monitor,Electronics,,-1,,Pakistan,507.98,1,Usman Ali,,17/01/2024
9940,Hina Khan,13/01/2024,Phone,Electronics, ,,,Pakistan,507.98,1,Hina Khan,,13/01/2024
9941,Ahmed Raza,12/01/2024,Monitor,Electronics,,3,,Pakistan,507.98,3,Ahmed Raza,,12/01/2024
9942,Ahmed Raza,30/01/2024,Mouse,Electronics,46.44,-1,,Pakistan,46.44,1,Ahmed Raza,,30/01/2024
9943,Ahmed Raza,16/01/2024,Table,Furniture, ,-1,,Pakistan,507.98,1,Ahmed Raza,,16/01/2024
9944,Bilal Ahmed,02/01/2024,Chair,Furniture, ,3,,Pakistan,507.98,3,Bilal Ahmed,,02/01/2024
9945,,03/01/2024,Headphones,Electronics,,,,Pakistan,507.98,1,Unknown,,03/01/2024
9947,Ali Khan,06/01/2024,Mouse,Electronics,,-1,,Pakistan,507.98,1,Ali Khan,,06/01/2024
9948,Sara Ahmed,06/01/2024,Laptop,Electronics, ,3,,Pakistan,507.98,3,Sara Ahmed,,06/01/2024
9949,Bilal Ahmed,27/01/2024,Laptop,Electronics,,-1,,Pakistan,507.98,1,Bilal Ahmed,,27/01/2024
9950,Ayesha Noor,14/01/2024,Chair,Furniture, ,,,Pakistan,507.98,1,Ayesha Noor,,14/01/2024
9952,Ahmed Raza,03/01/2024,Laptop,Electronics, ,,,Pakistan,507.98,1,Ahmed Raza,,03/01/2024
9953,Sara Ahmed,18/01/2024,Headphones,Electronics,,3,,Pakistan,507.98,3,Sara Ahmed,,18/01/2024
9954,Ahmed Raza,01/01/2024,Mouse,Electronics, ,4,,Pakistan,507.98,4,Ahmed Raza,,01/01/2024
9955,Sara Ahmed,26/01/2024,Laptop,Electronics, ,2,,Pakistan,507.98,2,Sara Ahmed,,26/01/2024
9956,Ali Khan,12/01/2024,Laptop,Electronics, ,3,,Pakistan,507.98,3,Ali Khan,,12/01/2024
9958,Bilal Ahmed,02/01/2024,Laptop,Electronics,865.20,3,2595.6,Pakistan,865.20,3,Bilal Ahmed,2595.6,02/01/2024
9959,Usman Ali,14/01/2024,Table,Furniture,,-1,,Pakistan,507.98,1,Usman Ali,,14/01/2024
9960,Usman Ali,07/01/2024,Monitor,Electronics,,,,Pakistan,507.98,1,Usman Ali,,07/01/2024
9961,Usman Ali,21/01/2024,Keyboard,Electronics,49.89,-1,,Pakistan,49.89,1,Usman Ali,,21/01/2024
9963,Ahmed Raza,11/01/2024,Laptop,Electronics, ,,,Pakistan,507.98,1,Ahmed Raza,,11/01/2024
9964,Ali Khan,02/01/2024,Monitor,Electronics, ,-1,,Pakistan,507.98,1,Ali Khan,,02/01/2024
9966,,09/01/2024,Table,Furniture,,1,,Pakistan,507.98,1,Unknown,,09/01/2024
9967,Ali Khan,25/01/2024,Phone,Electronics,,-1,,Pakistan,507.98,1,Ali Khan,,25/01/2024
9968,Hina Khan,29/01/2024,Keyboard,Electronics,897.34,,,Pakistan,897.34,1,Hina Khan,,29/01/2024
9969,Usman Ali,12/01/2024,Table,Furniture,,,,Pakistan,507.98,1,Usman Ali,,12/01/2024
9970,Ali Khan,23/01/2024,Phone,Electronics,202.46,-1,,Pakistan,202.46,1,Ali Khan,,23/01/2024
9971,Sara Ahmed,14/01/2024,Chair,Furniture, ,4,,Pakistan,507.98,4,Sara Ahmed,,14/01/2024
9972,Ahmed Raza,18/01/2024,Laptop,Electronics, ,,,Pakistan,507.98,1,Ahmed Raza,,18/01/2024
9973,Ali Khan,02/01/2024,Headphones,Electronics, ,-1,,Pakistan,507.98,1,Ali Khan,,02/01/2024
9974,Ayesha Noor,05/01/2024,Table,Furniture,648.81,-1,,Pakistan,648.81,1,Ayesha Noor,,05/01/2024
9975,Bilal Ahmed,03/01/2024,Mouse,Electronics, ,,,Pakistan,507.98,1,Bilal Ahmed,,03/01/2024
9976,Ahmed Raza,11/01/2024,Table,Furniture,,,,Pakistan,507.98,1,Ahmed Raza,,11/01/2024
9978,,21/01/2024,Keyboard,Electronics, ,-1,,Pakistan,507.98,1,Unknown,,21/01/2024
9979,Hina Khan,21/01/2024,Monitor,Electronics,,-1,,Pakistan,507.98,1,Hina Khan,,21/01/2024
9981,Ahmed Raza,29/01/2024,Monitor,Electronics,,-1,,Pakistan,507.98,1,Ahmed Raza,,29/01/2024
9983,Ali Khan,15/01/2024,Keyboard,Electronics,,-1,,Pakistan,507.98,1,Ali Khan,,15/01/2024
9984,Ali Khan,22/01/2024,Chair,Furniture,732.69,,,Pakistan,732.69,1,Ali Khan,,22/01/2024
9985,Ayesha Noor,24/01/2024,Monitor,Electronics,,-1,,Pakistan,507.98,1,Ayesha Noor,,24/01/2024
9988,Usman Ali,29/01/2024,Keyboard,Electronics,,-1,,Pakistan,507.98,1,Usman Ali,,29/01/2024
9989,Ayesha Noor,15/01/2024,Mouse,Electronics, ,3,,Pakistan,507.98,3,Ayesha Noor,,15/01/2024
9990,Bilal Ahmed,26/01/2024,Phone,Electronics,715.68,-1,,Pakistan,715.68,1,Bilal Ahmed,,26/01/2024
9991,Sara Ahmed,14/01/2024,Chair,Furniture,487.82,,,Pakistan,487.82,1,Sara Ahmed,,14/01/2024
9992,Usman Ali,09/01/2024,Monitor,Electronics,967.15,,,Pakistan,967.15,1,Usman Ali,,09/01/2024
9993,Sara Ahmed,07/01/2024,Keyboard,Electronics,700.86,1,700.86,Pakistan,700.86,1,Sara Ahmed,700.86,07/01/2024
9994,Ahmed Raza,24/01/2024,Table,Furniture,,,,Pakistan,507.98,1,Ahmed Raza,,24/01/2024
9996,Ahmed Raza,06/01/2024,Phone,Electronics,,,,Pakistan,507.98,1,Ahmed Raza,,06/01/2024
9997,Usman Ali,13/01/2024,Monitor,Electronics,,-1,,Pakistan,507.98,1,Usman Ali,,13/01/2024
9998,Ahmed Raza,04/01/2024,Monitor,Electronics,,-1,,Pakistan,507.98,1,Ahmed Raza,,04/01/2024
9999,Bilal Ahmed,14/01/2024,Chair,Furniture,391.59,4,1566.36,Pakistan,391.59,4,Bilal Ahmed,1566.36,14/01/2024
10000,Ayesha Noor,11/01/2024,Monitor,Electronics,,,,Pakistan,507.98,1,Ayesha Noor,,11/01/2024
10001,Hina Khan,20/01/2024,Mouse,Electronics, ,,,Pakistan,507.98,1,Hina Khan,,20/01/2024
10003,,23/01/2024,Mouse,Electronics,,-1,,Pakistan,507.98,1,Unknown,,23/01/2024
10005,Ali Khan,26/01/2024,Table,Furniture, ,4,,Pakistan,507.98,4,Ali Khan,,26/01/2024
10006,Hina Khan,14/01/2024,Mouse,Electronics,885.64,-1,,Pakistan,885.64,1,Hina Khan,,14/01/2024
10008,Ayesha Noor,18/01/2024,Monitor,Electronics,,,,Pakistan,507.98,1,Ayesha Noor,,18/01/2024
10009,Ali Khan,14/01/2024,Headphones,Electronics,,-1,,Pakistan,507.98,1,Ali Khan,,14/01/2024
10010,Hina Khan,08/01/2024,Mouse,Electronics,,-1,,Pakistan,507.98,1,Hina Khan,,08/01/2024
10011,Bilal Ahmed,16/01/2024,Table,Furniture, ,-1,,Pakistan,507.98,1,Bilal Ahmed,,16/01/2024
10012,Sara Ahmed,24/01/2024,Laptop,Electronics,,-1,,Pakistan,507.98,1,Sara Ahmed,,24/01/2024
10013,Ali Khan,06/01/2024,Headphones,Electronics,,-1,,Pakistan,507.98,1,Ali Khan,,06/01/2024
10015,Ahmed Raza,22/01/2024,Headphones,Electronics, ,-1,,Pakistan,507.98,1,Ahmed Raza,,22/01/2024
10016,Ayesha Noor,20/01/2024,Monitor,Electronics,299.67,4,1198.68,Pakistan,299.67,4,Ayesha Noor,1198.68,20/01/2024
10017,,03/01/2024,Mouse,Electronics, ,,,Pakistan,507.98,1,Unknown,,03/01/2024
10018,Ahmed Raza,17/01/2024,Monitor,Electronics,,2,,Pakistan,507.98,2,Ahmed Raza,,17/01/2024
10020,Ali Khan,27/01/2024,Mouse,Electronics, ,,,Pakistan,507.98,1,Ali Khan,,27/01/2024
10021,Hina Khan,05/01/2024,Monitor,Electronics,,,,Pakistan,507.98,1,Hina Khan,,05/01/2024
10022,Ali Khan,01/01/2024,Table,Furniture, ,4,,Pakistan,507.98,4,Ali Khan,,01/01/2024
10023,Ali Khan,10/01/2024,Table,Furniture, ,,,Pakistan,507.98,1,Ali Khan,,10/01/2024
10025,Ahmed Raza,14/01/2024,Headphones,Electronics,588.80,,,Pakistan,588.80,1,Ahmed Raza,,14/01/2024
10026,Sara Ahmed,22/01/2024,Table,Furniture, ,,,Pakistan,507.98,1,Sara Ahmed,,22/01/2024
10027,Ali Khan,30/01/2024,Monitor,Electronics,990.04,-1,,Pakistan,990.04,1,Ali Khan,,30/01/2024
10028,Ahmed Raza,27/01/2024,Chair,Furniture,575.53,1,575.53,Pakistan,575.53,1,Ahmed Raza,575.53,27/01/2024
10031,Bilal Ahmed,10/01/2024,Monitor,Electronics,345.24,2,690.48,Pakistan,345.24,2,Bilal Ahmed,690.48,10/01/2024
10032,Ahmed Raza,22/01/2024,Headphones,Electronics, ,,,Pakistan,507.98,1,Ahmed Raza,,22/01/2024
10033,Bilal Ahmed,14/01/2024,Chair,Furniture, ,-1,,Pakistan,507.98,1,Bilal Ahmed,,14/01/2024
10034,,10/01/2024,Keyboard,Electronics, ,-1,,Pakistan,507.98,1,Unknown,,10/01/2024
10035,Usman Ali,09/01/2024,Laptop,Electronics, ,4,,Pakistan,507.98,4,Usman Ali,,09/01/2024
10036,Bilal Ahmed,24/01/2024,Keyboard,Electronics,,2,,Pakistan,507.98,2,Bilal Ahmed,,24/01/2024
10037,Usman Ali,22/01/2024,Mouse,Electronics, ,,,Pakistan,507.98,1,Usman Ali,,22/01/2024
10038,Ayesha Noor,03/01/2024,Monitor,Electronics,,,,Pakistan,507.98,1,Ayesha Noor,,03/01/2024
10039,Ali Khan,14/01/2024,Phone,Electronics, ,,,Pakistan,507.98,1,Ali Khan,,14/01/2024
10040,Ali Khan,18/01/2024,Monitor,Electronics,,1,,Pakistan,507.98,1,Ali Khan,,18/01/2024
10042,Sara Ahmed,06/01/2024,Mouse,Electronics, ,,,Pakistan,507.98,1,Sara Ahmed,,06/01/2024
10044,Ahmed Raza,13/01/2024,Headphones,Electronics,,,,Pakistan,507.98,1,Ahmed Raza,,13/01/2024
10045,Ahmed Raza,20/01/2024,Keyboard,Electronics,455.55,2,911.1,Pakistan,455.55,2,Ahmed Raza,911.1,20/01/2024
10046,,15/01/2024,Chair,Furniture,,,,Pakistan,507.98,1,Unknown,,15/01/2024
10047,Sara Ahmed,30/01/2024,Headphones,Electronics,258.56,-1,,Pakistan,258.56,1,Sara Ahmed,,30/01/2024
10048,Bilal Ahmed,27/01/2024,Laptop,Electronics,914.48,,,Pakistan,914.48,1,Bilal Ahmed,,27/01/2024
10049,,12/01/2024,Phone,Electronics,,-1,,Pakistan,507.98,1,Unknown,,12/01/2024
10050,Ali Khan,22/01/2024,Keyboard,Electronics,,,,Pakistan,507.98,1,Ali Khan,,22/01/2024
10051,Hina Khan,30/01/2024,Chair,Furniture,491.22,-1,,Pakistan,491.22,1,Hina Khan,,30/01/2024
10052,Sara Ahmed,25/01/2024,Headphones,Electronics,,2,,Pakistan,507.98,2,Sara Ahmed,,25/01/2024
10053,,22/01/2024,Headphones,Electronics, ,-1,,Pakistan,507.98,1,Unknown,,22/01/2024
10055,Ayesha Noor,02/01/2024,Headphones,Electronics,98.14,,,Pakistan,98.14,1,Ayesha Noor,,02/01/2024
10056,,18/01/2024,Chair,Furniture, ,,,Pakistan,507.98,1,Unknown,,18/01/2024
10058,,06/01/2024,Table,Furniture,,-1,,Pakistan,507.98,1,Unknown,,06/01/2024
10059,Usman Ali,22/01/2024,Phone,Electronics,435.64,,,Pakistan,435.64,1,Usman Ali,,22/01/2024
10061,Bilal Ahmed,27/01/2024,Headphones,Electronics, ,-1,,Pakistan,507.98,1,Bilal Ahmed,,27/01/2024
10062,Ayesha Noor,30/01/2024,Table,Furniture,,1,,Pakistan,507.98,1,Ayesha Noor,,30/01/2024
10063,Ali Khan,08/01/2024,Table,Furniture, ,3,,Pakistan,507.98,3,Ali Khan,,08/01/2024
10064,,10/01/2024,Table,Furniture,,4,,Pakistan,507.98,4,Unknown,,10/01/2024
10066,Usman Ali,04/01/2024,Laptop,Electronics, ,-1,,Pakistan,507.98,1,Usman Ali,,04/01/2024
10068,Sara Ahmed,07/01/2024,Table,Furniture,224.40,,,Pakistan,224.40,1,Sara Ahmed,,07/01/2024
10069,Ayesha Noor,01/01/2024,Phone,Electronics, ,,,Pakistan,507.98,1,Ayesha Noor,,01/01/2024
10070,Usman Ali,11/01/2024,Chair,Furniture,237.63,-1,,Pakistan,237.63,1,Usman Ali,,11/01/2024
10071,Usman Ali,26/01/2024,Phone,Electronics,992.49,3,2977.47,Pakistan,992.49,3,Usman Ali,2977.47,26/01/2024
10072,Hina Khan,08/01/2024,Table,Furniture, ,-1,,Pakistan,507.98,1,Hina Khan,,08/01/2024
10073,Hina Khan,27/01/2024,Mouse,Electronics,636.89,-1,,Pakistan,636.89,1,Hina Khan,,27/01/2024
10074,Sara Ahmed,22/01/2024,Keyboard,Electronics,389.88,-1,,Pakistan,389.88,1,Sara Ahmed,,22/01/2024
10075,Ayesha Noor,19/01/2024,Keyboard,Electronics,,,,Pakistan,507.98,1,Ayesha Noor,,19/01/2024
10076,Ali Khan,23/01/2024,Table,Furniture,,,,Pakistan,507.98,1,Ali Khan,,23/01/2024
10078,Ayesha Noor,10/01/2024,Laptop,Electronics, ,-1,,Pakistan,507.98,1,Ayesha Noor,,10/01/2024
10079,Ayesha Noor,18/01/2024,Chair,Furniture,515.73,4,2062.92,Pakistan,515.73,4,Ayesha Noor,2062.92,18/01/2024
10080,Ayesha Noor,23/01/2024,Monitor,Electronics,,,,Pakistan,507.98,1,Ayesha Noor,,23/01/2024
10082,Bilal Ahmed,05/01/2024,Mouse,Electronics,,-1,,Pakistan,507.98,1,Bilal Ahmed,,05/01/2024
10083,Ali Khan,13/01/2024,Headphones,Electronics,587.80,-1,,Pakistan,587.80,1,Ali Khan,,13/01/2024
10084,Ayesha Noor,20/01/2024,Laptop,Electronics,,,,Pakistan,507.98,1,Ayesha Noor,,20/01/2024
10085,Ali Khan,01/01/2024,Headphones,Electronics,,2,,Pakistan,507.98,2,Ali Khan,,01/01/2024
10086,Sara Ahmed,12/01/2024,Table,Furniture,977.01,3,2931.03,Pakistan,977.01,3,Sara Ahmed,2931.03,12/01/2024
10088,Hina Khan,05/01/2024,Monitor,Electronics,,1,,Pakistan,507.98,1,Hina Khan,,05/01/2024
10089,Usman Ali,19/01/2024,Phone,Electronics,764.32,,,Pakistan,764.32,1,Usman Ali,,19/01/2024
10090,Ali Khan,08/01/2024,Chair,Furniture,,4,,Pakistan,507.98,4,Ali Khan,,08/01/2024
10091,Ahmed Raza,11/01/2024,Mouse,Electronics,,,,Pakistan,507.98,1,Ahmed Raza,,11/01/2024
10092,Hina Khan,04/01/2024,Table,Furniture, ,,,Pakistan,507.98,1,Hina Khan,,04/01/2024
10093,Bilal Ahmed,20/01/2024,Table,Furniture, ,,,Pakistan,507.98,1,Bilal Ahmed,,20/01/2024
10094,,27/01/2024,Headphones,Electronics,333.51,-1,,Pakistan,333.51,1,Unknown,,27/01/2024
10095,Ayesha Noor,04/01/2024,Table,Furniture, ,,,Pakistan,507.98,1,Ayesha Noor,,04/01/2024
10096,Usman Ali,10/01/2024,Phone,Electronics, ,1,,Pakistan,507.98,1,Usman Ali,,10/01/2024
10097,Ali Khan,18/01/2024,Chair,Furniture,30.99,1,30.99,Pakistan,30.99,1,Ali Khan,30.99,18/01/2024
10098,Usman Ali,03/01/2024,Monitor,Electronics,904.92,,,Pakistan,904.92,1,Usman Ali,,03/01/2024
10099,Ali Khan,06/01/2024,Table,Furniture, ,-1,,Pakistan,507.98,1,Ali Khan,,06/01/2024
10101,Usman Ali,19/01/2024,Keyboard,Electronics, ,,,Pakistan,507.98,1,Usman Ali,,19/01/2024
10102,Bilal Ahmed,04/01/2024,Headphones,Electronics,356.83,1,356.83,Pakistan,356.83,1,Bilal Ahmed,356.83,04/01/2024
10103,,16/01/2024,Keyboard,Electronics, ,4,,Pakistan,507.98,4,Unknown,,16/01/2024
10104,,20/01/2024,Mouse,Electronics, ,,,Pakistan,507.98,1,Unknown,,20/01/2024
10106,,10/01/2024,Mouse,Electronics,,3,,Pakistan,507.98,3,Unknown,,10/01/2024
10107,Bilal Ahmed,01/01/2024,Keyboard,Electronics, ,2,,Pakistan,507.98,2,Bilal Ahmed,,01/01/2024
10109,Sara Ahmed,26/01/2024,Mouse,Electronics,,,,Pakistan,507.98,1,Sara Ahmed,,26/01/2024
10110,Ahmed Raza,01/01/2024,Laptop,Electronics,441.26,-1,,Pakistan,441.26,1,Ahmed Raza,,01/01/2024
10112,Hina Khan,15/01/2024,Monitor,Electronics, ,-1,,Pakistan,507.98,1,Hina Khan,,15/01/2024
10113,Ayesha Noor,04/01/2024,Table,Furniture,,-1,,Pakistan,507.98,1,Ayesha Noor,,04/01/2024
10114,Hina Khan,08/01/2024,Table,Furniture,549.69,,,Pakistan,549.69,1,Hina Khan,,08/01/2024
10115,,06/01/2024,Chair,Furniture,,,,Pakistan,507.98,1,Unknown,,06/01/2024
10116,Ayesha Noor,10/01/2024,Laptop,Electronics,,-1,,Pakistan,507.98,1,Ayesha Noor,,10/01/2024
10117,Usman Ali,19/01/2024,Mouse,Electronics,527.92,-1,,Pakistan,527.92,1,Usman Ali,,19/01/2024
10118,Hina Khan,18/01/2024,Monitor,Electronics,895.18,4,3580.72,Pakistan,895.18,4,Hina Khan,3580.72,18/01/2024
10119,Ahmed Raza,12/01/2024,Table,Furniture,115.66,-1,,Pakistan,115.66,1,Ahmed Raza,,12/01/2024
10120,Ahmed Raza,28/01/2024,Keyboard,Electronics,,-1,,Pakistan,507.98,1,Ahmed Raza,,28/01/2024
10121,Bilal Ahmed,05/01/2024,Phone,Electronics, ,3,,Pakistan,507.98,3,Bilal Ahmed,,05/01/2024
10123,Bilal Ahmed,30/01/2024,Mouse,Electronics,133.06,3,399.18,Pakistan,133.06,3,Bilal Ahmed,399.18,30/01/2024
10124,Ayesha Noor,21/01/2024,Headphones,Electronics,328.97,3,986.91,Pakistan,328.97,3,Ayesha Noor,986.91,21/01/2024
10125,,28/01/2024,Headphones,Electronics, ,,,Pakistan,507.98,1,Unknown,,28/01/2024
10126,Hina Khan,09/01/2024,Phone,Electronics,,3,,Pakistan,507.98,3,Hina Khan,,09/01/2024
10127,Usman Ali,23/01/2024,Monitor,Electronics,794.09,-1,,Pakistan,794.09,1,Usman Ali,,23/01/2024
10128,Ali Khan,23/01/2024,Table,Furniture,,,,Pakistan,507.98,1,Ali Khan,,23/01/2024
10129,Usman Ali,23/01/2024,Mouse,Electronics, ,-1,,Pakistan,507.98,1,Usman Ali,,23/01/2024
10130,,09/01/2024,Monitor,Electronics,125.91,1,125.91,Pakistan,125.91,1,Unknown,125.91,09/01/2024
10131,Ali Khan,07/01/2024,Laptop,Electronics,,-1,,Pakistan,507.98,1,Ali Khan,,07/01/2024
10132,Ali Khan,06/01/2024,Chair,Furniture, ,-1,,Pakistan,507.98,1,Ali Khan,,06/01/2024
10133,Ahmed Raza,12/01/2024,Phone,Electronics, ,-1,,Pakistan,507.98,1,Ahmed Raza,,12/01/2024
10134,Ali Khan,22/01/2024,Chair,Furniture, ,-1,,Pakistan,507.98,1,Ali Khan,,22/01/2024
10135,,29/01/2024,Keyboard,Electronics, ,2,,Pakistan,507.98,2,Unknown,,29/01/2024
10136,Ayesha Noor,02/01/2024,Monitor,Electronics, ,-1,,Pakistan,507.98,1,Ayesha Noor,,02/01/2024
10137,,25/01/2024,Headphones,Electronics,731.38,,,Pakistan,731.38,1,Unknown,,25/01/2024
10138,Hina Khan,26/01/2024,Headphones,Electronics,,-1,,Pakistan,507.98,1,Hina Khan,,26/01/2024
10139,Ayesha Noor,20/01/2024,Mouse,Electronics,,2,,Pakistan,507.98,2,Ayesha Noor,,20/01/2024
10140,Hina Khan,26/01/2024,Table,Furniture,,,,Pakistan,507.98,1,Hina Khan,,26/01/2024
10143,,12/01/2024,Laptop,Electronics,,3,,Pakistan,507.98,3,Unknown,,12/01/2024
10145,Ayesha Noor,11/01/2024,Keyboard,Electronics,,,,Pakistan,507.98,1,Ayesha Noor,,11/01/2024
10147,,27/01/2024,Keyboard,Electronics,675.55,1,675.55,Pakistan,675.55,1,Unknown,675.55,27/01/2024
10148,Usman Ali,18/01/2024,Keyboard,Electronics, ,1,,Pakistan,507.98,1,Usman Ali,,18/01/2024
10149,Usman Ali,02/01/2024,Table,Furniture, ,,,Pakistan,507.98,1,Usman Ali,,02/01/2024
10151,Hina Khan,03/01/2024,Chair,Furniture,,,,Pakistan,507.98,1,Hina Khan,,03/01/2024
10152,Bilal Ahmed,14/01/2024,Headphones,Electronics, ,-1,,Pakistan,507.98,1,Bilal Ahmed,,14/01/2024
10153,Ahmed Raza,05/01/2024,Mouse,Electronics,340.37,,,Pakistan,340.37,1,Ahmed Raza,,05/01/2024
10154,Hina Khan,14/01/2024,Monitor,Electronics, ,-1,,Pakistan,507.98,1,Hina Khan,,14/01/2024
10155,Usman Ali,17/01/2024,Mouse,Electronics,256.11,,,Pakistan,256.11,1,Usman Ali,,17/01/2024
10156,Ali Khan,08/01/2024,Keyboard,Electronics, ,3,,Pakistan,507.98,3,Ali Khan,,08/01/2024
10157,Ali Khan,12/01/2024,Keyboard,Electronics, ,-1,,Pakistan,507.98,1,Ali Khan,,12/01/2024
10158,Sara Ahmed,29/01/2024,Monitor,Electronics, ,3,,Pakistan,507.98,3,Sara Ahmed,,29/01/2024
10159,,30/01/2024,Table,Furniture,,,,Pakistan,507.98,1,Unknown,,30/01/2024
10160,Ayesha Noor,11/01/2024,Keyboard,Electronics, ,-1,,Pakistan,507.98,1,Ayesha Noor,,11/01/2024
10162,Usman Ali,11/01/2024,Chair,Furniture, ,1,,Pakistan,507.98,1,Usman Ali,,11/01/2024
10163,Sara Ahmed,04/01/2024,Monitor,Electronics,991.37,1,991.37,Pakistan,991.37,1,Sara Ahmed,991.37,04/01/2024
10165,,26/01/2024,Keyboard,Electronics,,,,Pakistan,507.98,1,Unknown,,26/01/2024
10166,,20/01/2024,Laptop,Electronics,243.01,3,729.03,Pakistan,243.01,3,Unknown,729.03,20/01/2024
10167,Hina Khan,16/01/2024,Monitor,Electronics,,,,Pakistan,507.98,1,Hina Khan,,16/01/2024
10168,Ali Khan,06/01/2024,Table,Furniture,105.25,4,421,Pakistan,105.25,4,Ali Khan,421,06/01/2024
10169,,19/01/2024,Mouse,Electronics, ,,,Pakistan,507.98,1,Unknown,,19/01/2024
10170,,26/01/2024,Phone,Electronics,572.06,,,Pakistan,572.06,1,Unknown,,26/01/2024
10172,Usman Ali,16/01/2024,Table,Furniture,,,,Pakistan,507.98,1,Usman Ali,,16/01/2024
10173,Ayesha Noor,23/01/2024,Phone,Electronics, ,-1,,Pakistan,507.98,1,Ayesha Noor,,23/01/2024
10174,Ahmed Raza,24/01/2024,Chair,Furniture,,,,Pakistan,507.98,1,Ahmed Raza,,24/01/2024
10175,Ayesha Noor,10/01/2024,Mouse,Electronics,431.08,1,431.08,Pakistan,431.08,1,Ayesha Noor,431.08,10/01/2024
10176,Ahmed Raza,18/01/2024,Phone,Electronics,,-1,,Pakistan,507.98,1,Ahmed Raza,,18/01/2024
10177,Hina Khan,21/01/2024,Chair,Furniture,,,,Pakistan,507.98,1,Hina Khan,,21/01/2024
10178,,08/01/2024,Keyboard,Electronics,,4,,Pakistan,507.98,4,Unknown,,08/01/2024
10179,Bilal Ahmed,28/01/2024,Chair,Furniture, ,,,Pakistan,507.98,1,Bilal Ahmed,,28/01/2024
10181,Ahmed Raza,19/01/2024,Mouse,Electronics,853.45,-1,,Pakistan,853.45,1,Ahmed Raza,,19/01/2024
10183,Sara Ahmed,23/01/2024,Phone,Electronics,,,,Pakistan,507.98,1,Sara Ahmed,,23/01/2024
10184,,10/01/2024,Mouse,Electronics, ,-1,,Pakistan,507.98,1,Unknown,,10/01/2024
10185,,28/01/2024,Keyboard,Electronics,359.76,,,Pakistan,359.76,1,Unknown,,28/01/2024
10188,Bilal Ahmed,26/01/2024,Keyboard,Electronics,,,,Pakistan,507.98,1,Bilal Ahmed,,26/01/2024
10189,Hina Khan,01/01/2024,Laptop,Electronics, ,-1,,Pakistan,507.98,1,Hina Khan,,01/01/2024
10190,Sara Ahmed,14/01/2024,Phone,Electronics, ,-1,,Pakistan,507.98,1,Sara Ahmed,,14/01/2024
10191,Hina Khan,17/01/2024,Laptop,Electronics, ,2,,Pakistan,507.98,2,Hina Khan,,17/01/2024
10194,Ahmed Raza,24/01/2024,Mouse,Electronics, ,-1,,Pakistan,507.98,1,Ahmed Raza,,24/01/2024
10196,Hina Khan,10/01/2024,Table,Furniture, ,4,,Pakistan,507.98,4,Hina Khan,,10/01/2024
10197,Bilal Ahmed,09/01/2024,Mouse,Electronics, ,,,Pakistan,507.98,1,Bilal Ahmed,,09/01/2024
10198,Sara Ahmed,04/01/2024,Phone,Electronics,,-1,,Pakistan,507.98,1,Sara Ahmed,,04/01/2024
10200,Ali Khan,20/01/2024,Phone,Electronics,,4,,Pakistan,507.98,4,Ali Khan,,20/01/2024
10201,Ahmed Raza,05/01/2024,Mouse,Electronics,597.98,4,2391.92,Pakistan,597.98,4,Ahmed Raza,2391.92,05/01/2024
10204,Hina Khan,21/01/2024,Mouse,Electronics,947.91,,,Pakistan,947.91,1,Hina Khan,,21/01/2024
10205,Usman Ali,06/01/2024,Headphones,Electronics,,,,Pakistan,507.98,1,Usman Ali,,06/01/2024
10206,Sara Ahmed,13/01/2024,Monitor,Electronics, ,,,Pakistan,507.98,1,Sara Ahmed,,13/01/2024
10207,Sara Ahmed,15/01/2024,Laptop,Electronics,,,,Pakistan,507.98,1,Sara Ahmed,,15/01/2024
10208,Hina Khan,07/01/2024,Phone,Electronics, ,-1,,Pakistan,507.98,1,Hina Khan,,07/01/2024
10209,Sara Ahmed,19/01/2024,Phone,Electronics,,1,,Pakistan,507.98,1,Sara Ahmed,,19/01/2024
10211,Sara Ahmed,15/01/2024,Keyboard,Electronics, ,-1,,Pakistan,507.98,1,Sara Ahmed,,15/01/2024
10214,Hina Khan,07/01/2024,Table,Furniture, ,-1,,Pakistan,507.98,1,Hina Khan,,07/01/2024
10215,,27/01/2024,Keyboard,Electronics,,,,Pakistan,507.98,1,Unknown,,27/01/2024
10217,,23/01/2024,Keyboard,Electronics,,4,,Pakistan,507.98,4,Unknown,,23/01/2024
10218,Ahmed Raza,05/01/2024,Laptop,Electronics,,1,,Pakistan,507.98,1,Ahmed Raza,,05/01/2024
10220,Bilal Ahmed,29/01/2024,Laptop,Electronics,,-1,,Pakistan,507.98,1,Bilal Ahmed,,29/01/2024
10222,Bilal Ahmed,16/01/2024,Laptop,Electronics, ,-1,,Pakistan,507.98,1,Bilal Ahmed,,16/01/2024
10223,Sara Ahmed,29/01/2024,Chair,Furniture,,,,Pakistan,507.98,1,Sara Ahmed,,29/01/2024
10224,Ayesha Noor,01/01/2024,Keyboard,Electronics, ,3,,Pakistan,507.98,3,Ayesha Noor,,01/01/2024
10225,Hina Khan,24/01/2024,Headphones,Electronics,739.21,2,1478.42,Pakistan,739.21,2,Hina Khan,1478.42,24/01/2024
10226,Ali Khan,12/01/2024,Phone,Electronics, ,3,,Pakistan,507.98,3,Ali Khan,,12/01/2024
10227,Bilal Ahmed,03/01/2024,Monitor,Electronics,,-1,,Pakistan,507.98,1,Bilal Ahmed,,03/01/2024
10228,Usman Ali,15/01/2024,Headphones,Electronics,643.68,,,Pakistan,643.68,1,Usman Ali,,15/01/2024
10230,Bilal Ahmed,22/01/2024,Laptop,Electronics,,,,Pakistan,507.98,1,Bilal Ahmed,,22/01/2024
10233,Sara Ahmed,08/01/2024,Monitor,Electronics,,-1,,Pakistan,507.98,1,Sara Ahmed,,08/01/2024
10234,Usman Ali,27/01/2024,Chair,Furniture, ,-1,,Pakistan,507.98,1,Usman Ali,,27/01/2024
10235,Hina Khan,03/01/2024,Table,Furniture,225.26,2,450.52,Pakistan,225.26,2,Hina Khan,450.52,03/01/2024
10236,Sara Ahmed,05/01/2024,Monitor,Electronics,153.04,,,Pakistan,153.04,1,Sara Ahmed,,05/01/2024
10237,Usman Ali,23/01/2024,Laptop,Electronics,51.17,-1,,Pakistan,51.17,1,Usman Ali,,23/01/2024
10239,Usman Ali,28/01/2024,Chair,Furniture,134.20,,,Pakistan,134.20,1,Usman Ali,,28/01/2024
10241,Ahmed Raza,18/01/2024,Laptop,Electronics, ,,,Pakistan,507.98,1,Ahmed Raza,,18/01/2024
10242,,08/01/2024,Keyboard,Electronics, ,-1,,Pakistan,507.98,1,Unknown,,08/01/2024
10243,Ayesha Noor,04/01/2024,Mouse,Electronics, ,-1,,Pakistan,507.98,1,Ayesha Noor,,04/01/2024
10245,Sara Ahmed,21/01/2024,Chair,Furniture, ,3,,Pakistan,507.98,3,Sara Ahmed,,21/01/2024
10246,Hina Khan,21/01/2024,Phone,Electronics,394.69,-1,,Pakistan,394.69,1,Hina Khan,,21/01/2024
10247,Usman Ali,14/01/2024,Laptop,Electronics, ,,,Pakistan,507.98,1,Usman Ali,,14/01/2024
10248,,17/01/2024,Keyboard,Electronics, ,,,Pakistan,507.98,1,Unknown,,17/01/2024
10249,Ali Khan,27/01/2024,Keyboard,Electronics,,3,,Pakistan,507.98,3,Ali Khan,,27/01/2024
10250,Ayesha Noor,04/01/2024,Table,Furniture, ,-1,,Pakistan,507.98,1,Ayesha Noor,,04/01/2024
10251,Ali Khan,09/01/2024,Headphones,Electronics,617.78,-1,,Pakistan,617.78,1,Ali Khan,,09/01/2024
10252,Ahmed Raza,23/01/2024,Keyboard,Electronics,,1,,Pakistan,507.98,1,Ahmed Raza,,23/01/2024
10253,Hina Khan,20/01/2024,Keyboard,Electronics,,,,Pakistan,507.98,1,Hina Khan,,20/01/2024
10254,Usman Ali,28/01/2024,Table,Furniture,,-1,,Pakistan,507.98,1,Usman Ali,,28/01/2024
10255,Bilal Ahmed,17/01/2024,Headphones,Electronics,,,,Pakistan,507.98,1,Bilal Ahmed,,17/01/2024
10256,Ahmed Raza,18/01/2024,Headphones,Electronics,,,,Pakistan,507.98,1,Ahmed Raza,,18/01/2024
10258,Hina Khan,28/01/2024,Keyboard,Electronics, ,2,,Pakistan,507.98,2,Hina Khan,,28/01/2024
10259,Ali Khan,30/01/2024,Monitor,Electronics, ,,,Pakistan,507.98,1,Ali Khan,,30/01/2024
10260,Ali Khan,12/01/2024,Monitor,Electronics,547.57,4,2190.28,Pakistan,547.57,4,Ali Khan,2190.28,12/01/2024
10261,Bilal Ahmed,02/01/2024,Keyboard,Electronics,,,,Pakistan,507.98,1,Bilal Ahmed,,02/01/2024
10263,Sara Ahmed,07/01/2024,Monitor,Electronics,,-1,,Pakistan,507.98,1,Sara Ahmed,,07/01/2024
10265,Hina Khan,26/01/2024,Laptop,Electronics,442.54,4,1770.16,Pakistan,442.54,4,Hina Khan,1770.16,26/01/2024
10266,Ahmed Raza,24/01/2024,Headphones,Electronics, ,3,,Pakistan,507.98,3,Ahmed Raza,,24/01/2024
10269,Bilal Ahmed,13/01/2024,Mouse,Electronics,,4,,Pakistan,507.98,4,Bilal Ahmed,,13/01/2024
10270,Sara Ahmed,20/01/2024,Keyboard,Electronics,788.98,-1,,Pakistan,788.98,1,Sara Ahmed,,20/01/2024
10272,Usman Ali,09/01/2024,Mouse,Electronics,,,,Pakistan,507.98,1,Usman Ali,,09/01/2024
10273,Bilal Ahmed,16/01/2024,Monitor,Electronics,29.19,1,29.19,Pakistan,29.19,1,Bilal Ahmed,29.19,16/01/2024
10274,Ali Khan,14/01/2024,Phone,Electronics, ,-1,,Pakistan,507.98,1,Ali Khan,,14/01/2024
10275,Sara Ahmed,17/01/2024,Table,Furniture, ,4,,Pakistan,507.98,4,Sara Ahmed,,17/01/2024
10276,Usman Ali,15/01/2024,Keyboard,Electronics,,,,Pakistan,507.98,1,Usman Ali,,15/01/2024
10278,Hina Khan,26/01/2024,Monitor,Electronics,,2,,Pakistan,507.98,2,Hina Khan,,26/01/2024
10280,Usman Ali,29/01/2024,Headphones,Electronics, ,-1,,Pakistan,507.98,1,Usman Ali,,29/01/2024
10282,Hina Khan,17/01/2024,Monitor,Electronics, ,3,,Pakistan,507.98,3,Hina Khan,,17/01/2024
10285,Bilal Ahmed,09/01/2024,Headphones,Electronics, ,,,Pakistan,507.98,1,Bilal Ahmed,,09/01/2024
10286,Ali Khan,09/01/2024,Monitor,Electronics,800.16,2,1600.32,Pakistan,800.16,2,Ali Khan,1600.32,09/01/2024
10287,Bilal Ahmed,18/01/2024,Phone,Electronics, ,4,,Pakistan,507.98,4,Bilal Ahmed,,18/01/2024
10288,Ahmed Raza,07/01/2024,Headphones,Electronics,293.94,3,881.82,Pakistan,293.94,3,Ahmed Raza,881.82,07/01/2024
10289,Sara Ahmed,15/01/2024,Keyboard,Electronics,,,,Pakistan,507.98,1,Sara Ahmed,,15/01/2024
10290,,28/01/2024,Chair,Furniture,,1,,Pakistan,507.98,1,Unknown,,28/01/2024
10291,Hina Khan,17/01/2024,Phone,Electronics, ,-1,,Pakistan,507.98,1,Hina Khan,,17/01/2024
10292,Sara Ahmed,13/01/2024,Phone,Electronics,,,,Pakistan,507.98,1,Sara Ahmed,,13/01/2024
10293,Hina Khan,21/01/2024,Headphones,Electronics, ,-1,,Pakistan,507.98,1,Hina Khan,,21/01/2024
10294,Hina Khan,23/01/2024,Table,Furniture,239.29,-1,,Pakistan,239.29,1,Hina Khan,,23/01/2024
10295,Hina Khan,12/01/2024,Table,Furniture,602.10,,,Pakistan,602.10,1,Hina Khan,,12/01/2024
10296,Sara Ahmed,25/01/2024,Keyboard,Electronics,701.24,-1,,Pakistan,701.24,1,Sara Ahmed,,25/01/2024
10297,Usman Ali,27/01/2024,Monitor,Electronics,652.14,-1,,Pakistan,652.14,1,Usman Ali,,27/01/2024
10298,Ahmed Raza,12/01/2024,Chair,Furniture, ,4,,Pakistan,507.98,4,Ahmed Raza,,12/01/2024
10299,Ayesha Noor,22/01/2024,Headphones,Electronics,396.61,1,396.61,Pakistan,396.61,1,Ayesha Noor,396.61,22/01/2024
10301,,27/01/2024,Monitor,Electronics,434.35,4,1737.4,Pakistan,434.35,4,Unknown,1737.4,27/01/2024
10303,Bilal Ahmed,15/01/2024,Chair,Furniture, ,-1,,Pakistan,507.98,1,Bilal Ahmed,,15/01/2024
10304,Usman Ali,13/01/2024,Monitor,Electronics,,-1,,Pakistan,507.98,1,Usman Ali,,13/01/2024
10306,Hina Khan,13/01/2024,Laptop,Electronics, ,4,,Pakistan,507.98,4,Hina Khan,,13/01/2024
10307,,07/01/2024,Mouse,Electronics, ,,,Pakistan,507.98,1,Unknown,,07/01/2024
10308,Hina Khan,01/01/2024,Laptop,Electronics,,4,,Pakistan,507.98,4,Hina Khan,,01/01/2024
10309,Sara Ahmed,12/01/2024,Chair,Furniture, ,1,,Pakistan,507.98,1,Sara Ahmed,,12/01/2024
10311,,14/01/2024,Mouse,Electronics,,4,,Pakistan,507.98,4,Unknown,,14/01/2024
10312,Ali Khan,26/01/2024,Monitor,Electronics,,3,,Pakistan,507.98,3,Ali Khan,,26/01/2024
10313,Ali Khan,15/01/2024,Headphones,Electronics,,4,,Pakistan,507.98,4,Ali Khan,,15/01/2024
10314,Ahmed Raza,28/01/2024,Mouse,Electronics, ,1,,Pakistan,507.98,1,Ahmed Raza,,28/01/2024
10317,,21/01/2024,Monitor,Electronics, ,1,,Pakistan,507.98,1,Unknown,,21/01/2024
10318,Ahmed Raza,07/01/2024,Monitor,Electronics, ,,,Pakistan,507.98,1,Ahmed Raza,,07/01/2024
10321,Sara Ahmed,18/01/2024,Chair,Furniture, ,,,Pakistan,507.98,1,Sara Ahmed,,18/01/2024
10323,Ayesha Noor,24/01/2024,Table,Furniture,727.95,,,Pakistan,727.95,1,Ayesha Noor,,24/01/2024
10325,Ahmed Raza,26/01/2024,Monitor,Electronics,410.39,,,Pakistan,410.39,1,Ahmed Raza,,26/01/2024
10327,Sara Ahmed,16/01/2024,Headphones,Electronics,913.64,,,Pakistan,913.64,1,Sara Ahmed,,16/01/2024
10330,Hina Khan,29/01/2024,Chair,Furniture,,,,Pakistan,507.98,1,Hina Khan,,29/01/2024
10332,Bilal Ahmed,02/01/2024,Laptop,Electronics,,,,Pakistan,507.98,1,Bilal Ahmed,,02/01/2024
10335,Ayesha Noor,27/01/2024,Mouse,Electronics, ,,,Pakistan,507.98,1,Ayesha Noor,,27/01/2024
10337,Ali Khan,23/01/2024,Headphones,Electronics, ,3,,Pakistan,507.98,3,Ali Khan,,23/01/2024
10338,Ali Khan,16/01/2024,Monitor,Electronics,347.49,-1,,Pakistan,347.49,1,Ali Khan,,16/01/2024
10339,Hina Khan,14/01/2024,Phone,Electronics,802.87,-1,,Pakistan,802.87,1,Hina Khan,,14/01/2024
10341,Sara Ahmed,23/01/2024,Mouse,Electronics,,,,Pakistan,507.98,1,Sara Ahmed,,23/01/2024
10343,,18/01/2024,Mouse,Electronics,,,,Pakistan,507.98,1,Unknown,,18/01/2024
10344,Bilal Ahmed,16/01/2024,Chair,Furniture,178.55,1,178.55,Pakistan,178.55,1,Bilal Ahmed,178.55,16/01/2024
10346,Sara Ahmed,23/01/2024,Laptop,Electronics,580.09,,,Pakistan,580.09,1,Sara Ahmed,,23/01/2024
10349,Bilal Ahmed,24/01/2024,Table,Furniture, ,-1,,Pakistan,507.98,1,Bilal Ahmed,,24/01/2024
10351,Hina Khan,09/01/2024,Keyboard,Electronics,780.82,2,1561.64,Pakistan,780.82,2,Hina Khan,1561.64,09/01/2024
10352,Sara Ahmed,30/01/2024,Headphones,Electronics, ,4,,Pakistan,507.98,4,Sara Ahmed,,30/01/2024
10354,Bilal Ahmed,05/01/2024,Headphones,Electronics, ,4,,Pakistan,507.98,4,Bilal Ahmed,,05/01/2024
10355,,19/01/2024,Chair,Furniture,48.11,2,96.22,Pakistan,48.11,2,Unknown,96.22,19/01/2024
10356,Ali Khan,01/01/2024,Keyboard,Electronics,,-1,,Pakistan,507.98,1,Ali Khan,,01/01/2024
10357,Bilal Ahmed,12/01/2024,Laptop,Electronics,,-1,,Pakistan,507.98,1,Bilal Ahmed,,12/01/2024
10359,Bilal Ahmed,16/01/2024,Chair,Furniture,997.98,-1,,Pakistan,997.98,1,Bilal Ahmed,,16/01/2024
10360,Hina Khan,16/01/2024,Monitor,Electronics,,-1,,Pakistan,507.98,1,Hina Khan,,16/01/2024
10361,Sara Ahmed,04/01/2024,Phone,Electronics, ,-1,,Pakistan,507.98,1,Sara Ahmed,,04/01/2024
10364,Sara Ahmed,03/01/2024,Keyboard,Electronics, ,3,,Pakistan,507.98,3,Sara Ahmed,,03/01/2024
10365,Ayesha Noor,11/01/2024,Headphones,Electronics,,-1,,Pakistan,507.98,1,Ayesha Noor,,11/01/2024
10366,,01/01/2024,Table,Furniture,,-1,,Pakistan,507.98,1,Unknown,,01/01/2024
10367,Ayesha Noor,03/01/2024,Chair,Furniture,974.58,-1,,Pakistan,974.58,1,Ayesha Noor,,03/01/2024
10369,Bilal Ahmed,19/01/2024,Chair,Furniture,586.43,,,Pakistan,586.43,1,Bilal Ahmed,,19/01/2024
10370,Bilal Ahmed,18/01/2024,Chair,Furniture,158.39,-1,,Pakistan,158.39,1,Bilal Ahmed,,18/01/2024
10371,Ahmed Raza,25/01/2024,Mouse,Electronics,259.16,-1,,Pakistan,259.16,1,Ahmed Raza,,25/01/2024
10373,Sara Ahmed,10/01/2024,Laptop,Electronics,358.85,1,358.85,Pakistan,358.85,1,Sara Ahmed,358.85,10/01/2024
10374,Hina Khan,28/01/2024,Headphones,Electronics,,4,,Pakistan,507.98,4,Hina Khan,,28/01/2024
10376,Hina Khan,17/01/2024,Headphones,Electronics,,1,,Pakistan,507.98,1,Hina Khan,,17/01/2024
10377,Sara Ahmed,02/01/2024,Phone,Electronics,784.46,-1,,Pakistan,784.46,1,Sara Ahmed,,02/01/2024
10378,Ali Khan,26/01/2024,Phone,Electronics,974.91,,,Pakistan,974.91,1,Ali Khan,,26/01/2024
10379,Sara Ahmed,02/01/2024,Chair,Furniture, ,1,,Pakistan,507.98,1,Sara Ahmed,,02/01/2024
10380,Hina Khan,13/01/2024,Chair,Furniture,51.61,4,206.44,Pakistan,51.61,4,Hina Khan,206.44,13/01/2024
10381,Bilal Ahmed,21/01/2024,Headphones,Electronics,382.15,4,1528.6,Pakistan,382.15,4,Bilal Ahmed,1528.6,21/01/2024
10382,Hina Khan,22/01/2024,Chair,Furniture,189.51,,,Pakistan,189.51,1,Hina Khan,,22/01/2024
10383,Ayesha Noor,13/01/2024,Laptop,Electronics, ,4,,Pakistan,507.98,4,Ayesha Noor,,13/01/2024
10384,Sara Ahmed,05/01/2024,Laptop,Electronics, ,1,,Pakistan,507.98,1,Sara Ahmed,,05/01/2024
10387,Ali Khan,04/01/2024,Laptop,Electronics, ,2,,Pakistan,507.98,2,Ali Khan,,04/01/2024
10388,Bilal Ahmed,06/01/2024,Headphones,Electronics, ,4,,Pakistan,507.98,4,Bilal Ahmed,,06/01/2024
10389,Bilal Ahmed,06/01/2024,Chair,Furniture,,3,,Pakistan,507.98,3,Bilal Ahmed,,06/01/2024
10390,Ali Khan,28/01/2024,Laptop,Electronics,679.06,,,Pakistan,679.06,1,Ali Khan,,28/01/2024
10391,Ayesha Noor,06/01/2024,Monitor,Electronics, ,1,,Pakistan,507.98,1,Ayesha Noor,,06/01/2024
10392,,28/01/2024,Table,Furniture,,,,Pakistan,507.98,1,Unknown,,28/01/2024
10393,Hina Khan,14/01/2024,Monitor,Electronics,821.72,3,2465.16,Pakistan,821.72,3,Hina Khan,2465.16,14/01/2024
10394,Ahmed Raza,11/01/2024,Monitor,Electronics, ,-1,,Pakistan,507.98,1,Ahmed Raza,,11/01/2024
10396,Hina Khan,20/01/2024,Mouse,Electronics,293.03,,,Pakistan,293.03,1,Hina Khan,,20/01/2024
10397,Hina Khan,18/01/2024,Chair,Furniture,866.69,1,866.69,Pakistan,866.69,1,Hina Khan,866.69,18/01/2024
10398,Bilal Ahmed,12/01/2024,Headphones,Electronics,,,,Pakistan,507.98,1,Bilal Ahmed,,12/01/2024
10399,,20/01/2024,Table,Furniture, ,-1,,Pakistan,507.98,1,Unknown,,20/01/2024
10400,Hina Khan,19/01/2024,Table,Furniture, ,-1,,Pakistan,507.98,1,Hina Khan,,19/01/2024
10401,Bilal Ahmed,23/01/2024,Keyboard,Electronics,819.74,-1,,Pakistan,819.74,1,Bilal Ahmed,,23/01/2024
10403,Usman Ali,20/01/2024,Keyboard,Electronics,39.48,-1,,Pakistan,39.48,1,Usman Ali,,20/01/2024
10404,Ayesha Noor,24/01/2024,Phone,Electronics, ,,,Pakistan,507.98,1,Ayesha Noor,,24/01/2024
10405,Usman Ali,05/01/2024,Keyboard,Electronics, ,-1,,Pakistan,507.98,1,Usman Ali,,05/01/2024
10406,Usman Ali,30/01/2024,Mouse,Electronics,980.24,,,Pakistan,980.24,1,Usman Ali,,30/01/2024
10407,,03/01/2024,Headphones,Electronics,849.95,-1,,Pakistan,849.95,1,Unknown,,03/01/2024
10408,Usman Ali,06/01/2024,Keyboard,Electronics,,4,,Pakistan,507.98,4,Usman Ali,,06/01/2024
10410,Hina Khan,08/01/2024,Table,Furniture, ,4,,Pakistan,507.98,4,Hina Khan,,08/01/2024
10411,Ayesha Noor,08/01/2024,Chair,Furniture,,-1,,Pakistan,507.98,1,Ayesha Noor,,08/01/2024
10412,Sara Ahmed,12/01/2024,Laptop,Electronics, ,4,,Pakistan,507.98,4,Sara Ahmed,,12/01/2024
10413,Hina Khan,30/01/2024,Monitor,Electronics, ,2,,Pakistan,507.98,2,Hina Khan,,30/01/2024
10414,Bilal Ahmed,15/01/2024,Monitor,Electronics, ,4,,Pakistan,507.98,4,Bilal Ahmed,,15/01/2024
10416,,25/01/2024,Phone,Electronics, ,,,Pakistan,507.98,1,Unknown,,25/01/2024
10417,Ahmed Raza,20/01/2024,Keyboard,Electronics,570.06,,,Pakistan,570.06,1,Ahmed Raza,,20/01/2024
10418,Ahmed Raza,19/01/2024,Table,Furniture,,3,,Pakistan,507.98,3,Ahmed Raza,,19/01/2024
10419,Ahmed Raza,04/01/2024,Mouse,Electronics,549.46,2,1098.92,Pakistan,549.46,2,Ahmed Raza,1098.92,04/01/2024
10422,Ayesha Noor,04/01/2024,Mouse,Electronics,,,,Pakistan,507.98,1,Ayesha Noor,,04/01/2024
10423,,28/01/2024,Headphones,Electronics,,4,,Pakistan,507.98,4,Unknown,,28/01/2024
10424,Ayesha Noor,28/01/2024,Table,Furniture, ,-1,,Pakistan,507.98,1,Ayesha Noor,,28/01/2024
10425,Hina Khan,30/01/2024,Laptop,Electronics,161.53,,,Pakistan,161.53,1,Hina Khan,,30/01/2024
10428,Bilal Ahmed,13/01/2024,Mouse,Electronics,,3,,Pakistan,507.98,3,Bilal Ahmed,,13/01/2024
10430,Ayesha Noor,28/01/2024,Keyboard,Electronics,,,,Pakistan,507.98,1,Ayesha Noor,,28/01/2024
10431,Ali Khan,11/01/2024,Laptop,Electronics,695.16,,,Pakistan,695.16,1,Ali Khan,,11/01/2024
10433,Ahmed Raza,26/01/2024,Mouse,Electronics, ,4,,Pakistan,507.98,4,Ahmed Raza,,26/01/2024
10434,Sara Ahmed,12/01/2024,Headphones,Electronics, ,,,Pakistan,507.98,1,Sara Ahmed,,12/01/2024
10436,Ali Khan,24/01/2024,Chair,Furniture,224.74,1,224.74,Pakistan,224.74,1,Ali Khan,224.74,24/01/2024
10437,Hina Khan,23/01/2024,Monitor,Electronics,,2,,Pakistan,507.98,2,Hina Khan,,23/01/2024
10439,Bilal Ahmed,11/01/2024,Phone,Electronics,454.24,,,Pakistan,454.24,1,Bilal Ahmed,,11/01/2024
10440,Ahmed Raza,25/01/2024,Monitor,Electronics, ,-1,,Pakistan,507.98,1,Ahmed Raza,,25/01/2024
10442,Usman Ali,13/01/2024,Headphones,Electronics,745.18,4,2980.72,Pakistan,745.18,4,Usman Ali,2980.72,13/01/2024
10443,Bilal Ahmed,20/01/2024,Laptop,Electronics,,,,Pakistan,507.98,1,Bilal Ahmed,,20/01/2024
10444,Ayesha Noor,22/01/2024,Mouse,Electronics, ,1,,Pakistan,507.98,1,Ayesha Noor,,22/01/2024
10446,Ahmed Raza,06/01/2024,Keyboard,Electronics, ,,,Pakistan,507.98,1,Ahmed Raza,,06/01/2024
10448,Hina Khan,13/01/2024,Table,Furniture,,1,,Pakistan,507.98,1,Hina Khan,,13/01/2024
10449,Ayesha Noor,18/01/2024,Phone,Electronics,,,,Pakistan,507.98,1,Ayesha Noor,,18/01/2024
10450,Ali Khan,08/01/2024,Keyboard,Electronics, ,1,,Pakistan,507.98,1,Ali Khan,,08/01/2024
10451,Ali Khan,09/01/2024,Monitor,Electronics,,-1,,Pakistan,507.98,1,Ali Khan,,09/01/2024
10452,Sara Ahmed,20/01/2024,Headphones,Electronics, ,,,Pakistan,507.98,1,Sara Ahmed,,20/01/2024
10453,,20/01/2024,Headphones,Electronics, ,,,Pakistan,507.98,1,Unknown,,20/01/2024
10454,Bilal Ahmed,27/01/2024,Mouse,Electronics,624.34,1,624.34,Pakistan,624.34,1,Bilal Ahmed,624.34,27/01/2024
10455,Bilal Ahmed,03/01/2024,Mouse,Electronics, ,,,Pakistan,507.98,1,Bilal Ahmed,,03/01/2024
10456,Ali Khan,14/01/2024,Laptop,Electronics,,,,Pakistan,507.98,1,Ali Khan,,14/01/2024
10457,Hina Khan,01/01/2024,Chair,Furniture,,,,Pakistan,507.98,1,Hina Khan,,01/01/2024
10458,Ali Khan,23/01/2024,Laptop,Electronics,629.32,-1,,Pakistan,629.32,1,Ali Khan,,23/01/2024
10459,Usman Ali,15/01/2024,Mouse,Electronics, ,,,Pakistan,507.98,1,Usman Ali,,15/01/2024
10460,Ayesha Noor,30/01/2024,Phone,Electronics, ,,,Pakistan,507.98,1,Ayesha Noor,,30/01/2024
10461,Usman Ali,18/01/2024,Chair,Furniture,391.00,,,Pakistan,391.00,1,Usman Ali,,18/01/2024
10462,Sara Ahmed,11/01/2024,Keyboard,Electronics,,-1,,Pakistan,507.98,1,Sara Ahmed,,11/01/2024
10464,Usman Ali,21/01/2024,Laptop,Electronics,957.50,,,Pakistan,957.50,1,Usman Ali,,21/01/2024
10465,,22/01/2024,Mouse,Electronics,510.88,-1,,Pakistan,510.88,1,Unknown,,22/01/2024
10466,,08/01/2024,Keyboard,Electronics,,-1,,Pakistan,507.98,1,Unknown,,08/01/2024
10467,Sara Ahmed,07/01/2024,Table,Furniture, ,,,Pakistan,507.98,1,Sara Ahmed,,07/01/2024
10468,,18/01/2024,Headphones,Electronics,,4,,Pakistan,507.98,4,Unknown,,18/01/2024
10469,Hina Khan,20/01/2024,Laptop,Electronics, ,,,Pakistan,507.98,1,Hina Khan,,20/01/2024
10471,Usman Ali,02/01/2024,Phone,Electronics,400.39,,,Pakistan,400.39,1,Usman Ali,,02/01/2024
10472,Hina Khan,11/01/2024,Laptop,Electronics, ,-1,,Pakistan,507.98,1,Hina Khan,,11/01/2024
10473,Ayesha Noor,29/01/2024,Chair,Furniture,941.10,2,1882.2,Pakistan,941.10,2,Ayesha Noor,1882.2,29/01/2024
10474,Bilal Ahmed,02/01/2024,Mouse,Electronics, ,2,,Pakistan,507.98,2,Bilal Ahmed,,02/01/2024
10476,Hina Khan,30/01/2024,Chair,Furniture, ,-1,,Pakistan,507.98,1,Hina Khan,,30/01/2024
10477,,06/01/2024,Monitor,Electronics,,2,,Pakistan,507.98,2,Unknown,,06/01/2024
10478,Ahmed Raza,26/01/2024,Mouse,Electronics,,2,,Pakistan,507.98,2,Ahmed Raza,,26/01/2024
10479,Bilal Ahmed,10/01/2024,Table,Furniture,,2,,Pakistan,507.98,2,Bilal Ahmed,,10/01/2024
10480,Usman Ali,27/01/2024,Monitor,Electronics,,,,Pakistan,507.98,1,Usman Ali,,27/01/2024
10483,Sara Ahmed,23/01/2024,Chair,Furniture,900.90,-1,,Pakistan,900.90,1,Sara Ahmed,,23/01/2024
10484,Sara Ahmed,14/01/2024,Chair,Furniture, ,2,,Pakistan,507.98,2,Sara Ahmed,,14/01/2024
10487,,24/01/2024,Mouse,Electronics, ,,,Pakistan,507.98,1,Unknown,,24/01/2024
10488,,05/01/2024,Headphones,Electronics,,2,,Pakistan,507.98,2,Unknown,,05/01/2024
10489,Ahmed Raza,23/01/2024,Monitor,Electronics, ,,,Pakistan,507.98,1,Ahmed Raza,,23/01/2024
10490,Ali Khan,25/01/2024,Monitor,Electronics,701.31,-1,,Pakistan,701.31,1,Ali Khan,,25/01/2024
10491,,08/01/2024,Headphones,Electronics, ,,,Pakistan,507.98,1,Unknown,,08/01/2024
10492,Hina Khan,21/01/2024,Table,Furniture,817.56,-1,,Pakistan,817.56,1,Hina Khan,,21/01/2024
10494,,20/01/2024,Table,Furniture,,4,,Pakistan,507.98,4,Unknown,,20/01/2024
10497,Usman Ali,12/01/2024,Chair,Furniture,,,,Pakistan,507.98,1,Usman Ali,,12/01/2024
10498,,23/01/2024,Laptop,Electronics,818.60,,,Pakistan,818.60,1,Unknown,,23/01/2024
10500,,05/01/2024,Table,Furniture, ,1,,Pakistan,507.98,1,Unknown,,05/01/2024
10501,Hina Khan,04/01/2024,Table,Furniture,,4,,Pakistan,507.98,4,Hina Khan,,04/01/2024
10502,Sara Ahmed,17/01/2024,Headphones,Electronics,,3,,Pakistan,507.98,3,Sara Ahmed,,17/01/2024
10503,Sara Ahmed,23/01/2024,Keyboard,Electronics,539.46,-1,,Pakistan,539.46,1,Sara Ahmed,,23/01/2024
10504,Ali Khan,07/01/2024,Mouse,Electronics,,3,,Pakistan,507.98,3,Ali Khan,,07/01/2024
10505,Bilal Ahmed,07/01/2024,Headphones,Electronics,,,,Pakistan,507.98,1,Bilal Ahmed,,07/01/2024
10507,,07/01/2024,Chair,Furniture, ,-1,,Pakistan,507.98,1,Unknown,,07/01/2024
10508,Sara Ahmed,17/01/2024,Laptop,Electronics, ,-1,,Pakistan,507.98,1,Sara Ahmed,,17/01/2024
10509,Hina Khan,26/01/2024,Laptop,Electronics,,,,Pakistan,507.98,1,Hina Khan,,26/01/2024
10510,Ali Khan,21/01/2024,Keyboard,Electronics,34.05,2,68.1,Pakistan,34.05,2,Ali Khan,68.1,21/01/2024
10512,Ali Khan,14/01/2024,Mouse,Electronics,478.89,-1,,Pakistan,478.89,1,Ali Khan,,14/01/2024
10513,Ahmed Raza,24/01/2024,Phone,Electronics,,-1,,Pakistan,507.98,1,Ahmed Raza,,24/01/2024
10514,Usman Ali,04/01/2024,Chair,Furniture,267.75,-1,,Pakistan,267.75,1,Usman Ali,,04/01/2024
10515,,22/01/2024,Keyboard,Electronics,330.73,-1,,Pakistan,330.73,1,Unknown,,22/01/2024
10516,Bilal Ahmed,03/01/2024,Keyboard,Electronics, ,,,Pakistan,507.98,1,Bilal Ahmed,,03/01/2024
10519,Hina Khan,23/01/2024,Mouse,Electronics, ,3,,Pakistan,507.98,3,Hina Khan,,23/01/2024
10520,Usman Ali,14/01/2024,Laptop,Electronics,,,,Pakistan,507.98,1,Usman Ali,,14/01/2024
10521,Sara Ahmed,03/01/2024,Phone,Electronics,182.31,-1,,Pakistan,182.31,1,Sara Ahmed,,03/01/2024
10522,Bilal Ahmed,05/01/2024,Table,Furniture, ,-1,,Pakistan,507.98,1,Bilal Ahmed,,05/01/2024
10523,Usman Ali,24/01/2024,Keyboard,Electronics,,,,Pakistan,507.98,1,Usman Ali,,24/01/2024
10524,Usman Ali,27/01/2024,Keyboard,Electronics, ,,,Pakistan,507.98,1,Usman Ali,,27/01/2024
10525,Bilal Ahmed,22/01/2024,Headphones,Electronics,,4,,Pakistan,507.98,4,Bilal Ahmed,,22/01/2024
10526,Ali Khan,30/01/2024,Phone,Electronics, ,-1,,Pakistan,507.98,1,Ali Khan,,30/01/2024
10527,Bilal Ahmed,08/01/2024,Mouse,Electronics,990.62,,,Pakistan,990.62,1,Bilal Ahmed,,08/01/2024
10529,Ayesha Noor,04/01/2024,Mouse,Electronics,583.67,3,1751.01,Pakistan,583.67,3,Ayesha Noor,1751.01,04/01/2024
10533,Bilal Ahmed,20/01/2024,Keyboard,Electronics,883.75,-1,,Pakistan,883.75,1,Bilal Ahmed,,20/01/2024
10536,Ali Khan,03/01/2024,Mouse,Electronics,496.51,,,Pakistan,496.51,1,Ali Khan,,03/01/2024
10537,Hina Khan,23/01/2024,Monitor,Electronics,669.50,,,Pakistan,669.50,1,Hina Khan,,23/01/2024
10539,Ayesha Noor,10/01/2024,Laptop,Electronics,,-1,,Pakistan,507.98,1,Ayesha Noor,,10/01/2024
10541,Ayesha Noor,07/01/2024,Chair,Furniture, ,-1,,Pakistan,507.98,1,Ayesha Noor,,07/01/2024
10543,Sara Ahmed,03/01/2024,Laptop,Electronics, ,1,,Pakistan,507.98,1,Sara Ahmed,,03/01/2024
10544,Bilal Ahmed,29/01/2024,Phone,Electronics,684.93,,,Pakistan,684.93,1,Bilal Ahmed,,29/01/2024
10545,Ali Khan,16/01/2024,Monitor,Electronics, ,-1,,Pakistan,507.98,1,Ali Khan,,16/01/2024
10546,Hina Khan,18/01/2024,Headphones,Electronics,382.16,,,Pakistan,382.16,1,Hina Khan,,18/01/2024
10547,,28/01/2024,Phone,Electronics,939.06,,,Pakistan,939.06,1,Unknown,,28/01/2024
10548,Sara Ahmed,02/01/2024,Keyboard,Electronics,,-1,,Pakistan,507.98,1,Sara Ahmed,,02/01/2024
10549,Ayesha Noor,15/01/2024,Phone,Electronics, ,,,Pakistan,507.98,1,Ayesha Noor,,15/01/2024
10550,,30/01/2024,Keyboard,Electronics, ,4,,Pakistan,507.98,4,Unknown,,30/01/2024
10551,Ayesha Noor,19/01/2024,Headphones,Electronics,602.00,1,602,Pakistan,602.00,1,Ayesha Noor,602,19/01/2024
10552,Bilal Ahmed,05/01/2024,Table,Furniture,,-1,,Pakistan,507.98,1,Bilal Ahmed,,05/01/2024
10554,Ahmed Raza,18/01/2024,Mouse,Electronics,822.39,1,822.39,Pakistan,822.39,1,Ahmed Raza,822.39,18/01/2024
10555,Sara Ahmed,22/01/2024,Chair,Furniture, ,4,,Pakistan,507.98,4,Sara Ahmed,,22/01/2024
10556,Ayesha Noor,01/01/2024,Headphones,Electronics,,,,Pakistan,507.98,1,Ayesha Noor,,01/01/2024
10560,,08/01/2024,Chair,Furniture,551.44,1,551.44,Pakistan,551.44,1,Unknown,551.44,08/01/2024
10561,Hina Khan,30/01/2024,Keyboard,Electronics,,-1,,Pakistan,507.98,1,Hina Khan,,30/01/2024
10562,Ahmed Raza,04/01/2024,Phone,Electronics, ,1,,Pakistan,507.98,1,Ahmed Raza,,04/01/2024
10566,Ali Khan,19/01/2024,Laptop,Electronics,,,,Pakistan,507.98,1,Ali Khan,,19/01/2024
10567,,13/01/2024,Headphones,Electronics,,3,,Pakistan,507.98,3,Unknown,,13/01/2024
10568,Hina Khan,05/01/2024,Laptop,Electronics,297.00,-1,,Pakistan,297.00,1,Hina Khan,,05/01/2024
10569,Ali Khan,07/01/2024,Laptop,Electronics,622.33,2,1244.66,Pakistan,622.33,2,Ali Khan,1244.66,07/01/2024
10570,Usman Ali,30/01/2024,Headphones,Electronics, ,3,,Pakistan,507.98,3,Usman Ali,,30/01/2024
10571,Ali Khan,21/01/2024,Monitor,Electronics,326.90,-1,,Pakistan,326.90,1,Ali Khan,,21/01/2024
10573,Hina Khan,17/01/2024,Chair,Furniture, ,3,,Pakistan,507.98,3,Hina Khan,,17/01/2024
10574,Ali Khan,14/01/2024,Mouse,Electronics, ,-1,,Pakistan,507.98,1,Ali Khan,,14/01/2024
10575,Usman Ali,26/01/2024,Laptop,Electronics, ,1,,Pakistan,507.98,1,Usman Ali,,26/01/2024
10576,Bilal Ahmed,28/01/2024,Table,Furniture,,4,,Pakistan,507.98,4,Bilal Ahmed,,28/01/2024
10577,Ali Khan,16/01/2024,Headphones,Electronics,825.31,-1,,Pakistan,825.31,1,Ali Khan,,16/01/2024
10579,Bilal Ahmed,14/01/2024,Mouse,Electronics, ,3,,Pakistan,507.98,3,Bilal Ahmed,,14/01/2024
10581,Bilal Ahmed,05/01/2024,Mouse,Electronics, ,1,,Pakistan,507.98,1,Bilal Ahmed,,05/01/2024
10583,Hina Khan,11/01/2024,Phone,Electronics, ,,,Pakistan,507.98,1,Hina Khan,,11/01/2024
10584,,06/01/2024,Keyboard,Electronics,650.71,1,650.71,Pakistan,650.71,1,Unknown,650.71,06/01/2024
10585,Bilal Ahmed,30/01/2024,Headphones,Electronics,,-1,,Pakistan,507.98,1,Bilal Ahmed,,30/01/2024
10586,Sara Ahmed,15/01/2024,Monitor,Electronics,,-1,,Pakistan,507.98,1,Sara Ahmed,,15/01/2024
10587,Ali Khan,08/01/2024,Chair,Furniture,275.29,3,825.87,Pakistan,275.29,3,Ali Khan,825.87,08/01/2024
10588,Ali Khan,22/01/2024,Mouse,Electronics, ,,,Pakistan,507.98,1,Ali Khan,,22/01/2024
10589,Hina Khan,06/01/2024,Table,Furniture, ,1,,Pakistan,507.98,1,Hina Khan,,06/01/2024
10590,Ali Khan,23/01/2024,Chair,Furniture,,2,,Pakistan,507.98,2,Ali Khan,,23/01/2024
10591,Sara Ahmed,24/01/2024,Headphones,Electronics,340.89,2,681.78,Pakistan,340.89,2,Sara Ahmed,681.78,24/01/2024
10592,Usman Ali,09/01/2024,Monitor,Electronics, ,,,Pakistan,507.98,1,Usman Ali,,09/01/2024
10593,Ayesha Noor,15/01/2024,Laptop,Electronics,,,,Pakistan,507.98,1,Ayesha Noor,,15/01/2024
10594,Bilal Ahmed,25/01/2024,Chair,Furniture,666.45,1,666.45,Pakistan,666.45,1,Bilal Ahmed,666.45,25/01/2024
10595,Ahmed Raza,28/01/2024,Keyboard,Electronics,193.71,,,Pakistan,193.71,1,Ahmed Raza,,28/01/2024
10596,Sara Ahmed,12/01/2024,Chair,Furniture, ,-1,,Pakistan,507.98,1,Sara Ahmed,,12/01/2024
10597,,01/01/2024,Monitor,Electronics,251.09,2,502.18,Pakistan,251.09,2,Unknown,502.18,01/01/2024
10598,Hina Khan,11/01/2024,Table,Furniture, ,,,Pakistan,507.98,1,Hina Khan,,11/01/2024
10601,Hina Khan,20/01/2024,Keyboard,Electronics, ,3,,Pakistan,507.98,3,Hina Khan,,20/01/2024
10603,Hina Khan,03/01/2024,Laptop,Electronics, ,-1,,Pakistan,507.98,1,Hina Khan,,03/01/2024
10604,Ayesha Noor,21/01/2024,Keyboard,Electronics,,-1,,Pakistan,507.98,1,Ayesha Noor,,21/01/2024
10606,Hina Khan,28/01/2024,Chair,Furniture,22.98,-1,,Pakistan,22.98,1,Hina Khan,,28/01/2024
10607,Usman Ali,12/01/2024,Chair,Furniture, ,1,,Pakistan,507.98,1,Usman Ali,,12/01/2024
10608,Hina Khan,21/01/2024,Headphones,Electronics,814.28,-1,,Pakistan,814.28,1,Hina Khan,,21/01/2024
10609,Ahmed Raza,08/01/2024,Phone,Electronics, ,,,Pakistan,507.98,1,Ahmed Raza,,08/01/2024
10610,Usman Ali,25/01/2024,Table,Furniture,958.28,-1,,Pakistan,958.28,1,Usman Ali,,25/01/2024
10611,Ali Khan,27/01/2024,Headphones,Electronics,,-1,,Pakistan,507.98,1,Ali Khan,,27/01/2024
10612,Hina Khan,21/01/2024,Keyboard,Electronics,,-1,,Pakistan,507.98,1,Hina Khan,,21/01/2024
10613,Ali Khan,27/01/2024,Monitor,Electronics,,,,Pakistan,507.98,1,Ali Khan,,27/01/2024
10614,Hina Khan,28/01/2024,Monitor,Electronics,,2,,Pakistan,507.98,2,Hina Khan,,28/01/2024
10615,Usman Ali,18/01/2024,Monitor,Electronics, ,3,,Pakistan,507.98,3,Usman Ali,,18/01/2024
10616,Sara Ahmed,24/01/2024,Mouse,Electronics, ,1,,Pakistan,507.98,1,Sara Ahmed,,24/01/2024
10617,Sara Ahmed,09/01/2024,Table,Furniture,,4,,Pakistan,507.98,4,Sara Ahmed,,09/01/2024
10618,Usman Ali,01/01/2024,Mouse,Electronics, ,,,Pakistan,507.98,1,Usman Ali,,01/01/2024
10619,Bilal Ahmed,08/01/2024,Phone,Electronics,,4,,Pakistan,507.98,4,Bilal Ahmed,,08/01/2024
10620,Bilal Ahmed,11/01/2024,Phone,Electronics,563.90,-1,,Pakistan,563.90,1,Bilal Ahmed,,11/01/2024
10623,Hina Khan,03/01/2024,Chair,Furniture,,,,Pakistan,507.98,1,Hina Khan,,03/01/2024
10624,Bilal Ahmed,23/01/2024,Chair,Furniture,,,,Pakistan,507.98,1,Bilal Ahmed,,23/01/2024
10625,Ayesha Noor,14/01/2024,Phone,Electronics, ,,,Pakistan,507.98,1,Ayesha Noor,,14/01/2024
10626,Hina Khan,18/01/2024,Laptop,Electronics,93.25,-1,,Pakistan,93.25,1,Hina Khan,,18/01/2024
10627,,12/01/2024,Keyboard,Electronics,,-1,,Pakistan,507.98,1,Unknown,,12/01/2024
10628,Ayesha Noor,19/01/2024,Laptop,Electronics,831.94,-1,,Pakistan,831.94,1,Ayesha Noor,,19/01/2024
10629,Ayesha Noor,08/01/2024,Chair,Furniture,256.92,,,Pakistan,256.92,1,Ayesha Noor,,08/01/2024
10630,Ali Khan,29/01/2024,Laptop,Electronics,,4,,Pakistan,507.98,4,Ali Khan,,29/01/2024
10631,Ayesha Noor,10/01/2024,Monitor,Electronics, ,-1,,Pakistan,507.98,1,Ayesha Noor,,10/01/2024
10634,Hina Khan,21/01/2024,Table,Furniture,866.95,,,Pakistan,866.95,1,Hina Khan,,21/01/2024
10635,Bilal Ahmed,11/01/2024,Chair,Furniture,151.79,-1,,Pakistan,151.79,1,Bilal Ahmed,,11/01/2024
10636,Hina Khan,28/01/2024,Table,Furniture, ,2,,Pakistan,507.98,2,Hina Khan,,28/01/2024
10637,Bilal Ahmed,07/01/2024,Chair,Furniture,,-1,,Pakistan,507.98,1,Bilal Ahmed,,07/01/2024
10639,Ali Khan,19/01/2024,Chair,Furniture,715.23,,,Pakistan,715.23,1,Ali Khan,,19/01/2024
10640,Ahmed Raza,27/01/2024,Chair,Furniture,419.67,4,1678.68,Pakistan,419.67,4,Ahmed Raza,1678.68,27/01/2024
10641,,21/01/2024,Monitor,Electronics,143.99,,,Pakistan,143.99,1,Unknown,,21/01/2024
10642,Ali Khan,13/01/2024,Phone,Electronics,,,,Pakistan,507.98,1,Ali Khan,,13/01/2024
10643,Bilal Ahmed,29/01/2024,Phone,Electronics,624.50,-1,,Pakistan,624.50,1,Bilal Ahmed,,29/01/2024
10645,,16/01/2024,Laptop,Electronics,162.65,,,Pakistan,162.65,1,Unknown,,16/01/2024
10646,Hina Khan,01/01/2024,Table,Furniture, ,-1,,Pakistan,507.98,1,Hina Khan,,01/01/2024
10647,Sara Ahmed,23/01/2024,Phone,Electronics, ,4,,Pakistan,507.98,4,Sara Ahmed,,23/01/2024
10648,Usman Ali,30/01/2024,Monitor,Electronics,985.81,3,2957.43,Pakistan,985.81,3,Usman Ali,2957.43,30/01/2024
10649,Usman Ali,14/01/2024,Phone,Electronics, ,1,,Pakistan,507.98,1,Usman Ali,,14/01/2024
10650,,13/01/2024,Chair,Furniture,,2,,Pakistan,507.98,2,Unknown,,13/01/2024
10651,Ahmed Raza,24/01/2024,Keyboard,Electronics,,-1,,Pakistan,507.98,1,Ahmed Raza,,24/01/2024
10652,Sara Ahmed,30/01/2024,Laptop,Electronics,258.09,,,Pakistan,258.09,1,Sara Ahmed,,30/01/2024
10653,Ali Khan,17/01/2024,Laptop,Electronics,903.90,-1,,Pakistan,903.90,1,Ali Khan,,17/01/2024
10655,Bilal Ahmed,26/01/2024,Table,Furniture, ,-1,,Pakistan,507.98,1,Bilal Ahmed,,26/01/2024
10656,Usman Ali,19/01/2024,Keyboard,Electronics, ,4,,Pakistan,507.98,4,Usman Ali,,19/01/2024
10657,Hina Khan,24/01/2024,Monitor,Electronics, ,,,Pakistan,507.98,1,Hina Khan,,24/01/2024
10658,Bilal Ahmed,09/01/2024,Mouse,Electronics,655.47,1,655.47,Pakistan,655.47,1,Bilal Ahmed,655.47,09/01/2024
10659,Usman Ali,17/01/2024,Chair,Furniture, ,,,Pakistan,507.98,1,Usman Ali,,17/01/2024
10660,Usman Ali,30/01/2024,Table,Furniture,159.10,-1,,Pakistan,159.10,1,Usman Ali,,30/01/2024
10662,Sara Ahmed,02/01/2024,Keyboard,Electronics,612.01,-1,,Pakistan,612.01,1,Sara Ahmed,,02/01/2024
10663,Ahmed Raza,15/01/2024,Headphones,Electronics,197.35,,,Pakistan,197.35,1,Ahmed Raza,,15/01/2024
10664,Usman Ali,21/01/2024,Keyboard,Electronics,,,,Pakistan,507.98,1,Usman Ali,,21/01/2024
10665,Sara Ahmed,22/01/2024,Mouse,Electronics, ,4,,Pakistan,507.98,4,Sara Ahmed,,22/01/2024
10666,Hina Khan,30/01/2024,Phone,Electronics, ,-1,,Pakistan,507.98,1,Hina Khan,,30/01/2024
10667,Hina Khan,06/01/2024,Chair,Furniture, ,,,Pakistan,507.98,1,Hina Khan,,06/01/2024
10668,Ahmed Raza,17/01/2024,Table,Furniture,190.56,-1,,Pakistan,190.56,1,Ahmed Raza,,17/01/2024
10669,,10/01/2024,Monitor,Electronics, ,-1,,Pakistan,507.98,1,Unknown,,10/01/2024
10671,Ali Khan,11/01/2024,Headphones,Electronics, ,,,Pakistan,507.98,1,Ali Khan,,11/01/2024
10672,Hina Khan,22/01/2024,Headphones,Electronics, ,-1,,Pakistan,507.98,1,Hina Khan,,22/01/2024
10673,,29/01/2024,Mouse,Electronics, ,,,Pakistan,507.98,1,Unknown,,29/01/2024
10675,Sara Ahmed,10/01/2024,Chair,Furniture,695.82,,,Pakistan,695.82,1,Sara Ahmed,,10/01/2024
10677,Sara Ahmed,22/01/2024,Keyboard,Electronics,420.48,1,420.48,Pakistan,420.48,1,Sara Ahmed,420.48,22/01/2024
10678,Ahmed Raza,05/01/2024,Phone,Electronics,398.72,,,Pakistan,398.72,1,Ahmed Raza,,05/01/2024
10679,,09/01/2024,Table,Furniture, ,4,,Pakistan,507.98,4,Unknown,,09/01/2024
10680,,27/01/2024,Headphones,Electronics,400.11,-1,,Pakistan,400.11,1,Unknown,,27/01/2024
10683,Usman Ali,26/01/2024,Monitor,Electronics,,,,Pakistan,507.98,1,Usman Ali,,26/01/2024
10684,Usman Ali,05/01/2024,Chair,Furniture,283.93,-1,,Pakistan,283.93,1,Usman Ali,,05/01/2024
10685,Usman Ali,19/01/2024,Keyboard,Electronics,39.07,,,Pakistan,39.07,1,Usman Ali,,19/01/2024
10686,Ayesha Noor,13/01/2024,Monitor,Electronics,120.40,-1,,Pakistan,120.40,1,Ayesha Noor,,13/01/2024
10687,Ali Khan,06/01/2024,Laptop,Electronics,188.62,4,754.48,Pakistan,188.62,4,Ali Khan,754.48,06/01/2024
10688,Sara Ahmed,13/01/2024,Chair,Furniture, ,3,,Pakistan,507.98,3,Sara Ahmed,,13/01/2024
10689,Ayesha Noor,27/01/2024,Monitor,Electronics,,-1,,Pakistan,507.98,1,Ayesha Noor,,27/01/2024
10690,Usman Ali,09/01/2024,Chair,Furniture, ,-1,,Pakistan,507.98,1,Usman Ali,,09/01/2024
10691,Sara Ahmed,07/01/2024,Table,Furniture,411.12,2,822.24,Pakistan,411.12,2,Sara Ahmed,822.24,07/01/2024
10692,Ali Khan,07/01/2024,Laptop,Electronics, ,-1,,Pakistan,507.98,1,Ali Khan,,07/01/2024
10694,,16/01/2024,Chair,Furniture, ,,,Pakistan,507.98,1,Unknown,,16/01/2024
10695,Usman Ali,15/01/2024,Table,Furniture, ,3,,Pakistan,507.98,3,Usman Ali,,15/01/2024
10696,Ayesha Noor,22/01/2024,Table,Furniture,,,,Pakistan,507.98,1,Ayesha Noor,,22/01/2024
10698,Usman Ali,16/01/2024,Mouse,Electronics,162.65,-1,,Pakistan,162.65,1,Usman Ali,,16/01/2024
10699,Bilal Ahmed,11/01/2024,Laptop,Electronics,475.57,-1,,Pakistan,475.57,1,Bilal Ahmed,,11/01/2024
10700,Ali Khan,13/01/2024,Monitor,Electronics, ,,,Pakistan,507.98,1,Ali Khan,,13/01/2024
10702,Ayesha Noor,13/01/2024,Mouse,Electronics, ,-1,,Pakistan,507.98,1,Ayesha Noor,,13/01/2024
10703,Bilal Ahmed,26/01/2024,Laptop,Electronics,,-1,,Pakistan,507.98,1,Bilal Ahmed,,26/01/2024
10705,Usman Ali,19/01/2024,Monitor,Electronics,640.03,,,Pakistan,640.03,1,Usman Ali,,19/01/2024
10706,Bilal Ahmed,05/01/2024,Keyboard,Electronics,178.02,-1,,Pakistan,178.02,1,Bilal Ahmed,,05/01/2024
10707,,12/01/2024,Laptop,Electronics,,2,,Pakistan,507.98,2,Unknown,,12/01/2024
10708,Bilal Ahmed,16/01/2024,Mouse,Electronics,83.35,,,Pakistan,83.35,1,Bilal Ahmed,,16/01/2024
10709,Ahmed Raza,09/01/2024,Mouse,Electronics,,,,Pakistan,507.98,1,Ahmed Raza,,09/01/2024
10710,Ali Khan,26/01/2024,Phone,Electronics, ,-1,,Pakistan,507.98,1,Ali Khan,,26/01/2024
10711,Ayesha Noor,23/01/2024,Phone,Electronics, ,1,,Pakistan,507.98,1,Ayesha Noor,,23/01/2024
10712,,30/01/2024,Chair,Furniture,699.63,-1,,Pakistan,699.63,1,Unknown,,30/01/2024
10713,,05/01/2024,Mouse,Electronics,833.92,-1,,Pakistan,833.92,1,Unknown,,05/01/2024
10714,Ahmed Raza,08/01/2024,Table,Furniture,505.75,-1,,Pakistan,505.75,1,Ahmed Raza,,08/01/2024
10716,Ali Khan,21/01/2024,Chair,Furniture,,1,,Pakistan,507.98,1,Ali Khan,,21/01/2024
10717,Ali Khan,21/01/2024,Mouse,Electronics, ,-1,,Pakistan,507.98,1,Ali Khan,,21/01/2024
10718,Ali Khan,07/01/2024,Mouse,Electronics, ,,,Pakistan,507.98,1,Ali Khan,,07/01/2024
10720,Ahmed Raza,02/01/2024,Table,Furniture, ,,,Pakistan,507.98,1,Ahmed Raza,,02/01/2024
10721,Usman Ali,27/01/2024,Keyboard,Electronics,185.85,3,557.55,Pakistan,185.85,3,Usman Ali,557.55,27/01/2024
10722,Usman Ali,13/01/2024,Table,Furniture,685.52,1,685.52,Pakistan,685.52,1,Usman Ali,685.52,13/01/2024
10723,Ahmed Raza,19/01/2024,Mouse,Electronics,163.48,-1,,Pakistan,163.48,1,Ahmed Raza,,19/01/2024
10724,Ali Khan,15/01/2024,Headphones,Electronics,,,,Pakistan,507.98,1,Ali Khan,,15/01/2024
10725,Usman Ali,26/01/2024,Mouse,Electronics,343.08,,,Pakistan,343.08,1,Usman Ali,,26/01/2024
10726,Usman Ali,24/01/2024,Keyboard,Electronics, ,-1,,Pakistan,507.98,1,Usman Ali,,24/01/2024
10727,Ali Khan,12/01/2024,Headphones,Electronics, ,1,,Pakistan,507.98,1,Ali Khan,,12/01/2024
10728,Ali Khan,04/01/2024,Keyboard,Electronics,953.10,-1,,Pakistan,953.10,1,Ali Khan,,04/01/2024
10729,Hina Khan,21/01/2024,Monitor,Electronics, ,-1,,Pakistan,507.98,1,Hina Khan,,21/01/2024
10730,,18/01/2024,Mouse,Electronics, ,-1,,Pakistan,507.98,1,Unknown,,18/01/2024
10731,,05/01/2024,Mouse,Electronics,,,,Pakistan,507.98,1,Unknown,,05/01/2024
10733,Ayesha Noor,01/01/2024,Chair,Furniture,,,,Pakistan,507.98,1,Ayesha Noor,,01/01/2024
10734,Ali Khan,06/01/2024,Keyboard,Electronics,584.86,-1,,Pakistan,584.86,1,Ali Khan,,06/01/2024
10735,Ahmed Raza,18/01/2024,Mouse,Electronics,,2,,Pakistan,507.98,2,Ahmed Raza,,18/01/2024
10736,Sara Ahmed,18/01/2024,Chair,Furniture,249.17,-1,,Pakistan,249.17,1,Sara Ahmed,,18/01/2024
10737,,18/01/2024,Table,Furniture,,3,,Pakistan,507.98,3,Unknown,,18/01/2024
10738,Bilal Ahmed,04/01/2024,Laptop,Electronics, ,-1,,Pakistan,507.98,1,Bilal Ahmed,,04/01/2024
10739,Ayesha Noor,06/01/2024,Phone,Electronics,467.14,,,Pakistan,467.14,1,Ayesha Noor,,06/01/2024
10740,Sara Ahmed,05/01/2024,Headphones,Electronics, ,4,,Pakistan,507.98,4,Sara Ahmed,,05/01/2024
10742,Usman Ali,19/01/2024,Keyboard,Electronics, ,-1,,Pakistan,507.98,1,Usman Ali,,19/01/2024
10743,Ali Khan,30/01/2024,Monitor,Electronics,,3,,Pakistan,507.98,3,Ali Khan,,30/01/2024
10744,Ahmed Raza,25/01/2024,Phone,Electronics, ,-1,,Pakistan,507.98,1,Ahmed Raza,,25/01/2024
10745,Sara Ahmed,21/01/2024,Mouse,Electronics,456.43,,,Pakistan,456.43,1,Sara Ahmed,,21/01/2024
10746,Ahmed Raza,07/01/2024,Chair,Furniture,410.75,2,821.5,Pakistan,410.75,2,Ahmed Raza,821.5,07/01/2024
10747,Bilal Ahmed,13/01/2024,Phone,Electronics,365.65,-1,,Pakistan,365.65,1,Bilal Ahmed,,13/01/2024
10748,Hina Khan,06/01/2024,Monitor,Electronics,,,,Pakistan,507.98,1,Hina Khan,,06/01/2024
10750,Ali Khan,14/01/2024,Mouse,Electronics,448.18,4,1792.72,Pakistan,448.18,4,Ali Khan,1792.72,14/01/2024
10754,Sara Ahmed,18/01/2024,Monitor,Electronics,,,,Pakistan,507.98,1,Sara Ahmed,,18/01/2024
10755,Ahmed Raza,09/01/2024,Mouse,Electronics,825.58,4,3302.32,Pakistan,825.58,4,Ahmed Raza,3302.32,09/01/2024
10757,Ahmed Raza,23/01/2024,Headphones,Electronics, ,3,,Pakistan,507.98,3,Ahmed Raza,,23/01/2024
10758,Ayesha Noor,04/01/2024,Chair,Furniture, ,2,,Pakistan,507.98,2,Ayesha Noor,,04/01/2024
10760,Ayesha Noor,08/01/2024,Headphones,Electronics,,,,Pakistan,507.98,1,Ayesha Noor,,08/01/2024
10761,Ahmed Raza,02/01/2024,Headphones,Electronics,99.35,-1,,Pakistan,99.35,1,Ahmed Raza,,02/01/2024
10762,,21/01/2024,Phone,Electronics, ,4,,Pakistan,507.98,4,Unknown,,21/01/2024
10763,Ayesha Noor,18/01/2024,Table,Furniture,,-1,,Pakistan,507.98,1,Ayesha Noor,,18/01/2024
10764,Sara Ahmed,07/01/2024,Table,Furniture,,,,Pakistan,507.98,1,Sara Ahmed,,07/01/2024
10765,Ayesha Noor,03/01/2024,Keyboard,Electronics, ,,,Pakistan,507.98,1,Ayesha Noor,,03/01/2024
10767,Bilal Ahmed,06/01/2024,Phone,Electronics,571.60,3,1714.8,Pakistan,571.60,3,Bilal Ahmed,1714.8,06/01/2024
10768,Ahmed Raza,16/01/2024,Laptop,Electronics,,4,,Pakistan,507.98,4,Ahmed Raza,,16/01/2024
10769,,06/01/2024,Headphones,Electronics,,4,,Pakistan,507.98,4,Unknown,,06/01/2024
10770,Usman Ali,18/01/2024,Mouse,Electronics,662.71,-1,,Pakistan,662.71,1,Usman Ali,,18/01/2024
10771,Ayesha Noor,22/01/2024,Headphones,Electronics,,4,,Pakistan,507.98,4,Ayesha Noor,,22/01/2024
10772,Usman Ali,11/01/2024,Table,Furniture,,-1,,Pakistan,507.98,1,Usman Ali,,11/01/2024
10773,Usman Ali,19/01/2024,Headphones,Electronics,,1,,Pakistan,507.98,1,Usman Ali,,19/01/2024
10775,Ahmed Raza,04/01/2024,Headphones,Electronics,257.70,,,Pakistan,257.70,1,Ahmed Raza,,04/01/2024
10776,Ayesha Noor,16/01/2024,Monitor,Electronics,29.41,-1,,Pakistan,29.41,1,Ayesha Noor,,16/01/2024
10777,Ayesha Noor,23/01/2024,Phone,Electronics, ,,,Pakistan,507.98,1,Ayesha Noor,,23/01/2024
10780,Ali Khan,20/01/2024,Laptop,Electronics, ,3,,Pakistan,507.98,3,Ali Khan,,20/01/2024
10781,Hina Khan,16/01/2024,Headphones,Electronics,597.90,-1,,Pakistan,597.90,1,Hina Khan,,16/01/2024
10783,Usman Ali,25/01/2024,Monitor,Electronics, ,-1,,Pakistan,507.98,1,Usman Ali,,25/01/2024
10784,Sara Ahmed,02/01/2024,Table,Furniture,174.13,-1,,Pakistan,174.13,1,Sara Ahmed,,02/01/2024
10787,Bilal Ahmed,26/01/2024,Table,Furniture, ,-1,,Pakistan,507.98,1,Bilal Ahmed,,26/01/2024
10788,Ayesha Noor,22/01/2024,Laptop,Electronics, ,-1,,Pakistan,507.98,1,Ayesha Noor,,22/01/2024
10789,,06/01/2024,Chair,Furniture,,4,,Pakistan,507.98,4,Unknown,,06/01/2024
10790,,08/01/2024,Table,Furniture,907.66,3,2722.98,Pakistan,907.66,3,Unknown,2722.98,08/01/2024
10792,,30/01/2024,Keyboard,Electronics,,-1,,Pakistan,507.98,1,Unknown,,30/01/2024
10793,,25/01/2024,Chair,Furniture,649.45,3,1948.35,Pakistan,649.45,3,Unknown,1948.35,25/01/2024
10794,,09/01/2024,Mouse,Electronics,714.36,-1,,Pakistan,714.36,1,Unknown,,09/01/2024
10796,,11/01/2024,Laptop,Electronics, ,2,,Pakistan,507.98,2,Unknown,,11/01/2024
10797,Ayesha Noor,14/01/2024,Headphones,Electronics,495.53,2,991.06,Pakistan,495.53,2,Ayesha Noor,991.06,14/01/2024
10799,,16/01/2024,Mouse,Electronics, ,,,Pakistan,507.98,1,Unknown,,16/01/2024
10800,Bilal Ahmed,10/01/2024,Keyboard,Electronics,,,,Pakistan,507.98,1,Bilal Ahmed,,10/01/2024
10801,Usman Ali,22/01/2024,Mouse,Electronics,719.02,2,1438.04,Pakistan,719.02,2,Usman Ali,1438.04,22/01/2024
10802,Hina Khan,27/01/2024,Mouse,Electronics,547.37,2,1094.74,Pakistan,547.37,2,Hina Khan,1094.74,27/01/2024
10804,Ayesha Noor,13/01/2024,Keyboard,Electronics, ,,,Pakistan,507.98,1,Ayesha Noor,,13/01/2024
10805,Usman Ali,22/01/2024,Keyboard,Electronics,,-1,,Pakistan,507.98,1,Usman Ali,,22/01/2024
10807,Sara Ahmed,30/01/2024,Table,Furniture,144.75,1,144.75,Pakistan,144.75,1,Sara Ahmed,144.75,30/01/2024
10808,Usman Ali,30/01/2024,Headphones,Electronics,892.76,-1,,Pakistan,892.76,1,Usman Ali,,30/01/2024
10809,Ayesha Noor,14/01/2024,Headphones,Electronics,306.30,2,612.6,Pakistan,306.30,2,Ayesha Noor,612.6,14/01/2024
10810,Ali Khan,17/01/2024,Chair,Furniture, ,,,Pakistan,507.98,1,Ali Khan,,17/01/2024
10812,Ali Khan,08/01/2024,Table,Furniture, ,-1,,Pakistan,507.98,1,Ali Khan,,08/01/2024
10813,Sara Ahmed,26/01/2024,Mouse,Electronics,598.00,4,2392,Pakistan,598.00,4,Sara Ahmed,2392,26/01/2024
10814,Sara Ahmed,24/01/2024,Table,Furniture,931.27,,,Pakistan,931.27,1,Sara Ahmed,,24/01/2024
10818,Ayesha Noor,01/01/2024,Chair,Furniture, ,4,,Pakistan,507.98,4,Ayesha Noor,,01/01/2024
10819,Bilal Ahmed,04/01/2024,Mouse,Electronics,,1,,Pakistan,507.98,1,Bilal Ahmed,,04/01/2024
10820,Hina Khan,23/01/2024,Laptop,Electronics,795.36,1,795.36,Pakistan,795.36,1,Hina Khan,795.36,23/01/2024
10821,,15/01/2024,Monitor,Electronics,,,,Pakistan,507.98,1,Unknown,,15/01/2024
10822,Ali Khan,15/01/2024,Phone,Electronics, ,1,,Pakistan,507.98,1,Ali Khan,,15/01/2024
10823,Usman Ali,21/01/2024,Phone,Electronics,,,,Pakistan,507.98,1,Usman Ali,,21/01/2024
10824,Usman Ali,21/01/2024,Chair,Furniture,502.36,,,Pakistan,502.36,1,Usman Ali,,21/01/2024
10825,,09/01/2024,Headphones,Electronics,823.41,-1,,Pakistan,823.41,1,Unknown,,09/01/2024
10827,Sara Ahmed,25/01/2024,Laptop,Electronics, ,-1,,Pakistan,507.98,1,Sara Ahmed,,25/01/2024
10829,Ahmed Raza,28/01/2024,Chair,Furniture, ,4,,Pakistan,507.98,4,Ahmed Raza,,28/01/2024
10832,Usman Ali,19/01/2024,Keyboard,Electronics,378.86,2,757.72,Pakistan,378.86,2,Usman Ali,757.72,19/01/2024
10833,Usman Ali,08/01/2024,Monitor,Electronics, ,,,Pakistan,507.98,1,Usman Ali,,08/01/2024
10834,Ali Khan,22/01/2024,Headphones,Electronics,382.07,,,Pakistan,382.07,1,Ali Khan,,22/01/2024
10835,Ayesha Noor,21/01/2024,Laptop,Electronics,,,,Pakistan,507.98,1,Ayesha Noor,,21/01/2024
10836,Hina Khan,07/01/2024,Headphones,Electronics,204.50,1,204.5,Pakistan,204.50,1,Hina Khan,204.5,07/01/2024
10837,Usman Ali,11/01/2024,Monitor,Electronics,587.31,1,587.31,Pakistan,587.31,1,Usman Ali,587.31,11/01/2024
10838,Bilal Ahmed,06/01/2024,Monitor,Electronics, ,-1,,Pakistan,507.98,1,Bilal Ahmed,,06/01/2024
10839,Hina Khan,26/01/2024,Keyboard,Electronics,31.22,,,Pakistan,31.22,1,Hina Khan,,26/01/2024
10840,Sara Ahmed,28/01/2024,Chair,Furniture,,2,,Pakistan,507.98,2,Sara Ahmed,,28/01/2024
10842,Ahmed Raza,04/01/2024,Mouse,Electronics, ,4,,Pakistan,507.98,4,Ahmed Raza,,04/01/2024
10843,Sara Ahmed,08/01/2024,Laptop,Electronics,,2,,Pakistan,507.98,2,Sara Ahmed,,08/01/2024
10844,Usman Ali,14/01/2024,Headphones,Electronics,451.28,,,Pakistan,451.28,1,Usman Ali,,14/01/2024
10846,Usman Ali,16/01/2024,Keyboard,Electronics, ,-1,,Pakistan,507.98,1,Usman Ali,,16/01/2024
10848,,17/01/2024,Laptop,Electronics,,,,Pakistan,507.98,1,Unknown,,17/01/2024
10851,Bilal Ahmed,10/01/2024,Keyboard,Electronics,224.14,-1,,Pakistan,224.14,1,Bilal Ahmed,,10/01/2024
10852,Ali Khan,03/01/2024,Table,Furniture,641.46,1,641.46,Pakistan,641.46,1,Ali Khan,641.46,03/01/2024
10853,Bilal Ahmed,05/01/2024,Phone,Electronics,647.19,-1,,Pakistan,647.19,1,Bilal Ahmed,,05/01/2024
10854,Usman Ali,06/01/2024,Laptop,Electronics, ,,,Pakistan,507.98,1,Usman Ali,,06/01/2024
10856,Hina Khan,07/01/2024,Table,Furniture,,-1,,Pakistan,507.98,1,Hina Khan,,07/01/2024
10857,Ayesha Noor,19/01/2024,Phone,Electronics,,1,,Pakistan,507.98,1,Ayesha Noor,,19/01/2024
10859,Ali Khan,20/01/2024,Headphones,Electronics, ,2,,Pakistan,507.98,2,Ali Khan,,20/01/2024
10861,Ayesha Noor,02/01/2024,Monitor,Electronics,400.10,-1,,Pakistan,400.10,1,Ayesha Noor,,02/01/2024
10862,Usman Ali,20/01/2024,Mouse,Electronics,,,,Pakistan,507.98,1,Usman Ali,,20/01/2024
10863,Ayesha Noor,14/01/2024,Laptop,Electronics,,4,,Pakistan,507.98,4,Ayesha Noor,,14/01/2024
10864,Ali Khan,17/01/2024,Laptop,Electronics,,,,Pakistan,507.98,1,Ali Khan,,17/01/2024
10865,Sara Ahmed,27/01/2024,Laptop,Electronics,,2,,Pakistan,507.98,2,Sara Ahmed,,27/01/2024
10866,Usman Ali,27/01/2024,Mouse,Electronics, ,4,,Pakistan,507.98,4,Usman Ali,,27/01/2024
10867,Sara Ahmed,18/01/2024,Mouse,Electronics, ,,,Pakistan,507.98,1,Sara Ahmed,,18/01/2024
10869,,16/01/2024,Headphones,Electronics,,-1,,Pakistan,507.98,1,Unknown,,16/01/2024
10870,Hina Khan,06/01/2024,Phone,Electronics,,,,Pakistan,507.98,1,Hina Khan,,06/01/2024
10872,Bilal Ahmed,17/01/2024,Headphones,Electronics,,3,,Pakistan,507.98,3,Bilal Ahmed,,17/01/2024
10873,Ali Khan,26/01/2024,Chair,Furniture, ,1,,Pakistan,507.98,1,Ali Khan,,26/01/2024
10874,Hina Khan,07/01/2024,Monitor,Electronics,,-1,,Pakistan,507.98,1,Hina Khan,,07/01/2024
10875,Usman Ali,09/01/2024,Headphones,Electronics,,,,Pakistan,507.98,1,Usman Ali,,09/01/2024
10876,Bilal Ahmed,28/01/2024,Table,Furniture, ,,,Pakistan,507.98,1,Bilal Ahmed,,28/01/2024
10877,Ayesha Noor,01/01/2024,Table,Furniture,,,,Pakistan,507.98,1,Ayesha Noor,,01/01/2024
10878,Usman Ali,04/01/2024,Keyboard,Electronics, ,-1,,Pakistan,507.98,1,Usman Ali,,04/01/2024
10879,,08/01/2024,Laptop,Electronics, ,-1,,Pakistan,507.98,1,Unknown,,08/01/2024
10881,Ahmed Raza,21/01/2024,Headphones,Electronics,644.18,,,Pakistan,644.18,1,Ahmed Raza,,21/01/2024
10882,Ayesha Noor,03/01/2024,Headphones,Electronics,,2,,Pakistan,507.98,2,Ayesha Noor,,03/01/2024
10884,Usman Ali,18/01/2024,Laptop,Electronics, ,,,Pakistan,507.98,1,Usman Ali,,18/01/2024
10885,Sara Ahmed,23/01/2024,Mouse,Electronics,333.04,2,666.08,Pakistan,333.04,2,Sara Ahmed,666.08,23/01/2024
10886,Sara Ahmed,27/01/2024,Phone,Electronics, ,,,Pakistan,507.98,1,Sara Ahmed,,27/01/2024
10887,Bilal Ahmed,09/01/2024,Chair,Furniture,,-1,,Pakistan,507.98,1,Bilal Ahmed,,09/01/2024
10888,Ayesha Noor,17/01/2024,Phone,Electronics,611.87,2,1223.74,Pakistan,611.87,2,Ayesha Noor,1223.74,17/01/2024
10891,Usman Ali,23/01/2024,Mouse,Electronics, ,,,Pakistan,507.98,1,Usman Ali,,23/01/2024
10893,Hina Khan,17/01/2024,Phone,Electronics,,,,Pakistan,507.98,1,Hina Khan,,17/01/2024
10894,Bilal Ahmed,18/01/2024,Headphones,Electronics, ,-1,,Pakistan,507.98,1,Bilal Ahmed,,18/01/2024
10896,Sara Ahmed,22/01/2024,Monitor,Electronics,,,,Pakistan,507.98,1,Sara Ahmed,,22/01/2024
10897,Ayesha Noor,16/01/2024,Table,Furniture,329.50,,,Pakistan,329.50,1,Ayesha Noor,,16/01/2024
10898,Ali Khan,29/01/2024,Headphones,Electronics, ,-1,,Pakistan,507.98,1,Ali Khan,,29/01/2024
10899,Ayesha Noor,06/01/2024,Phone,Electronics,949.28,-1,,Pakistan,949.28,1,Ayesha Noor,,06/01/2024
10900,,07/01/2024,Monitor,Electronics, ,1,,Pakistan,507.98,1,Unknown,,07/01/2024
10901,Ali Khan,26/01/2024,Laptop,Electronics,,,,Pakistan,507.98,1,Ali Khan,,26/01/2024
10902,,15/01/2024,Mouse,Electronics, ,4,,Pakistan,507.98,4,Unknown,,15/01/2024
10903,Ayesha Noor,30/01/2024,Keyboard,Electronics,47.61,-1,,Pakistan,47.61,1,Ayesha Noor,,30/01/2024
10904,Ali Khan,19/01/2024,Monitor,Electronics, ,,,Pakistan,507.98,1,Ali Khan,,19/01/2024
10905,Bilal Ahmed,12/01/2024,Table,Furniture,,-1,,Pakistan,507.98,1,Bilal Ahmed,,12/01/2024
10907,Ayesha Noor,21/01/2024,Headphones,Electronics, ,2,,Pakistan,507.98,2,Ayesha Noor,,21/01/2024
10909,Ali Khan,11/01/2024,Chair,Furniture,,3,,Pakistan,507.98,3,Ali Khan,,11/01/2024
10910,Ahmed Raza,20/01/2024,Laptop,Electronics, ,-1,,Pakistan,507.98,1,Ahmed Raza,,20/01/2024
10911,Ahmed Raza,26/01/2024,Headphones,Electronics,,,,Pakistan,507.98,1,Ahmed Raza,,26/01/2024
10912,Sara Ahmed,02/01/2024,Monitor,Electronics, ,,,Pakistan,507.98,1,Sara Ahmed,,02/01/2024
10914,Hina Khan,22/01/2024,Headphones,Electronics, ,-1,,Pakistan,507.98,1,Hina Khan,,22/01/2024
10916,,12/01/2024,Mouse,Electronics, ,,,Pakistan,507.98,1,Unknown,,12/01/2024
10917,Hina Khan,24/01/2024,Mouse,Electronics,821.92,,,Pakistan,821.92,1,Hina Khan,,24/01/2024
10919,Bilal Ahmed,20/01/2024,Mouse,Electronics,,2,,Pakistan,507.98,2,Bilal Ahmed,,20/01/2024
10922,Usman Ali,18/01/2024,Chair,Furniture, ,,,Pakistan,507.98,1,Usman Ali,,18/01/2024
10924,Sara Ahmed,07/01/2024,Chair,Furniture,321.21,1,321.21,Pakistan,321.21,1,Sara Ahmed,321.21,07/01/2024
10925,,07/01/2024,Keyboard,Electronics, ,,,Pakistan,507.98,1,Unknown,,07/01/2024
10927,Ayesha Noor,01/01/2024,Keyboard,Electronics, ,-1,,Pakistan,507.98,1,Ayesha Noor,,01/01/2024
10928,Ali Khan,13/01/2024,Laptop,Electronics,127.40,1,127.4,Pakistan,127.40,1,Ali Khan,127.4,13/01/2024
10929,Ali Khan,09/01/2024,Headphones,Electronics, ,,,Pakistan,507.98,1,Ali Khan,,09/01/2024
10930,Ali Khan,22/01/2024,Chair,Furniture, ,-1,,Pakistan,507.98,1,Ali Khan,,22/01/2024
10931,Ahmed Raza,08/01/2024,Monitor,Electronics,486.93,2,973.86,Pakistan,486.93,2,Ahmed Raza,973.86,08/01/2024
10932,,02/01/2024,Mouse,Electronics, ,1,,Pakistan,507.98,1,Unknown,,02/01/2024
10933,,02/01/2024,Mouse,Electronics,206.81,3,620.43,Pakistan,206.81,3,Unknown,620.43,02/01/2024
10934,Usman Ali,02/01/2024,Laptop,Electronics, ,,,Pakistan,507.98,1,Usman Ali,,02/01/2024
10935,Hina Khan,22/01/2024,Keyboard,Electronics,,,,Pakistan,507.98,1,Hina Khan,,22/01/2024
10936,Sara Ahmed,06/01/2024,Keyboard,Electronics,,,,Pakistan,507.98,1,Sara Ahmed,,06/01/2024
10937,,25/01/2024,Table,Furniture, ,1,,Pakistan,507.98,1,Unknown,,25/01/2024
10938,Hina Khan,13/01/2024,Headphones,Electronics,,,,Pakistan,507.98,1,Hina Khan,,13/01/2024
10939,Ayesha Noor,29/01/2024,Headphones,Electronics,,1,,Pakistan,507.98,1,Ayesha Noor,,29/01/2024
10940,,20/01/2024,Chair,Furniture,738.48,,,Pakistan,738.48,1,Unknown,,20/01/2024
10941,Ayesha Noor,11/01/2024,Phone,Electronics,,,,Pakistan,507.98,1,Ayesha Noor,,11/01/2024
10942,Sara Ahmed,28/01/2024,Headphones,Electronics,356.56,2,713.12,Pakistan,356.56,2,Sara Ahmed,713.12,28/01/2024
10943,Hina Khan,11/01/2024,Mouse,Electronics, ,-1,,Pakistan,507.98,1,Hina Khan,,11/01/2024
10945,Hina Khan,01/01/2024,Chair,Furniture,405.45,-1,,Pakistan,405.45,1,Hina Khan,,01/01/2024
10948,Ali Khan,05/01/2024,Phone,Electronics,,,,Pakistan,507.98,1,Ali Khan,,05/01/2024
10949,Hina Khan,19/01/2024,Phone,Electronics, ,,,Pakistan,507.98,1,Hina Khan,,19/01/2024
10950,,11/01/2024,Laptop,Electronics, ,,,Pakistan,507.98,1,Unknown,,11/01/2024
10952,Sara Ahmed,26/01/2024,Phone,Electronics,,3,,Pakistan,507.98,3,Sara Ahmed,,26/01/2024
10953,Bilal Ahmed,30/01/2024,Table,Furniture,809.50,-1,,Pakistan,809.50,1,Bilal Ahmed,,30/01/2024
10954,Bilal Ahmed,30/01/2024,Chair,Furniture, ,,,Pakistan,507.98,1,Bilal Ahmed,,30/01/2024
10955,Ali Khan,15/01/2024,Table,Furniture,,4,,Pakistan,507.98,4,Ali Khan,,15/01/2024
10956,Ali Khan,27/01/2024,Mouse,Electronics,,4,,Pakistan,507.98,4,Ali Khan,,27/01/2024
10957,Hina Khan,07/01/2024,Keyboard,Electronics,,1,,Pakistan,507.98,1,Hina Khan,,07/01/2024
10958,Bilal Ahmed,18/01/2024,Chair,Furniture,760.42,2,1520.84,Pakistan,760.42,2,Bilal Ahmed,1520.84,18/01/2024
10959,Bilal Ahmed,27/01/2024,Chair,Furniture,,-1,,Pakistan,507.98,1,Bilal Ahmed,,27/01/2024
10960,Sara Ahmed,01/01/2024,Laptop,Electronics,284.10,-1,,Pakistan,284.10,1,Sara Ahmed,,01/01/2024
10961,,25/01/2024,Phone,Electronics,,3,,Pakistan,507.98,3,Unknown,,25/01/2024
10962,,22/01/2024,Laptop,Electronics,,2,,Pakistan,507.98,2,Unknown,,22/01/2024
10963,,04/01/2024,Mouse,Electronics,224.10,-1,,Pakistan,224.10,1,Unknown,,04/01/2024
10964,Bilal Ahmed,08/01/2024,Phone,Electronics,,-1,,Pakistan,507.98,1,Bilal Ahmed,,08/01/2024
10965,Hina Khan,09/01/2024,Laptop,Electronics, ,3,,Pakistan,507.98,3,Hina Khan,,09/01/2024
10966,Ayesha Noor,01/01/2024,Headphones,Electronics,,-1,,Pakistan,507.98,1,Ayesha Noor,,01/01/2024
10968,Sara Ahmed,16/01/2024,Monitor,Electronics, ,,,Pakistan,507.98,1,Sara Ahmed,,16/01/2024
10969,Ahmed Raza,21/01/2024,Phone,Electronics,,,,Pakistan,507.98,1,Ahmed Raza,,21/01/2024
10971,Ahmed Raza,24/01/2024,Monitor,Electronics, ,,,Pakistan,507.98,1,Ahmed Raza,,24/01/2024
10972,Sara Ahmed,27/01/2024,Keyboard,Electronics,,,,Pakistan,507.98,1,Sara Ahmed,,27/01/2024
10973,Bilal Ahmed,25/01/2024,Laptop,Electronics, ,1,,Pakistan,507.98,1,Bilal Ahmed,,25/01/2024
10974,Sara Ahmed,30/01/2024,Table,Furniture,998.74,2,1997.48,Pakistan,998.74,2,Sara Ahmed,1997.48,30/01/2024
10975,,21/01/2024,Keyboard,Electronics,,,,Pakistan,507.98,1,Unknown,,21/01/2024
10976,Ali Khan,13/01/2024,Phone,Electronics,,2,,Pakistan,507.98,2,Ali Khan,,13/01/2024
10977,Ahmed Raza,03/01/2024,Laptop,Electronics, ,,,Pakistan,507.98,1,Ahmed Raza,,03/01/2024
10978,Bilal Ahmed,11/01/2024,Table,Furniture,274.22,4,1096.88,Pakistan,274.22,4,Bilal Ahmed,1096.88,11/01/2024
10979,Ayesha Noor,22/01/2024,Phone,Electronics,,-1,,Pakistan,507.98,1,Ayesha Noor,,22/01/2024
10980,Bilal Ahmed,04/01/2024,Table,Furniture, ,-1,,Pakistan,507.98,1,Bilal Ahmed,,04/01/2024
10981,Ayesha Noor,21/01/2024,Headphones,Electronics,627.26,,,Pakistan,627.26,1,Ayesha Noor,,21/01/2024
10982,Ayesha Noor,26/01/2024,Chair,Furniture, ,3,,Pakistan,507.98,3,Ayesha Noor,,26/01/2024
10984,Bilal Ahmed,15/01/2024,Chair,Furniture, ,4,,Pakistan,507.98,4,Bilal Ahmed,,15/01/2024
10986,Usman Ali,01/01/2024,Headphones,Electronics,838.05,,,Pakistan,838.05,1,Usman Ali,,01/01/2024
10987,Bilal Ahmed,18/01/2024,Phone,Electronics, ,1,,Pakistan,507.98,1,Bilal Ahmed,,18/01/2024
10988,Ali Khan,15/01/2024,Headphones,Electronics,,1,,Pakistan,507.98,1,Ali Khan,,15/01/2024
10989,Usman Ali,24/01/2024,Mouse,Electronics, ,,,Pakistan,507.98,1,Usman Ali,,24/01/2024
10992,Ayesha Noor,10/01/2024,Headphones,Electronics,,2,,Pakistan,507.98,2,Ayesha Noor,,10/01/2024
10994,Sara Ahmed,17/01/2024,Keyboard,Electronics,565.89,,,Pakistan,565.89,1,Sara Ahmed,,17/01/2024
10995,,13/01/2024,Phone,Electronics,,,,Pakistan,507.98,1,Unknown,,13/01/2024
10996,,19/01/2024,Chair,Furniture,679.97,1,679.97,Pakistan,679.97,1,Unknown,679.97,19/01/2024
10998,Ali Khan,15/01/2024,Table,Furniture,127.58,-1,,Pakistan,127.58,1,Ali Khan,,15/01/2024
,,,,,,,,,507.84,1,Unknown,,
